"SCHOOL_DISTRICT_NUMBER","SCHOOL_DISTRICT_NAME","year","GRADE","NUMBER_WRITERS","AVG_SCORE","AVG_SCORE_Z","MEDIAN_SCORE","STDEV_SCORE","PROVINCE_AVG","PROVINCE_SD","pm25","burned_ha","fire_count"
5,"Southeast Kootenay",2017,"04","396",420.9338,0.227443958226112,446,137.5929,369.7585,225.0018,14.6904441356659,55827,31
5,"Southeast Kootenay",2017,"07","407",398.3034,0.144921864843653,415,138.8085,365.4176,226.9209,14.6904441356659,55827,31
5,"Southeast Kootenay",2018,"04","388",397.5348,0.156706285462064,440,175.1103,361.6057,229.2767,12.6376718997955,28982,28
5,"Southeast Kootenay",2018,"07","396",385.0852,0.122797731503708,416,160.7237,356.6422,231.6248,12.6376718997955,28982,28
5,"Southeast Kootenay",2019,"04","393",382.6047,0.0677213998394079,434,186.1208,366.7404,234.2583,3.48403811454773,98,8
5,"Southeast Kootenay",2019,"07","407",390.6504,0.143689428706904,413.5,158.135,357.1648,233.0415,3.48403811454773,98,8
5,"Southeast Kootenay",2020,"04","335",377.9519,0.154215009618038,437,202.4505,338.5485,255.5095,6.66846604347229,7210,7
5,"Southeast Kootenay",2020,"07","359",334.7024,0.0635129222843593,404,199.6314,318.5741,253.9373,6.66846604347229,7210,7
5,"Southeast Kootenay",2021,"04","324",435.2463,-0.489996863607811,428.1828,96.2244,490.3953,112.5497,10.5459211349487,15992,18
5,"Southeast Kootenay",2021,"07","356",412.8137,-0.518254989251316,420.5778,102.6439,474.0476,118.154,10.5459211349487,15992,18
5,"Southeast Kootenay",2022,"04","347",433.5294,-0.410259713536774,429.92,99.159,479.387,111.777,6.76822457313538,5148,19
5,"Southeast Kootenay",2022,"07","446",413.6939,-0.475591592282125,409.4089,91.9227,468.296,114.8088,6.76822457313538,5148,19
5,"Southeast Kootenay",2023,"04","354",426.5533,-0.450791384663465,428.9039,95.4177,477.3267,112.6317,14.7323289871216,22729,19
5,"Southeast Kootenay",2023,"07","400",399.3926,-0.522653543928788,390.5723,97.1669,460.2924,116.5204,14.7323289871216,22729,19
5,"Southeast Kootenay",2024,"04","395",421.4889,-0.538509867111138,416.7062,97.1828,479.7736,108.2333,7.16253352165222,18549,13
5,"Southeast Kootenay",2024,"07","443",412.5784,-0.50814672010372,406.3452,89.8207,469.7227,112.4563,7.16253352165222,18549,13
6,"Rocky Mountain",2017,"04","268",453.2482,0.371062364834415,468,121.3503,369.7585,225.0018,13.1408330440521,56181,52
6,"Rocky Mountain",2017,"07","234",436.7976,0.314558949836705,468,143.0477,365.4176,226.9209,13.1408330440521,56181,52
6,"Rocky Mountain",2018,"04","272",451.1601,0.390595293808747,460,124.1724,361.6057,229.2767,11.2446471691132,45840,87
6,"Rocky Mountain",2018,"07","230",465.6639,0.470682327626403,484,129.6993,356.6422,231.6248,11.2446471691132,45840,87
6,"Rocky Mountain",2019,"04","284",458.0653,0.389847019294514,473,112.1745,366.7404,234.2583,2.75054051876068,52,7
6,"Rocky Mountain",2019,"07","268",467.1649,0.472019361358385,469,137.6802,357.1648,233.0415,2.75054051876068,52,7
6,"Rocky Mountain",2020,"04","227",463.7647,0.49006475297396,484,132.0698,338.5485,255.5095,5.47951946258545,8382,15
6,"Rocky Mountain",2020,"07","283",462.4007,0.566386269366493,489.5,147.7552,318.5741,253.9373,5.47951946258545,8382,15
6,"Rocky Mountain",2021,"04","270",463.0957,-0.242555955280201,462.1443,89.6347,490.3953,112.5497,12.7074829101562,29314,61
6,"Rocky Mountain",2021,"07","284",461.8496,-0.103238146825329,455.4678,99.1298,474.0476,118.154,12.7074829101562,29314,61
6,"Rocky Mountain",2022,"04","260",457.9122,-0.192121813968885,460.2238,84.5463,479.387,111.777,5.6676411151886,10771,57
6,"Rocky Mountain",2022,"07","289",467.5834,-0.00620684128742752,471.9677,95.5232,468.296,114.8088,5.6676411151886,10771,57
6,"Rocky Mountain",2023,"04","267",455.1988,-0.196462452400168,460.5193,91.9214,477.3267,112.6317,18.7983540534973,36201,53
6,"Rocky Mountain",2023,"07","255",438.5415,-0.186670316957374,442.5319,90.474,460.2924,116.5204,18.7983540534973,36201,53
6,"Rocky Mountain",2024,"04","244",459.7221,-0.185261837161021,457.8566,82.2295,479.7736,108.2333,9.13648838996887,50094,58
6,"Rocky Mountain",2024,"07","280",456.4447,-0.118072531285486,445.8446,90.5411,469.7227,112.4563,9.13648838996887,50094,58
8,"Kootenay Lake",2017,"04","301",360.7241,-0.0401525676683476,426,204.1835,369.7585,225.0018,11.7619645118713,16670,55
8,"Kootenay Lake",2017,"07","270",349.8125,-0.068768897003317,411.5,193.1341,365.4176,226.9209,11.7619645118713,16670,55
8,"Kootenay Lake",2018,"04","307",358.6796,-0.012762308599173,427,204.0386,361.6057,229.2767,12.8882201194763,44225,79
8,"Kootenay Lake",2018,"07","313",352.2088,-0.019140437466109,406.5,193.9333,356.6422,231.6248,12.8882201194763,44225,79
8,"Kootenay Lake",2019,"04","279",395.2917,0.121879566273639,454.5,202.501,366.7404,234.2583,3.2307345867157,95,7
8,"Kootenay Lake",2019,"07","320",355.15,-0.00864567040634409,416.5,199.9366,357.1648,233.0415,3.2307345867157,95,7
8,"Kootenay Lake",2020,"04","249",328.7547,-0.0383304730352491,418,248.2504,338.5485,255.5095,6.74480419158936,9613,16
8,"Kootenay Lake",2020,"07","297",344.5305,0.102215783187425,413,221.5491,318.5741,253.9373,6.74480419158936,9613,16
8,"Kootenay Lake",2021,"04","254",466.8597,-0.209112951878148,475.6148,102.9993,490.3953,112.5497,15.547477722168,68133,52
8,"Kootenay Lake",2021,"07","329",419.4993,-0.461671208761447,424.1544,107.492,474.0476,118.154,15.547477722168,68133,52
8,"Kootenay Lake",2022,"04","322",446.5595,-0.29368743122467,455.4572,101.3357,479.387,111.777,7.2078902721405,9122,50
8,"Kootenay Lake",2022,"07","294",423.7428,-0.388064329563587,420.3146,95.8154,468.296,114.8088,7.2078902721405,9122,50
8,"Kootenay Lake",2023,"04","291",446.2221,-0.276162039638929,449.4353,107.2321,477.3267,112.6317,16.8395694732666,19041,42
8,"Kootenay Lake",2023,"07","356",441.7334,-0.159276830494917,454.3759,107.6374,460.2924,116.5204,16.8395694732666,19041,42
8,"Kootenay Lake",2024,"04","289",459.3902,-0.188328361049695,468.8878,94.2599,479.7736,108.2333,9.20313897132874,37880,63
8,"Kootenay Lake",2024,"07","300",452.542,-0.152776678585371,444.6737,99.2046,469.7227,112.4563,9.20313897132874,37880,63
10,"Arrow Lakes",2017,"04","Msk",387.4815,0.0787682587428187,488,225.9837,369.7585,225.0018,10.9250835418701,12422,35
10,"Arrow Lakes",2017,"07","Msk",297.2,-0.300622816144304,329,232.3532,365.4176,226.9209,10.9250835418701,12422,35
10,"Arrow Lakes",2018,"04","28",369.9444,0.0363695918512433,455,226.3976,361.6057,229.2767,11.3472407341003,23568,74
10,"Arrow Lakes",2018,"07","31",397.1053,0.174692433625415,477,209.2674,356.6422,231.6248,11.3472407341003,23568,74
10,"Arrow Lakes",2019,"04","30",417.7143,0.217596985891215,486,189.5061,366.7404,234.2583,3.53605999946594,12,3
10,"Arrow Lakes",2019,"07","38",405.1087,0.205731168053759,467,206.3008,357.1648,233.0415,3.53605999946594,12,3
10,"Arrow Lakes",2020,"04","24",359.0857,0.0803774419346442,456,263.5844,338.5485,255.5095,6.31125683784485,2446,12
10,"Arrow Lakes",2020,"07","25",331.5263,0.0510055041145984,443,252.9637,318.5741,253.9373,6.31125683784485,2446,12
10,"Arrow Lakes",2021,"04","24",465.0215,-0.225445292168704,468.8816,90.1754,490.3953,112.5497,15.6980261325836,73236,52
10,"Arrow Lakes",2021,"07","30",472.2428,-0.015274980110703,491.5051,88.2193,474.0476,118.154,15.6980261325836,73236,52
10,"Arrow Lakes",2022,"04","41",482.9377,0.0317659268006836,472.6257,90.9027,479.387,111.777,5.26500639915466,6812,47
10,"Arrow Lakes",2022,"07","34",465.4505,-0.0247846854944918,488.2801,90.4296,468.296,114.8088,5.26500639915466,6812,47
10,"Arrow Lakes",2023,"04","36",498.1172,0.184588353012518,494.5229,82.1094,477.3267,112.6317,16.5972396850586,9643,40
10,"Arrow Lakes",2023,"07","29",488.0373,0.238111952928415,520.6046,111.8957,460.2924,116.5204,16.5972396850586,9643,40
10,"Arrow Lakes",2024,"04","38",464.2687,-0.143254432785473,465.2165,82.7829,479.7736,108.2333,9.42887034416199,38037,61
10,"Arrow Lakes",2024,"07","32",442.1583,-0.245112101322914,419.5234,104.6118,469.7227,112.4563,9.42887034416199,38037,61
19,"Revelstoke",2017,"04","50",379.2857,0.0423427723689321,455,210.1921,369.7585,225.0018,11.9732576847076,6459,32
19,"Revelstoke",2017,"07","63",398.6494,0.146446625233727,462,216.6968,365.4176,226.9209,11.9732576847076,6459,32
19,"Revelstoke",2018,"04","76",444.4512,0.361334143417102,476,154.3991,361.6057,229.2767,10.9126792907715,23843,100
19,"Revelstoke",2018,"07","73",397.5,0.176396482587357,440.5,177.1198,356.6422,231.6248,10.9126792907715,23843,100
19,"Revelstoke",2019,"04","63",440.9855,0.316936902555854,455,163.4776,366.7404,234.2583,3.46162595748901,5,1
19,"Revelstoke",2019,"07","67",448.8,0.393214084186722,496,179.8963,357.1648,233.0415,3.46162595748901,5,1
19,"Revelstoke",2020,"04","77",453.3176,0.449177427845149,489,171.8003,338.5485,255.5095,4.79527943134308,143,10
19,"Revelstoke",2020,"07","57",457.619,0.54755603056345,490,177.8365,318.5741,253.9373,4.79527943134308,143,10
19,"Revelstoke",2021,"04","72",470.855,-0.173614856370119,469.0495,101.0485,490.3953,112.5497,14.5482980251312,46165,75
19,"Revelstoke",2021,"07","71",507.8901,0.286427035902297,515.9012,113.6899,474.0476,118.154,14.5482980251312,46165,75
19,"Revelstoke",2022,"04","99",511.5918,0.288116517709368,522.108,91.8424,479.387,111.777,5.62478404045105,2593,41
19,"Revelstoke",2022,"07","77",512.1172,0.381688511682032,516.0156,92.1683,468.296,114.8088,5.62478404045105,2593,41
19,"Revelstoke",2023,"04","92",496.8447,0.173290467958843,504.0633,103.1459,477.3267,112.6317,18.3709336280823,11370,48
19,"Revelstoke",2023,"07","91",490.4037,0.25842084304551,493.8277,100.7997,460.2924,116.5204,18.3709336280823,11370,48
19,"Revelstoke",2024,"04","79",505.6035,0.238650212088147,506.9646,77.64,479.7736,108.2333,8.9071063041687,11890,70
19,"Revelstoke",2024,"07","82",467.8373,-0.0167656236244652,466.0305,90.3843,469.7227,112.4563,8.9071063041687,11890,70
20,"Kootenay-Columbia",2017,"04","132",216.3659,-0.681739434973409,0,240.956,369.7585,225.0018,12.9097713470459,5035,15
20,"Kootenay-Columbia",2017,"07","150",245.1474,-0.530009355682971,261,244.9145,365.4176,226.9209,12.9097713470459,5035,15
20,"Kootenay-Columbia",2018,"04","136",226.7722,-0.58808199873777,0,243.6712,361.6057,229.2767,16.2485754013062,20963,34
20,"Kootenay-Columbia",2018,"07","144",220.6041,-0.587320960449831,0,234.0114,356.6422,231.6248,16.2485754013062,20963,34
20,"Kootenay-Columbia",2019,"04","124",207.8582,-0.678235093484414,0,244.8783,366.7404,234.2583,4.16724553108215,1,1
20,"Kootenay-Columbia",2019,"07","136",200.5947,-0.671855012948338,0,230.6027,357.1648,233.0415,4.16724553108215,1,1
20,"Kootenay-Columbia",2020,"04","309",424.3138,0.335663840287739,447,171.5709,338.5485,255.5095,7.39576601982117,1247,4
20,"Kootenay-Columbia",2020,"07","267",408.7492,0.355107737224898,439,171.1579,318.5741,253.9373,7.39576601982117,1247,4
20,"Kootenay-Columbia",2021,"04","295",462.7544,-0.245588393394208,454.1222,90.2479,490.3953,112.5497,18.5052814006805,59490,23
20,"Kootenay-Columbia",2021,"07","252",457.7374,-0.138041877549639,466.291,106.7016,474.0476,118.154,18.5052814006805,59490,23
20,"Kootenay-Columbia",2022,"04","314",470.9272,-0.0756846220599942,470.0215,92.8618,479.387,111.777,6.62234983444214,2184,17
20,"Kootenay-Columbia",2022,"07","269",450.0691,-0.158758736264119,448.5495,100.1828,468.296,114.8088,6.62234983444214,2184,17
20,"Kootenay-Columbia",2023,"04","309",458.8519,-0.164028421838612,459.5878,97.4808,477.3267,112.6317,13.6168760299683,177,10
20,"Kootenay-Columbia",2023,"07","367",444.5468,-0.135131702259862,441.3577,98.6715,460.2924,116.5204,13.6168760299683,177,10
20,"Kootenay-Columbia",2024,"04","302",451.0752,-0.265153146028071,451.7767,101.1168,479.7736,108.2333,8.34203147888184,12396,21
20,"Kootenay-Columbia",2024,"07","331",451.5587,-0.161520519526251,451.9804,96.3479,469.7227,112.4563,8.34203147888184,12396,21
22,"Vernon",2017,"04","578",398.7214,0.128722970216238,433,178.5222,369.7585,225.0018,12.2126008033752,3629,25
22,"Vernon",2017,"07","587",411.705,0.203980329709604,440,157.181,365.4176,226.9209,12.2126008033752,3629,25
22,"Vernon",2018,"04","598",399.428,0.16496355713424,451,181.6904,361.6057,229.2767,11.6817746162415,20265,83
22,"Vernon",2018,"07","568",410.6698,0.233254815546522,452,167.0276,356.6422,231.6248,11.6817746162415,20265,83
22,"Vernon",2019,"04","538",400.9406,0.145993546439977,450,183.2503,366.7404,234.2583,4.01458821296692,45,6
22,"Vernon",2019,"07","590",419.6262,0.268026939407788,448,163.444,357.1648,233.0415,4.01458821296692,45,6
22,"Vernon",2020,"04","563",419.1448,0.315433672720584,474,193.3401,338.5485,255.5095,6.28643374443054,1425,14
22,"Vernon",2020,"07","586",417.1157,0.388054846609773,469,187.3899,318.5741,253.9373,6.28643374443054,1425,14
22,"Vernon",2021,"04","593",467.2585,-0.205569628350853,466.5616,96.5564,490.3953,112.5497,15.7710395812988,153797,64
22,"Vernon",2021,"07","649",452.986,-0.178255497063155,449.0674,98.9329,474.0476,118.154,15.7710395812988,153797,64
22,"Vernon",2022,"04","625",460.4236,-0.169653864390706,458.9813,95.0518,479.387,111.777,4.9795193195343,2588,36
22,"Vernon",2022,"07","616",438.5502,-0.259089895548076,438.0007,94.3013,468.296,114.8088,4.9795193195343,2588,36
22,"Vernon",2023,"04","609",465.0255,-0.109216144300406,467.9795,95.0256,477.3267,112.6317,12.9176139831543,61356,35
22,"Vernon",2023,"07","624",444.9858,-0.131364121647368,441.3493,96.2299,460.2924,116.5204,12.9176139831543,61356,35
22,"Vernon",2024,"04","618",456.7274,-0.212930770844093,464.6976,99.0085,479.7736,108.2333,8.05369272232056,5558,44
22,"Vernon",2024,"07","641",460.6319,-0.0808385123821431,456.5255,101.2093,469.7227,112.4563,8.05369272232056,5558,44
23,"Central Okanagan",2017,"04","1245",332.7934,-0.164288019029181,416,226.5752,369.7585,225.0018,12.4643644332886,8254,19
23,"Central Okanagan",2017,"07","1048",286.1175,-0.349461420257015,377,228.1123,365.4176,226.9209,12.4643644332886,8254,19
23,"Central Okanagan",2018,"04","1350",361.9404,0.00145980817065144,445,222.6969,361.6057,229.2767,11.4885717391968,6081,36
23,"Central Okanagan",2018,"07","1012",264.3178,-0.398594623719049,350,228.6274,356.6422,231.6248,11.4885717391968,6081,36
23,"Central Okanagan",2019,"04","1302",361.0569,-0.0242616803758929,438,218.5221,366.7404,234.2583,4.36650524139404,64,11
23,"Central Okanagan",2019,"07","1164",288.6106,-0.29417163895701,374,227.8355,357.1648,233.0415,4.36650524139404,64,11
23,"Central Okanagan",2020,"04","1362",375.101,0.143057303153112,451,225.3765,338.5485,255.5095,6.58173656463623,2187,12
23,"Central Okanagan",2020,"07","1276",304.6494,-0.0548351896314562,385,223.5066,318.5741,253.9373,6.58173656463623,2187,12
23,"Central Okanagan",2021,"04","1345",479.1913,-0.0995471333997337,478.3028,97.4213,490.3953,112.5497,14.0080027580261,96266,33
23,"Central Okanagan",2021,"07","1473",425.2182,-0.413269123347495,432.9135,110.3477,474.0476,118.154,14.0080027580261,96266,33
23,"Central Okanagan",2022,"04","1510",476.4939,-0.0258827844726554,475.8366,93.995,479.387,111.777,5.74871883392334,6519,14
23,"Central Okanagan",2022,"07","1478",416.3554,-0.45240957139174,415.1827,99.6507,468.296,114.8088,5.74871883392334,6519,14
23,"Central Okanagan",2023,"04","1508",469.0367,-0.0736027246325859,471.8844,96.6761,477.3267,112.6317,13.8244333267212,24385,24
23,"Central Okanagan",2023,"07","1465",419.2567,-0.352176099635772,419.2212,102.6548,460.2924,116.5204,13.8244333267212,24385,24
23,"Central Okanagan",2024,"04","1783",476.1735,-0.0332624063019422,479.0753,88.9733,479.7736,108.2333,7.09426536560059,2165,18
23,"Central Okanagan",2024,"07","1661",424.8076,-0.39940047823021,418.8598,94.5442,469.7227,112.4563,7.09426536560059,2165,18
27,"Cariboo-Chilcotin",2017,"04","323",399.3207,0.13138650446352,412,129.0022,369.7585,225.0018,24.699343919754,921725,71
27,"Cariboo-Chilcotin",2017,"07","310",385.1015,0.0867434423184466,404,140.4909,365.4176,226.9209,24.699343919754,921725,71
27,"Cariboo-Chilcotin",2018,"04","336",405.9368,0.19335196293387,431,151.377,361.6057,229.2767,21.8169348716736,304191,110
27,"Cariboo-Chilcotin",2018,"07","334",390.9496,0.148116263888841,409,134.8234,356.6422,231.6248,21.8169348716736,304191,110
27,"Cariboo-Chilcotin",2019,"04","294",408.5881,0.178639134664599,435.5,151.3528,366.7404,234.2583,3.98649845123291,215,15
27,"Cariboo-Chilcotin",2019,"07","366",384.264,0.116284867716694,395,144.6466,357.1648,233.0415,3.98649845123291,215,15
27,"Cariboo-Chilcotin",2020,"04","294",399.7339,0.239464286063728,439,188.3108,338.5485,255.5095,4.40085453987122,425,5
27,"Cariboo-Chilcotin",2020,"07","295",353.361,0.136990115276488,418.5,203.8826,318.5741,253.9373,4.40085453987122,425,5
27,"Cariboo-Chilcotin",2021,"04","337",434.4568,-0.497011542456355,432.6137,95.2162,490.3953,112.5497,7.22318887710571,261802,89
27,"Cariboo-Chilcotin",2021,"07","382",429.8149,-0.374364812024984,426.0136,107.8806,474.0476,118.154,7.22318887710571,261802,89
27,"Cariboo-Chilcotin",2022,"04","339",405.6849,-0.659367311700976,406.1399,83.0357,479.387,111.777,4.57907514572144,6701,48
27,"Cariboo-Chilcotin",2022,"07","323",419.8488,-0.421981590261374,418.5503,101.1378,468.296,114.8088,4.57907514572144,6701,48
27,"Cariboo-Chilcotin",2023,"04","321",424.5001,-0.469020710865591,417.0416,107.7225,477.3267,112.6317,16.4950023651123,203088,113
27,"Cariboo-Chilcotin",2023,"07","334",424.346,-0.308498769314214,426.672,105.7494,460.2924,116.5204,16.4950023651123,203088,113
27,"Cariboo-Chilcotin",2024,"04","306",450.5951,-0.269588934274387,450.136,86.2883,479.7736,108.2333,6.69597744941711,68532,88
27,"Cariboo-Chilcotin",2024,"07","359",419.5079,-0.446527228799098,424.2588,101.8666,469.7227,112.4563,6.69597744941711,68532,88
28,"Quesnel",2017,"04","181",294.1102,-0.336211976970851,347,195.1203,369.7585,225.0018,38.1033762931824,701494,63
28,"Quesnel",2017,"07","100",177.7661,-0.826946746641671,0,205.8576,365.4176,226.9209,38.1033762931824,701494,63
28,"Quesnel",2018,"04","151",219.9486,-0.61784341801849,241,198.9039,361.6057,229.2767,24.9274497032166,211345,63
28,"Quesnel",2018,"07","106",159.5472,-0.850923562589153,0,200.2312,356.6422,231.6248,24.9274497032166,211345,63
28,"Quesnel",2019,"04","162",268.9307,-0.417529282847182,323,197.1382,366.7404,234.2583,5.43289937973022,95,6
28,"Quesnel",2019,"07","87",138.3592,-0.938912597112531,0,195.4161,357.1648,233.0415,5.43289937973022,95,6
28,"Quesnel",2020,"04","144",287.4154,-0.20012210896268,342,196.8425,338.5485,255.5095,4.16501796245575,7,1
28,"Quesnel",2020,"07","100",162.6033,-0.614209885668628,0,205.1952,318.5741,253.9373,4.16501796245575,7,1
28,"Quesnel",2021,"04","137",368.9325,-1.07919257003795,358.4071,98.0787,490.3953,112.5497,7.10367321968079,67150,49
28,"Quesnel",2021,"07","89",318.9146,-1.31297289977487,284.848,119.957,474.0476,118.154,7.10367321968079,67150,49
28,"Quesnel",2022,"04","134",374.5083,-0.938285157053777,377.0356,101.353,479.387,111.777,4.81094813346863,49,13
28,"Quesnel",2022,"07","94",361.0332,-0.934273330964177,346.1678,106.7251,468.296,114.8088,4.81094813346863,49,13
28,"Quesnel",2023,"04","145",392.5803,-0.752420499734977,398.2256,114.1238,477.3267,112.6317,22.0506067276001,166903,89
28,"Quesnel",2023,"07","117",326.6383,-1.14704463767718,310.2013,95.29,460.2924,116.5204,22.0506067276001,166903,89
28,"Quesnel",2024,"04","147",376.7466,-0.951897428979806,357.8009,106.1201,479.7736,108.2333,9.40504169464111,51146,58
28,"Quesnel",2024,"07","143",359.0551,-0.984094265950418,345.1951,94.8454,469.7227,112.4563,9.40504169464111,51146,58
33,"Chilliwack",2017,"04","927",416.3516,0.207078787814142,451,169.3069,369.7585,225.0018,7.18340225219727,185,4
33,"Chilliwack",2017,"07","795",365.5584,0.000620480528677671,420.5,192.529,365.4176,226.9209,7.18340225219727,185,4
33,"Chilliwack",2018,"04","997",424.0081,0.272170700293575,454,168.9602,361.6057,229.2767,7.45417404174805,6207,6
33,"Chilliwack",2018,"07","825",349.2171,-0.0320565846144281,410,200.7567,356.6422,231.6248,7.45417404174805,6207,6
33,"Chilliwack",2019,"04","926",426.939,0.256975313147923,462,173.1684,366.7404,234.2583,4.75586996078491,5,1
33,"Chilliwack",2019,"07","933",389.1696,0.137335195662575,425,176.522,357.1648,233.0415,4.75586996078491,5,1
33,"Chilliwack",2020,"04","881",423.6521,0.333074112704224,469,200.5242,338.5485,255.5095,5.0623993396759,18,3
33,"Chilliwack",2020,"07","838",335.6097,0.067085851507439,402,207.5783,318.5741,253.9373,5.0623993396759,18,3
33,"Chilliwack",2021,"04","941",462.3749,-0.248960237121911,452.6023,98.4667,490.3953,112.5497,5.7961790561676,14923,7
33,"Chilliwack",2021,"07","1010",438.032,-0.304819134350086,439.6537,98.5211,474.0476,118.154,5.7961790561676,14923,7
33,"Chilliwack",2022,"04","967",459.3219,-0.179510095994703,458.7295,97.6838,479.387,111.777,8.80363812446594,6966,12
33,"Chilliwack",2022,"07","943",416.8798,-0.447841977270035,411.328,92.6541,468.296,114.8088,8.80363812446594,6966,12
33,"Chilliwack",2023,"04","968",482.2463,0.0436786446444474,485.8175,100.9763,477.3267,112.6317,7.76600456237793,2329,10
33,"Chilliwack",2023,"07","974",428.9467,-0.269014696139045,427.0244,99.1861,460.2924,116.5204,7.76600456237793,2329,10
33,"Chilliwack",2024,"04","1066",489.5731,0.0905405268064452,487.215,98.5974,479.7736,108.2333,6.23011002540588,4556,4
33,"Chilliwack",2024,"07","1077",440.5544,-0.259374530373132,436.2482,93.5023,469.7227,112.4563,6.23011002540588,4556,4
34,"Abbotsford",2017,"04","1365",438.9781,0.307640205545022,460,148.5628,369.7585,225.0018,7.37585678100586,94,2
34,"Abbotsford",2017,"07","1296",441.9279,0.337167268418202,458,138.3764,365.4176,226.9209,7.37585678100586,94,2
34,"Abbotsford",2018,"04","1425",441.7021,0.349343827785379,461,142.2186,361.6057,229.2767,6.900634765625,440,4
34,"Abbotsford",2018,"07","1347",443.5942,0.375400216211736,466,147.0181,356.6422,231.6248,6.900634765625,440,4
34,"Abbotsford",2019,"04","1428",439.5418,0.310774047280288,463.5,148.7198,366.7404,234.2583,5.18266630172729,5,1
34,"Abbotsford",2019,"07","1386",434.7475,0.332913665591751,454,143.2376,357.1648,233.0415,5.18266630172729,5,1
34,"Abbotsford",2020,"04","1294",398.3427,0.234019478727797,447,189.9266,338.5485,255.5095,6.85732436180115,17,2
34,"Abbotsford",2020,"07","1220",398.1094,0.313208417983494,448,194.5105,318.5741,253.9373,6.85732436180115,17,2
34,"Abbotsford",2021,"04","1387",437.4286,-0.470607207304862,433.7257,95.6946,490.3953,112.5497,5.97451548576355,223,1
34,"Abbotsford",2021,"07","1375",447.7546,-0.222531611286965,450.4482,102.7584,474.0476,118.154,5.97451548576355,223,1
34,"Abbotsford",2022,"04","1386",452.1144,-0.243991160972293,452.6562,93.7301,479.387,111.777,5.95654945373535,586,3
34,"Abbotsford",2022,"07","1327",448.0943,-0.175959508330372,446.1232,102.6355,468.296,114.8088,5.95654945373535,586,3
34,"Abbotsford",2023,"04","1357",461.5649,-0.139941064549323,461.5606,97.2191,477.3267,112.6317,7.16691131591797,1347,9
34,"Abbotsford",2023,"07","1405",434.2337,-0.223640667213638,432.5758,98.8764,460.2924,116.5204,7.16691131591797,1347,9
34,"Abbotsford",2024,"04","1387",453.2361,-0.245187941234352,454.406,94.204,479.7736,108.2333,6.5359227180481,11,3
34,"Abbotsford",2024,"07","1389",446.9257,-0.202718744970268,445.1762,103.2092,469.7227,112.4563,6.5359227180481,11,3
35,"Langley",2017,"04","1269",401.4256,0.140741540734341,463,200.6304,369.7585,225.0018,7.6218918800354,0,1
35,"Langley",2017,"07","1208",376.0404,0.0468127880684414,445,213.2923,365.4176,226.9209,7.6218918800354,0,1
35,"Langley",2018,"04","1480",425.8438,0.280177183289885,464,169.5468,361.6057,229.2767,6.34212689399719,124,5
35,"Langley",2018,"07","1324",404.2332,0.205465908659176,442.5,181.6455,356.6422,231.6248,6.34212689399719,124,5
35,"Langley",2019,"04","1376",429.8997,0.269613926166117,471,181.5615,366.7404,234.2583,4.98436107635498,9,2
35,"Langley",2019,"07","1386",398.9739,0.179406243094041,439,187.3846,357.1648,233.0415,4.98436107635498,9,2
35,"Langley",2020,"04","1342",392.9239,0.212811656709437,465,222.6131,338.5485,255.5095,6.85137181282043,17,2
35,"Langley",2020,"07","1264",370.1187,0.202981602151397,437,216.9065,318.5741,253.9373,6.85137181282043,17,2
35,"Langley",2021,"04","1504",479.9947,-0.0924089535556292,478.4736,100.1689,490.3953,112.5497,6.03630766868591,0,0
35,"Langley",2021,"07","1627",457.5554,-0.139582240127291,456.4769,110.1524,474.0476,118.154,6.03630766868591,0,0
35,"Langley",2022,"04","1520",472.7244,-0.0596061801622874,474.5737,101.211,479.387,111.777,5.26206102371216,11,2
35,"Langley",2022,"07","1599",451.4387,-0.146829337123984,449.4551,106.7558,468.296,114.8088,5.26206102371216,11,2
35,"Langley",2023,"04","1777",471.3492,-0.053071204643098,473.2653,102.8869,477.3267,112.6317,6.82045812606812,1085,5
35,"Langley",2023,"07","1830",444.6379,-0.134349864916358,449.3055,114.481,460.2924,116.5204,6.82045812606812,1085,5
35,"Langley",2024,"04","1746",470.4335,-0.0862959920837673,473.0947,99.9945,479.7736,108.2333,6.15362157821655,0,0
35,"Langley",2024,"07","1805",455.9785,-0.122218141624791,452.3109,109.0253,469.7227,112.4563,6.15362157821655,0,0
36,"Surrey",2017,"04","3589",298.6037,-0.316241025627351,384,232.0323,369.7585,225.0018,7.98386421203613,0,0
36,"Surrey",2017,"07","3702",325.8893,-0.174194179557723,412,233.615,365.4176,226.9209,7.98386421203613,0,0
36,"Surrey",2018,"04","3425",285.7478,-0.330857431217389,365,234.6624,361.6057,229.2767,7.08564748764038,122,3
36,"Surrey",2018,"07","3404",297.7103,-0.254428282291015,387,246.9884,356.6422,231.6248,7.08564748764038,122,3
36,"Surrey",2019,"04","3163",267.4775,-0.423732691648492,344,242.5621,366.7404,234.2583,5.07139253616333,4,1
36,"Surrey",2019,"07","3396",281.6229,-0.324156427074148,363,250.8375,357.1648,233.0415,5.07139253616333,4,1
36,"Surrey",2020,"04","2192",188.7853,-0.586135544862324,0,242.2226,338.5485,255.5095,7.21777720451355,2,1
36,"Surrey",2020,"07","2388",193.9284,-0.490852269438164,0,246.868,318.5741,253.9373,7.21777720451355,2,1
36,"Surrey",2021,"04","2457",468.2902,-0.1964030112919,465.4126,113.7482,490.3953,112.5497,5.8761908531189,0,0
36,"Surrey",2021,"07","2514",467.4481,-0.0558550705012101,470.7868,116.5568,474.0476,118.154,5.8761908531189,0,0
36,"Surrey",2022,"04","2524",441.2285,-0.341380606028074,443.8935,115.7468,479.387,111.777,5.00396366119385,11,2
36,"Surrey",2022,"07","2515",454.2553,-0.122296374493941,450.3094,117.2318,468.296,114.8088,5.00396366119385,11,2
36,"Surrey",2023,"04","4480",439.582,-0.335116135155556,439.6649,109.132,477.3267,112.6317,6.30403995513916,296,3
36,"Surrey",2023,"07","4874",434.4648,-0.221657323524464,432.3687,113.7892,460.2924,116.5204,6.30403995513916,296,3
36,"Surrey",2024,"04","5006",444.1784,-0.328874754812059,444.7055,102.9103,479.7736,108.2333,6.17668352127075,0,0
36,"Surrey",2024,"07","5575",448.4461,-0.189198826566408,442.2536,108.0734,469.7227,112.4563,6.17668352127075,0,0
37,"Delta",2017,"04","828",352.4995,-0.0767060530182426,430,221.3538,369.7585,225.0018,9.32007856369018,0,0
37,"Delta",2017,"07","772",331.052,-0.151443079945479,418,229.2676,365.4176,226.9209,9.32007856369018,0,0
37,"Delta",2018,"04","890",380.6993,0.0832775419394992,451,206.8469,361.6057,229.2767,7.14067115783691,22,3
37,"Delta",2018,"07","877",362.6455,0.0259182091036885,441,216.1498,356.6422,231.6248,7.14067115783691,22,3
37,"Delta",2019,"04","700",294.9559,-0.306433112508714,388,245.0281,366.7404,234.2583,4.97601532936096,8,2
37,"Delta",2019,"07","755",295.1256,-0.266215244924187,384,244.3181,357.1648,233.0415,4.97601532936096,8,2
37,"Delta",2020,"04","559",247.3234,-0.357032126007056,200,256.1097,338.5485,255.5095,7.22393598556519,1,1
37,"Delta",2020,"07","507",207.0763,-0.439076102644235,0,250.8018,318.5741,253.9373,7.22393598556519,1,1
37,"Delta",2021,"04","664",476.4079,-0.124277541388383,476.6128,107.9499,490.3953,112.5497,6.01435718536377,91,2
37,"Delta",2021,"07","770",455.0918,-0.160432994227872,461.1319,113.6102,474.0476,118.154,6.01435718536377,91,2
37,"Delta",2022,"04","682",462.7131,-0.149171117492865,462.6052,104.6574,479.387,111.777,4.98578834533691,5,1
37,"Delta",2022,"07","742",464.8612,-0.0299175672944931,462.0621,102.1578,468.296,114.8088,4.98578834533691,5,1
37,"Delta",2023,"04","794",451.9669,-0.22515686081272,457.9817,103.4961,477.3267,112.6317,6.22429113388062,175,1
37,"Delta",2023,"07","765",450.2614,-0.0860879296672515,456.4494,101.1713,460.2924,116.5204,6.22429113388062,175,1
37,"Delta",2024,"04","972",459.1924,-0.190155894720017,457.5291,100.4013,479.7736,108.2333,6.78552484512329,9,2
37,"Delta",2024,"07","1072",461.2445,-0.0753910630173673,458.9109,99.8035,469.7227,112.4563,6.78552484512329,9,2
38,"Richmond",2017,"04","873",334.8769,-0.155028093108589,450,262.4874,369.7585,225.0018,9.45453939437866,0,0
38,"Richmond",2017,"07","941",356.285,-0.0402457420184741,470,264.8873,365.4176,226.9209,9.45453939437866,0,0
38,"Richmond",2018,"04","833",313.5968,-0.209392842796499,420,274.2494,361.6057,229.2767,7.22820310592651,207,4
38,"Richmond",2018,"07","956",348.2885,-0.0360656544549634,470,273.25,356.6422,231.6248,7.22820310592651,207,4
38,"Richmond",2019,"04","795",310.5619,-0.239814341690348,415,270.5279,366.7404,234.2583,4.69740710258484,8,2
38,"Richmond",2019,"07","937",318.3089,-0.166733822087482,429.5,273.8831,357.1648,233.0415,4.69740710258484,8,2
38,"Richmond",2020,"04","837",316.6612,-0.0856613941947363,430,272.7383,338.5485,255.5095,7.56814336776733,1,1
38,"Richmond",2020,"07","994",362.426,0.172687903667559,470,270.6183,318.5741,253.9373,7.56814336776733,1,1
38,"Richmond",2021,"04","1313",514.0877,0.210506114187777,522.0552,103.8051,490.3953,112.5497,5.80526304244995,91,2
38,"Richmond",2021,"07","1251",524.8271,0.429773854461127,531.8899,113.6188,474.0476,118.154,5.80526304244995,91,2
38,"Richmond",2022,"04","1268",514.1071,0.310619358186388,515.0594,104.9265,479.387,111.777,5.1101185798645,5,1
38,"Richmond",2022,"07","1206",521.6919,0.465085428991506,529.25,105.3824,468.296,114.8088,5.1101185798645,5,1
38,"Richmond",2023,"04","1472",502.4993,0.223494806524273,507.87,97.8044,477.3267,112.6317,5.85374450683594,0,0
38,"Richmond",2023,"07","1395",516.1446,0.479334090854477,522.4508,107.2843,460.2924,116.5204,5.85374450683594,0,0
38,"Richmond",2024,"04","1419",521.7135,0.387495345702293,526.5556,95.1601,479.7736,108.2333,6.97090349197388,11,3
38,"Richmond",2024,"07","1656",527.1132,0.510336014967592,525.8655,101.2361,469.7227,112.4563,6.97090349197388,11,3
39,"Vancouver",2017,"04","2025",276.5051,-0.414456239905636,356,259.0575,369.7585,225.0018,8.98673791885376,3,1
39,"Vancouver",2017,"07","1957",282.1475,-0.366956503345439,364.5,269.5104,365.4176,226.9209,8.98673791885376,3,1
39,"Vancouver",2018,"04","1944",265.7451,-0.41810005116089,316.5,260.0563,361.6057,229.2767,6.87643928527832,327,6
39,"Vancouver",2018,"07","1866",270.9087,-0.370139553277542,334,269.479,356.6422,231.6248,6.87643928527832,327,6
39,"Vancouver",2019,"04","1955",286.6507,-0.341886285352536,381,263.7482,366.7404,234.2583,4.45727648735046,21,4
39,"Vancouver",2019,"07","2125",296.2631,-0.261334140056599,384,271.87,357.1648,233.0415,4.45727648735046,21,4
39,"Vancouver",2020,"04","1590",229.4263,-0.427076879724629,0,271.1474,338.5485,255.5095,7.4618408203125,1,1
39,"Vancouver",2020,"07","1426",201.5444,-0.460860614017712,0,265.8623,318.5741,253.9373,7.4618408203125,1,1
39,"Vancouver",2021,"04","1677",507.8076,0.154707653596589,519.2368,109.9715,490.3953,112.5497,5.40596942901611,93,3
39,"Vancouver",2021,"07","1662",515.2969,0.349114714694382,522.4444,113.5969,474.0476,118.154,5.40596942901611,93,3
39,"Vancouver",2022,"04","1766",492.3352,0.115839573436396,498.7326,107.5773,479.387,111.777,5.1184531211853,0,0
39,"Vancouver",2022,"07","1796",506.0855,0.329151598135335,509.1732,109.2645,468.296,114.8088,5.1184531211853,0,0
39,"Vancouver",2023,"04","2182",495.684,0.162985198660768,503.471,112.4034,477.3267,112.6317,5.75422782897949,199,2
39,"Vancouver",2023,"07","1999",495.5757,0.302807920329831,504.7308,114.3697,460.2924,116.5204,5.75422782897949,199,2
39,"Vancouver",2024,"04","2378",493.0764,0.12290856880461,501.355,107.1895,479.7736,108.2333,6.7281361579895,11,3
39,"Vancouver",2024,"07","2333",501.8226,0.285443323317591,507.9165,113.4343,469.7227,112.4563,6.7281361579895,11,3
40,"New Westminster",2017,"04","404",386.2851,0.0734509679478118,447,213.0177,369.7585,225.0018,7.04145193099976,0,0
40,"New Westminster",2017,"07","410",401.5198,0.159095966920632,448,191.6052,365.4176,226.9209,7.04145193099976,0,0
40,"New Westminster",2018,"04","367",331.2464,-0.132413367777886,437,252.6588,361.6057,229.2767,8.44393920898438,122,3
40,"New Westminster",2018,"07","374",363.913,0.0313904210602665,431,215.8324,356.6422,231.6248,8.44393920898438,122,3
40,"New Westminster",2019,"04","418",409.3861,0.182045630827168,475,219.2874,366.7404,234.2583,5.64453163146973,4,1
40,"New Westminster",2019,"07","431",415.818,0.251685643973284,462,190.6967,357.1648,233.0415,5.64453163146973,4,1
40,"New Westminster",2020,"04","372",358.5669,0.0783469890552014,458,249.3016,338.5485,255.5095,7.73994045257568,2,1
40,"New Westminster",2020,"07","298",290.2281,-0.111625980113989,371,249.2743,318.5741,253.9373,7.73994045257568,2,1
40,"New Westminster",2021,"04","395",493.6009,0.0284816396667428,494.8534,98.4209,490.3953,112.5497,5.79838089942932,0,0
40,"New Westminster",2021,"07","380",488.509,0.122394502090492,495.6247,107.4063,474.0476,118.154,5.79838089942932,0,0
40,"New Westminster",2022,"04","472",473.5178,-0.0525081188437691,477.2498,96.324,479.387,111.777,6.20888338088989,11,2
40,"New Westminster",2022,"07","366",475.0784,0.0590756109287789,480.9613,98.6355,468.296,114.8088,6.20888338088989,11,2
40,"New Westminster",2023,"04","425",483.1274,0.0515014867040097,483.4802,101.2077,477.3267,112.6317,7.38107500076294,194,2
40,"New Westminster",2023,"07","372",462.3172,0.017377214633661,455.0259,112.2093,460.2924,116.5204,7.38107500076294,194,2
40,"New Westminster",2024,"04","502",491.4883,0.108235635428283,489.0483,95.6008,479.7736,108.2333,6.38296270370483,0,0
40,"New Westminster",2024,"07","413",470.645,0.00820140801360179,468.7559,106.9128,469.7227,112.4563,6.38296270370483,0,0
41,"Burnaby",2017,"04","1239",349.1842,-0.0914406018085191,440,242.1269,369.7585,225.0018,7.13312187194824,3,1
41,"Burnaby",2017,"07","1204",367.9535,0.0111752597491021,461,244.7525,365.4176,226.9209,7.13312187194824,3,1
41,"Burnaby",2018,"04","1127",327.7866,-0.147503431443317,446,259.2241,361.6057,229.2767,7.83513355255127,122,3
41,"Burnaby",2018,"07","1110",351.4848,-0.0222661822050143,459.5,256.6534,356.6422,231.6248,7.83513355255127,122,3
41,"Burnaby",2019,"04","1098",326.1634,-0.173214780436808,433.5,262.9369,366.7404,234.2583,5.51009101867676,8,2
41,"Burnaby",2019,"07","1173",327.2633,-0.12830976456983,425,265.4039,357.1648,233.0415,5.51009101867676,8,2
41,"Burnaby",2020,"04","928",271.6822,-0.261697901643579,275,278.6225,338.5485,255.5095,7.12796688079834,2,1
41,"Burnaby",2020,"07","981",288.6139,-0.117982667374978,378,277.6875,318.5741,253.9373,7.12796688079834,2,1
41,"Burnaby",2021,"04","1036",517.2111,0.238257409837609,524.4843,110.0445,490.3953,112.5497,5.69442882537842,0,0
41,"Burnaby",2021,"07","951",516.573,0.35991502615231,517.4585,110.8634,474.0476,118.154,5.69442882537842,0,0
41,"Burnaby",2022,"04","1062",508.8934,0.263975594263578,514.8069,110.2709,479.387,111.777,5.9249062538147,11,2
41,"Burnaby",2022,"07","1013",504.3264,0.313829601912048,515.4057,110.3847,468.296,114.8088,5.9249062538147,11,2
41,"Burnaby",2023,"04","1227",502.4164,0.222758779277947,509.4403,104.8474,477.3267,112.6317,7.10383682250977,214,3
41,"Burnaby",2023,"07","1141",494.7243,0.295501045310521,500.6694,111.4638,460.2924,116.5204,7.10383682250977,214,3
41,"Burnaby",2024,"04","1315",503.8222,0.222192245824529,507.1833,102.9895,479.7736,108.2333,6.25806407928467,2,1
41,"Burnaby",2024,"07","1446",505.5024,0.318165367347139,509.059,107.9383,469.7227,112.4563,6.25806407928467,2,1
42,"Maple Ridge-Pitt Meadows",2017,"04","414",163.2766,-0.917689991813399,0,223.3596,369.7585,225.0018,6.58701343536377,190,5
42,"Maple Ridge-Pitt Meadows",2017,"07","257",121.6411,-1.07427962783507,0,210.4702,365.4176,226.9209,6.58701343536377,190,5
42,"Maple Ridge-Pitt Meadows",2018,"04","330",134.3735,-0.991082826994631,0,213.6147,361.6057,229.2767,6.32425827980042,137,9
42,"Maple Ridge-Pitt Meadows",2018,"07","310",128.0862,-0.986750986940949,0,212.8299,356.6422,231.6248,6.32425827980042,137,9
42,"Maple Ridge-Pitt Meadows",2019,"04","301",120.8736,-1.04955427406414,0,208.3392,366.7404,234.2583,5.35136880874634,13,3
42,"Maple Ridge-Pitt Meadows",2019,"07","277",111.2736,-1.05513910612487,0,199.6877,357.1648,233.0415,5.35136880874634,13,3
42,"Maple Ridge-Pitt Meadows",2020,"04","352",150.6423,-0.735417665487976,0,225.5462,338.5485,255.5095,5.68544611930847,495,8
42,"Maple Ridge-Pitt Meadows",2020,"07","304",117.2279,-0.792897301814267,0,203.7977,318.5741,253.9373,5.68544611930847,495,8
42,"Maple Ridge-Pitt Meadows",2021,"04","340",447.2774,-0.383100976724061,452.7311,91.6267,490.3953,112.5497,4.79752912521362,702,5
42,"Maple Ridge-Pitt Meadows",2021,"07","239",440.8821,-0.280697225654654,444.304,100.0497,474.0476,118.154,4.79752912521362,702,5
42,"Maple Ridge-Pitt Meadows",2022,"04","420",436.0912,-0.38734086618893,439.2593,97.3934,479.387,111.777,5.66081786155701,4101,5
42,"Maple Ridge-Pitt Meadows",2022,"07","270",422.9648,-0.39484081359617,407.479,109.6285,468.296,114.8088,5.66081786155701,4101,5
42,"Maple Ridge-Pitt Meadows",2023,"04","417",450.2153,-0.24070843288346,449.0326,97.2811,477.3267,112.6317,7.49980592727661,2362,12
42,"Maple Ridge-Pitt Meadows",2023,"07","304",427.5578,-0.280934497306909,428.1407,103.342,460.2924,116.5204,7.49980592727661,2362,12
42,"Maple Ridge-Pitt Meadows",2024,"04","496",436.2005,-0.402584971538334,436.121,98.2341,479.7736,108.2333,6.30934820175171,732,10
42,"Maple Ridge-Pitt Meadows",2024,"07","359",434.1232,-0.316562967125897,423.5092,99.7193,469.7227,112.4563,6.30934820175171,732,10
43,"Coquitlam",2017,"04","1810",385.0761,0.0680776776008013,447,205.1653,369.7585,225.0018,7.08574075698853,3,2
43,"Coquitlam",2017,"07","1879",392.6883,0.120177118987277,449,206.3805,365.4176,226.9209,7.08574075698853,3,2
43,"Coquitlam",2018,"04","1791",356.658,-0.0215796022884139,436,221.7337,361.6057,229.2767,5.41067371368408,124,5
43,"Coquitlam",2018,"07","1758",369.6603,0.0562033944551706,434,217.8828,356.6422,231.6248,5.41067371368408,124,5
43,"Coquitlam",2019,"04","1691",370.9704,0.0180569909369271,450,227.5025,366.7404,234.2583,5.12537536621094,13,3
43,"Coquitlam",2019,"07","1980",375.7765,0.079864316012384,441,217.711,357.1648,233.0415,5.12537536621094,13,3
43,"Coquitlam",2020,"04","1509",341.7477,0.0125208651733107,439,249.0795,338.5485,255.5095,5.71240839958191,3,2
43,"Coquitlam",2020,"07","1560",314.8195,-0.0147855395800459,409,249.8802,318.5741,253.9373,5.71240839958191,3,2
43,"Coquitlam",2021,"04","1700",489.4091,-0.00876235121017645,486.5691,102.1352,490.3953,112.5497,4.56555519104004,231,2
43,"Coquitlam",2021,"07","1691",466.4711,-0.0641239399427866,473.4463,118.2273,474.0476,118.154,4.56555519104004,231,2
43,"Coquitlam",2022,"04","1604",474.7349,-0.0416194744893853,475.4837,103.263,479.387,111.777,5.1074547290802,11,2
43,"Coquitlam",2022,"07","1619",460.4568,-0.0682804802419327,463.1007,106.4825,468.296,114.8088,5.1074547290802,11,2
43,"Coquitlam",2023,"04","1766",479.6366,0.0205084359021481,482.2461,106.3507,477.3267,112.6317,6.34602212905884,1285,8
43,"Coquitlam",2023,"07","1746",461.7864,0.0128217891459352,467.6285,110.7819,460.2924,116.5204,6.34602212905884,1285,8
43,"Coquitlam",2024,"04","2191",480.473,0.00646196688080309,484.9065,101.9517,479.7736,108.2333,6.40742330551147,8,3
43,"Coquitlam",2024,"07","2248",463.2693,-0.0573858467689226,460.5389,105.9756,469.7227,112.4563,6.40742330551147,8,3
44,"North Vancouver",2017,"04","1122",470.5467,0.447943972003779,497,152.0433,369.7585,225.0018,6.78213005065918,3,1
44,"North Vancouver",2017,"07","1119",473.7913,0.477583598513843,500,147.7303,365.4176,226.9209,6.78213005065918,3,1
44,"North Vancouver",2018,"04","991",424.286,0.273382772867893,474,187.8261,361.6057,229.2767,4.82933602333069,122,3
44,"North Vancouver",2018,"07","1016",433.8834,0.33347551730212,481.5,185.8186,356.6422,231.6248,4.82933602333069,122,3
44,"North Vancouver",2019,"04","1100",474.5174,0.460077615179483,502,159.6795,366.7404,234.2583,4.8647216796875,8,2
44,"North Vancouver",2019,"07","1158",480.7117,0.530149780189365,508,148.005,357.1648,233.0415,4.8647216796875,8,2
44,"North Vancouver",2020,"04","919",409.9974,0.27963304691215,488,228.0163,338.5485,255.5095,5.15085787773132,2,1
44,"North Vancouver",2020,"07","1031",424.6419,0.417692871429286,493,218.6448,318.5741,253.9373,5.15085787773132,2,1
44,"North Vancouver",2021,"04","1119",494.7839,0.0389925517349224,508.8632,113.5573,490.3953,112.5497,4.25302891731262,8,1
44,"North Vancouver",2021,"07","1081",506.7024,0.276374900553515,514.3216,111.5332,474.0476,118.154,4.25302891731262,8,1
44,"North Vancouver",2022,"04","1052",485.6146,0.0557145029836191,491.1443,99.4424,479.387,111.777,4.92049655914307,11,2
44,"North Vancouver",2022,"07","1124",492.0295,0.206721958595508,500.2533,100.647,468.296,114.8088,4.92049655914307,11,2
44,"North Vancouver",2023,"04","1124",484.8569,0.0668568440323637,490.6568,108.966,477.3267,112.6317,6.18119020462036,393,4
44,"North Vancouver",2023,"07","1107",493.3729,0.283903076199533,495.7971,97.989,460.2924,116.5204,6.18119020462036,393,4
44,"North Vancouver",2024,"04","1162",493.8034,0.129625540383597,499.5214,99.9037,479.7736,108.2333,6.12854166030884,4,2
44,"North Vancouver",2024,"07","1245",495.6049,0.230153401810303,502.8662,99.2191,469.7227,112.4563,6.12854166030884,4,2
45,"West Vancouver",2017,"04","424",525.8095,0.693554451564387,597,213.9574,369.7585,225.0018,7.78619346618652,3,1
45,"West Vancouver",2017,"07","474",527.4646,0.714112274365208,571,186.0091,365.4176,226.9209,7.78619346618652,3,1
45,"West Vancouver",2018,"04","466",501.6654,0.610876290525814,564,211.9371,361.6057,229.2767,5.50861539840698,122,3
45,"West Vancouver",2018,"07","480",519.8843,0.704769523816103,568,196.0762,356.6422,231.6248,5.50861539840698,122,3
45,"West Vancouver",2019,"04","430",522.7058,0.665783880443083,581,205.0063,366.7404,234.2583,3.9551558971405,21,4
45,"West Vancouver",2019,"07","497",544.2748,0.8029042037577,585,174.3579,357.1648,233.0415,3.9551558971405,21,4
45,"West Vancouver",2020,"04","435",508.6518,0.665741586907727,593,234.6401,338.5485,255.5095,6.30392985343933,0,0
45,"West Vancouver",2020,"07","482",538.4831,0.86599723632566,586.5,195.6021,318.5741,253.9373,6.30392985343933,0,0
45,"West Vancouver",2021,"04","437",574.6272,0.748397374670923,583.563,90.4433,490.3953,112.5497,4.32778949737549,63,2
45,"West Vancouver",2021,"07","532",572.2924,0.831497875653808,575.7967,91.3827,474.0476,118.154,4.32778949737549,63,2
45,"West Vancouver",2022,"04","443",575.9812,0.864168836164864,579.9597,89.6737,479.387,111.777,4.62468099594116,0,0
45,"West Vancouver",2022,"07","468",578.09,0.95632042143111,582.5758,98.6868,468.296,114.8088,4.62468099594116,0,0
45,"West Vancouver",2023,"04","420",571.873,0.83942886416524,582.1004,91.1542,477.3267,112.6317,5.78670024871826,199,2
45,"West Vancouver",2023,"07","533",560.4676,0.859722417705397,564.1585,88.9169,460.2924,116.5204,5.78670024871826,199,2
45,"West Vancouver",2024,"04","464",567.6902,0.81228790030425,566.3952,85.2185,479.7736,108.2333,5.96453537940979,11,3
45,"West Vancouver",2024,"07","482",583.6098,1.01272316446477,590.4432,88.6052,469.7227,112.4563,5.96453537940979,11,3
46,"Sunshine Coast",2017,"04","225",419.0264,0.218966692710903,479,192.3499,369.7585,225.0018,8.22202930450439,20,5
46,"Sunshine Coast",2017,"07","220",450.3429,0.37425067501495,488,175.3877,365.4176,226.9209,8.22202930450439,20,5
46,"Sunshine Coast",2018,"04","226",391.5824,0.130744641736382,448,199.8279,361.6057,229.2767,6.53740539550781,1050,10
46,"Sunshine Coast",2018,"07","223",416.3487,0.257772483775485,469,196.1808,356.6422,231.6248,6.53740539550781,1050,10
46,"Sunshine Coast",2019,"04","190",367.5217,0.00333520733310191,441,228.5966,366.7404,234.2583,3.80462765693665,25,5
46,"Sunshine Coast",2019,"07","186",369.5309,0.0530639392554543,438,223.3635,357.1648,233.0415,3.80462765693665,25,5
46,"Sunshine Coast",2020,"04","200",397.7961,0.231880223631607,470,224.4773,338.5485,255.5095,5.44164276123047,76,4
46,"Sunshine Coast",2020,"07","214",392.0655,0.289407660867466,464,225.4118,318.5741,253.9373,5.44164276123047,76,4
46,"Sunshine Coast",2021,"04","234",494.1204,0.0330973783137583,492.3165,82.9684,490.3953,112.5497,4.26075830459595,109,5
46,"Sunshine Coast",2021,"07","221",466.4164,-0.0645868950691469,471.7237,99.5557,474.0476,118.154,4.26075830459595,109,5
46,"Sunshine Coast",2022,"04","223",491.4886,0.108265564472119,494.9388,83.8516,479.387,111.777,4.09577641487122,39,5
46,"Sunshine Coast",2022,"07","225",457.819,-0.0912560709632012,462.4647,99.6921,468.296,114.8088,4.09577641487122,39,5
46,"Sunshine Coast",2023,"04","223",482.9021,0.0495011617510879,481.5229,88.1253,477.3267,112.6317,5.95538711547852,2403,13
46,"Sunshine Coast",2023,"07","229",463.4171,0.0268167634165349,453.4956,95.1928,460.2924,116.5204,5.95538711547852,2403,13
46,"Sunshine Coast",2024,"04","243",471.2989,-0.0783003012935943,477.4245,81.4967,479.7736,108.2333,4.91646838188171,617,9
46,"Sunshine Coast",2024,"07","262",456.6582,-0.116174016040008,452.8648,86.5742,469.7227,112.4563,4.91646838188171,617,9
47,"qathet",2017,"04","118",326.7032,-0.191355358046025,398,196.1057,369.7585,225.0018,7.65931816101074,19,6
47,"qathet",2017,"07","108",349.6547,-0.0694642935049174,428,204.1713,365.4176,226.9209,7.65931816101074,19,6
47,"qathet",2018,"04","127",327.8659,-0.147157561147731,373,202.1571,361.6057,229.2767,7.57529215812683,5141,17
47,"qathet",2018,"07","145",348.8889,-0.0334735313317055,394.5,193.7748,356.6422,231.6248,7.57529215812683,5141,17
47,"qathet",2019,"04","122",281.2421,-0.364974474757138,345,227.7549,366.7404,234.2583,3.08707625865936,45,8
47,"qathet",2019,"07","114",344.962,-0.0523632056951231,428.5,232.5173,357.1648,233.0415,3.08707625865936,45,8
47,"qathet",2020,"04","130",235.5898,-0.402954488972034,257,249.6271,338.5485,255.5095,4.62829284667969,453,7
47,"qathet",2020,"07","105",217.9692,-0.396180080673458,0,248.1504,318.5741,253.9373,4.62829284667969,453,7
47,"qathet",2021,"04","145",496.7918,0.0568326703669579,489.0144,128.3093,490.3953,112.5497,3.98186860084534,85,5
47,"qathet",2021,"07","154",459.609,-0.122201533591753,464.512,132.3589,474.0476,118.154,3.98186860084534,85,5
47,"qathet",2022,"04","187",446.0355,-0.29837533660771,433.0909,133.1871,479.387,111.777,3.74423117637634,363,7
47,"qathet",2022,"07","168",463.3092,-0.0434356948247871,461.6319,116.3092,468.296,114.8088,3.74423117637634,363,7
47,"qathet",2023,"04","167",468.3897,-0.0793471109820771,467.43,120.3551,477.3267,112.6317,6.56984186172485,2893,16
47,"qathet",2023,"07","160",414.2639,-0.395025248797636,402.4696,98.7991,460.2924,116.5204,6.56984186172485,2893,16
47,"qathet",2024,"04","184",469.2062,-0.097635385782379,463.7816,119.7598,479.7736,108.2333,4.51146459579468,562,10
47,"qathet",2024,"07","163",456.43,-0.118203248728617,445.3176,117.9089,469.7227,112.4563,4.51146459579468,562,10
48,"Sea to Sky",2017,"04","363",404.7665,0.15558986639218,459,183.9551,369.7585,225.0018,7.28195652961731,49,5
48,"Sea to Sky",2017,"07","312",425.0427,0.262757198653804,435,134.5353,365.4176,226.9209,7.28195652961731,49,5
48,"Sea to Sky",2018,"04","358",414.6558,0.231380249279582,445.5,164.7073,361.6057,229.2767,7.38656139373779,3720,17
48,"Sea to Sky",2018,"07","349",425.8783,0.298914883034977,454,154.3877,356.6422,231.6248,7.38656139373779,3720,17
48,"Sea to Sky",2019,"04","375",417.2433,0.215586384772706,454,158.0908,366.7404,234.2583,4.17981147766113,35,8
48,"Sea to Sky",2019,"07","296",389.3121,0.137946674733899,433,182.302,357.1648,233.0415,4.17981147766113,35,8
48,"Sea to Sky",2020,"04","371",397.7923,0.231865351386152,454,196.3254,338.5485,255.5095,5.13744540214539,910,10
48,"Sea to Sky",2020,"07","368",382.9251,0.253412948786964,426,178.9692,318.5741,253.9373,5.13744540214539,910,10
48,"Sea to Sky",2021,"04","367",484.9804,-0.0481111899898449,489.3962,104.2563,490.3953,112.5497,4.79447431564331,119601,7
48,"Sea to Sky",2021,"07","367",442.3429,-0.268333700086328,443.7657,99.8961,474.0476,118.154,4.79447431564331,119601,7
48,"Sea to Sky",2022,"04","414",456.2183,-0.207276094366462,463.093,103.6588,479.387,111.777,5.02293920516968,14499,18
48,"Sea to Sky",2022,"07","367",422.7417,-0.39678404442865,424.7265,96.7422,468.296,114.8088,5.02293920516968,14499,18
48,"Sea to Sky",2023,"04","322",465.486,-0.10512759729277,470.4254,94.4768,477.3267,112.6317,9.89117460250855,35911,32
48,"Sea to Sky",2023,"07","347",414.5495,-0.392574175852468,413.6112,106.7641,460.2924,116.5204,9.89117460250855,35911,32
48,"Sea to Sky",2024,"04","362",452.2542,-0.254260010551281,454.7808,91.7169,479.7736,108.2333,5.00505838394165,2187,18
48,"Sea to Sky",2024,"07","363",427.752,-0.373217863294453,418.5661,99.8089,469.7227,112.4563,5.00505838394165,2187,18
49,"Central Coast",2017,"04","23",381.1923,0.0508164823570299,394,177.5525,369.7585,225.0018,6.5135283946991,31375,4
49,"Central Coast",2017,"07","21",304.5185,-0.268371489801072,350,196.6892,365.4176,226.9209,6.5135283946991,31375,4
49,"Central Coast",2018,"04","Msk",233.381,-0.559257438719242,302,181.7824,361.6057,229.2767,17.6007172584534,229665,13
49,"Central Coast",2018,"07","14",236.7727,-0.517515827320736,310,194.553,356.6422,231.6248,17.6007172584534,229665,13
49,"Central Coast",2019,"04","22",417.5,0.216682183726254,488.5,210.5688,366.7404,234.2583,3.46723103523254,51,5
49,"Central Coast",2019,"07","Msk",NA,NA,NA,NA,357.1648,233.0415,3.46723103523254,51,5
49,"Central Coast",2020,"04","Msk",NA,NA,NA,NA,338.5485,255.5095,3.40966792106628,0,0
49,"Central Coast",2020,"07","Msk",235.2069,-0.328298363414906,312,226.4664,318.5741,253.9373,3.40966792106628,0,0
49,"Central Coast",2021,"04","Msk",438.908,-0.457462791993226,376.2628,145.1411,490.3953,112.5497,3.09833183288574,9709,7
49,"Central Coast",2021,"07","Msk",294.6407,-1.5184157963336,288.1078,82.5637,474.0476,118.154,3.09833183288574,9709,7
49,"Central Coast",2022,"04","Msk",481.5713,0.0195415872675059,505.8349,94.4227,479.387,111.777,2.98295669555664,465,9
49,"Central Coast",2022,"07","17",450.7097,-0.153179024604386,454.0697,150.3104,468.296,114.8088,2.98295669555664,465,9
49,"Central Coast",2023,"04","12",459.7298,-0.156233990963468,483.7964,122.4656,477.3267,112.6317,7.690509557724,87406,39
49,"Central Coast",2023,"07","12",394.161,-0.567552119628837,375.6655,104.9106,460.2924,116.5204,7.690509557724,87406,39
49,"Central Coast",2024,"04","Msk",411.5772,-0.630087043451507,412.117,59.9396,479.7736,108.2333,4.50530390739441,82868,9
49,"Central Coast",2024,"07","Msk",352.525,-1.04216215543282,352.6751,68.2898,469.7227,112.4563,4.50530390739441,82868,9
50,"Haida Gwaii",2017,"04","28",381.1212,0.0505004848850096,430,175.9749,369.7585,225.0018,3.18260130882263,0,0
50,"Haida Gwaii",2017,"07","38",359.9333,-0.0241683335470643,412,170.4753,365.4176,226.9209,3.18260130882263,0,0
50,"Haida Gwaii",2018,"04","26",376.2258,0.0637661829570993,425,187.0302,361.6057,229.2767,2.92772517204285,0,0
50,"Haida Gwaii",2018,"07","34",375.9744,0.0834634287865548,414,163.0624,356.6422,231.6248,2.92772517204285,0,0
50,"Haida Gwaii",2019,"04","29",379.0968,0.0527469037383092,372,143.9475,366.7404,234.2583,3.99504899978638,0,0
50,"Haida Gwaii",2019,"07","32",359.25,0.00894776252298404,392,165.2113,357.1648,233.0415,3.99504899978638,0,0
50,"Haida Gwaii",2020,"04","27",343.4857,0.0193229605944202,377,227.5383,338.5485,255.5095,4.24059028625488,0,0
50,"Haida Gwaii",2020,"07","22",241.4474,-0.303723399437578,242.5,222.6565,318.5741,253.9373,4.24059028625488,0,0
50,"Haida Gwaii",2021,"04","27",407.7019,-0.734727858004064,380.3944,109.0389,490.3953,112.5497,2.95845508575439,2,1
50,"Haida Gwaii",2021,"07","22",448.7439,-0.214158640418437,434.5057,131.563,474.0476,118.154,2.95845508575439,2,1
50,"Haida Gwaii",2022,"04","17",403.5107,-0.678818540486862,399.4389,93.1082,479.387,111.777,2.57779560089111,0,0
50,"Haida Gwaii",2022,"07","39",369.5883,-0.859757265993547,339.0667,97.1818,468.296,114.8088,2.57779560089111,0,0
50,"Haida Gwaii",2023,"04","29",373.725,-0.919827188970778,343.478,114.8645,477.3267,112.6317,3.47266235351562,0,0
50,"Haida Gwaii",2023,"07","41",378.635,-0.700799173363634,374.3928,86.8741,460.2924,116.5204,3.47266235351562,0,0
50,"Haida Gwaii",2024,"04","36",403.794,-0.701998368339504,422.8651,103.4057,479.7736,108.2333,2.79957916736603,0,0
50,"Haida Gwaii",2024,"07","50",376.7467,-0.826774489290507,363.6712,86.6048,469.7227,112.4563,2.79957916736603,0,0
51,"Boundary",2017,"04","53",287.881,-0.36389708882329,393.5,232.3528,369.7585,225.0018,13.028383731842,5632,26
51,"Boundary",2017,"07","78",362.396,-0.0133156531637235,430,212.6129,365.4176,226.9209,13.028383731842,5632,26
51,"Boundary",2018,"04","66",361.3596,-0.00107337553270791,454,227.1927,361.6057,229.2767,12.3873544692993,34723,56
51,"Boundary",2018,"07","98",397.9167,0.178195512743022,419.5,151.2139,356.6422,231.6248,12.3873544692993,34723,56
51,"Boundary",2019,"04","79",368.3069,0.00668706295572008,437,214.0509,366.7404,234.2583,3.99091424942017,3334,6
51,"Boundary",2019,"07","102",419.9369,0.269360178337335,452,148.2912,357.1648,233.0415,3.99091424942017,3334,6
51,"Boundary",2020,"04","53",254.6452,-0.328376440014951,350,231.5486,338.5485,255.5095,7.10932335853577,3383,12
51,"Boundary",2020,"07","68",314.6598,-0.0154144349806034,400,215.991,318.5741,253.9373,7.10932335853577,3383,12
51,"Boundary",2021,"04","93",466.6545,-0.21093614643131,461.0207,92.1313,490.3953,112.5497,15.2406962871552,131408,38
51,"Boundary",2021,"07","86",457.9996,-0.135822739814141,444.7834,100.8501,474.0476,118.154,15.2406962871552,131408,38
51,"Boundary",2022,"04","92",442.4021,-0.330881129391556,437.8969,83.9532,479.387,111.777,5.49081420898438,6958,17
51,"Boundary",2022,"07","107",442.5169,-0.224539408128993,434.9296,95.6997,468.296,114.8088,5.49081420898438,6958,17
51,"Boundary",2023,"04","88",452.334,-0.22189756525028,460.3367,100.6286,477.3267,112.6317,12.2455528259277,58103,20
51,"Boundary",2023,"07","90",444.6516,-0.134232288938246,435.1479,97.6136,460.2924,116.5204,12.2455528259277,58103,20
51,"Boundary",2024,"04","91",467.684,-0.111699449245287,473.2755,88.4506,479.7736,108.2333,7.22281007766724,3940,23
51,"Boundary",2024,"07","100",450.7981,-0.16828403566541,430.1598,100.0365,469.7227,112.4563,7.22281007766724,3940,23
52,"Prince Rupert",2017,"04","137",401,0.138850000311109,400,119.7767,369.7585,225.0018,3.09485187530518,0,0
52,"Prince Rupert",2017,"07","102",344.552,-0.0919509838009631,395,181.5676,365.4176,226.9209,3.09485187530518,0,0
52,"Prince Rupert",2018,"04","131",382.9034,0.0928908170782289,413,154.7972,361.6057,229.2767,2.79759068489075,0,0
52,"Prince Rupert",2018,"07","133",378.6067,0.0948279286155886,414.5,158.6695,356.6422,231.6248,2.79759068489075,0,0
52,"Prince Rupert",2019,"04","153",408.0373,0.176287883929833,431,140.8634,366.7404,234.2583,3.25626420974731,1,1
52,"Prince Rupert",2019,"07","131",375.4414,0.0784263747015015,406,150.5392,357.1648,233.0415,3.25626420974731,1,1
52,"Prince Rupert",2020,"04","69",276.4912,-0.242876683645814,336.5,242.0654,338.5485,255.5095,3.49926948547363,40,1
52,"Prince Rupert",2020,"07","91",275.9868,-0.167707934202655,333,245.4568,318.5741,253.9373,3.49926948547363,40,1
52,"Prince Rupert",2021,"04","107",409.2819,-0.720689615343266,394.2437,118.5587,490.3953,112.5497,2.69475197792053,4,1
52,"Prince Rupert",2021,"07","126",428.0458,-0.389337644091609,420.7291,115.7186,474.0476,118.154,2.69475197792053,4,1
52,"Prince Rupert",2022,"04","94",383.4797,-0.858023564776296,372.6503,106.648,479.387,111.777,2.40707120895386,54,1
52,"Prince Rupert",2022,"07","136",367.542,-0.877580812620635,346.1678,96.5308,468.296,114.8088,2.40707120895386,54,1
52,"Prince Rupert",2023,"04","76",419.1859,-0.516202809688569,410.9845,121.1566,477.3267,112.6317,3.88028545379639,506,4
52,"Prince Rupert",2023,"07","68",360.7867,-0.85397664271664,352.1182,83.1476,460.2924,116.5204,3.88028545379639,506,4
52,"Prince Rupert",2024,"04","103",387.5216,-0.852343964380648,365.651,107.9324,479.7736,108.2333,3.27452096939087,123,2
52,"Prince Rupert",2024,"07","117",407.685,-0.551660511683205,404.9672,113.1693,469.7227,112.4563,3.27452096939087,123,2
53,"Okanagan Similkameen",2017,"04","181",442.0923,0.321480983707686,468,151.4596,369.7585,225.0018,22.8743590831757,18373,14
53,"Okanagan Similkameen",2017,"07","144",421.6564,0.247834377529791,454,174.5803,365.4176,226.9209,22.8743590831757,18373,14
53,"Okanagan Similkameen",2018,"04","138",420.5232,0.2569711619192,452,154.7956,361.6057,229.2767,13.6062047958374,43976,34
53,"Okanagan Similkameen",2018,"07","181",434.1762,0.334739630644042,452,141.4091,356.6422,231.6248,13.6062047958374,43976,34
53,"Okanagan Similkameen",2019,"04","141",449.1974,0.35199179708894,469,153.8381,366.7404,234.2583,3.79744386672974,3348,8
53,"Okanagan Similkameen",2019,"07","172",434.5222,0.331946884996878,443,135.0792,357.1648,233.0415,3.79744386672974,3348,8
53,"Okanagan Similkameen",2020,"04","185",418.239,0.311888599054047,445,166.938,338.5485,255.5095,7.41812391281128,2160,9
53,"Okanagan Similkameen",2020,"07","177",423.1421,0.411786689076398,456,168.113,318.5741,253.9373,7.41812391281128,2160,9
53,"Okanagan Similkameen",2021,"04","158",459.15,-0.277613356588245,446.2524,86.3511,490.3953,112.5497,15.9444799900055,27186,22
53,"Okanagan Similkameen",2021,"07","176",450.0991,-0.202688863686375,442.068,95.9238,474.0476,118.154,15.9444799900055,27186,22
53,"Okanagan Similkameen",2022,"04","159",458.366,-0.188061944765023,440.9922,98.0436,479.387,111.777,9.34196925163269,12783,15
53,"Okanagan Similkameen",2022,"07","153",456.0134,-0.106983088404373,454.4437,95.2221,468.296,114.8088,9.34196925163269,12783,15
53,"Okanagan Similkameen",2023,"04","180",450.3417,-0.239586191098954,453.0082,97.0515,477.3267,112.6317,25.1046629905701,58024,19
53,"Okanagan Similkameen",2023,"07","202",442.5028,-0.152673694906643,446.3946,100.8772,460.2924,116.5204,25.1046629905701,58024,19
53,"Okanagan Similkameen",2024,"04","164",468.9566,-0.0999415152268295,477.7137,90.316,479.7736,108.2333,7.32116255760193,4856,15
53,"Okanagan Similkameen",2024,"07","174",454.7247,-0.133367361366148,460.4588,91.3959,469.7227,112.4563,7.32116255760193,4856,15
54,"Bulkley Valley",2017,"04","133",467.087,0.432567650569906,472,128.2136,369.7585,225.0018,4.31452860832214,69,3
54,"Bulkley Valley",2017,"07","123",456.7923,0.402672032413057,465.5,145.0845,365.4176,226.9209,4.31452860832214,69,3
54,"Bulkley Valley",2018,"04","146",407.1392,0.198596281261899,421.5,158.7078,361.6057,229.2767,10.7705777645111,128036,14
54,"Bulkley Valley",2018,"07","137",455.8699,0.428398427111432,485.5,158.9903,356.6422,231.6248,10.7705777645111,128036,14
54,"Bulkley Valley",2019,"04","137",422.1486,0.236526091071266,445.5,151.9039,366.7404,234.2583,5.17784910202026,4,2
54,"Bulkley Valley",2019,"07","124",436.8258,0.341831819654439,432.5,157.6946,357.1648,233.0415,5.17784910202026,4,2
54,"Bulkley Valley",2020,"04","113",392.9259,0.212819484207045,431,201.7982,338.5485,255.5095,3.04405665397644,46,2
54,"Bulkley Valley",2020,"07","119",411.1319,0.364490762089697,464,209.5288,318.5741,253.9373,3.04405665397644,46,2
54,"Bulkley Valley",2021,"04","127",480.1448,-0.0910753205028538,481.6485,99.2461,490.3953,112.5497,3.25132393836975,267,2
54,"Bulkley Valley",2021,"07","149",442.5767,-0.266354926621189,434.0551,125.2968,474.0476,118.154,3.25132393836975,267,2
54,"Bulkley Valley",2022,"04","145",450.0602,-0.262368823639926,441.6324,99.3217,479.387,111.777,3.70792746543884,347,5
54,"Bulkley Valley",2022,"07","148",438.5889,-0.258752813373191,425.6384,104.533,468.296,114.8088,3.70792746543884,347,5
54,"Bulkley Valley",2023,"04","135",430.138,-0.418964643168842,426.0387,94.9386,477.3267,112.6317,8.6259313583374,35067,40
54,"Bulkley Valley",2023,"07","141",439.3907,-0.179382322752068,413.2249,131.9556,460.2924,116.5204,8.6259313583374,35067,40
54,"Bulkley Valley",2024,"04","124",465.7687,-0.129395481797191,466.1937,103.0755,479.7736,108.2333,5.80285320281982,61562,12
54,"Bulkley Valley",2024,"07","119",489.993,0.180250461734914,475.0591,121.0198,469.7227,112.4563,5.80285320281982,61562,12
57,"Prince George",2017,"04","936",410.3009,0.180187002948421,423,141.0195,369.7585,225.0018,8.16443724632263,439213,50
57,"Prince George",2017,"07","873",404.2996,0.171346050540078,416,137.9422,365.4176,226.9209,8.16443724632263,439213,50
57,"Prince George",2018,"04","970",394.2733,0.142481115612707,424,156.0446,361.6057,229.2767,11.8408372879028,118825,87
57,"Prince George",2018,"07","870",408.5365,0.22404466188422,441,147.7587,356.6422,231.6248,11.8408372879028,118825,87
57,"Prince George",2019,"04","917",409.4842,0.182464399340386,431,146.7405,366.7404,234.2583,5.17503628730774,95,8
57,"Prince George",2019,"07","937",402.6956,0.195376360004549,419,141.9022,357.1648,233.0415,5.17503628730774,95,8
57,"Prince George",2020,"04","808",379.1373,0.158854367450134,428,191.8916,338.5485,255.5095,4.05429217815399,34,5
57,"Prince George",2020,"07","859",368.2069,0.19545297205255,410.5,180.2828,318.5741,253.9373,4.05429217815399,34,5
57,"Prince George",2021,"04","879",440.016,-0.447618252203249,437.2239,100.5037,490.3953,112.5497,6.93570141792297,56729,67
57,"Prince George",2021,"07","940",432.4653,-0.351933070399648,434.1701,101.0731,474.0476,118.154,6.93570141792297,56729,67
57,"Prince George",2022,"04","906",430.4878,-0.437471036080768,427.2566,93.0653,479.387,111.777,4.95587177276611,32919,25
57,"Prince George",2022,"07","932",420.3427,-0.417679655218067,417.843,97.615,468.296,114.8088,4.95587177276611,32919,25
57,"Prince George",2023,"04","873",427.1507,-0.445487371672451,430.9376,100.3544,477.3267,112.6317,27.7876602172852,290806,105
57,"Prince George",2023,"07","879",421.3075,-0.334575748109344,414.0032,104.7601,460.2924,116.5204,27.7876602172852,290806,105
57,"Prince George",2024,"04","842",441.7513,-0.351299461441164,453.2565,100.2559,479.7736,108.2333,9.86270475387573,24908,70
57,"Prince George",2024,"07","911",430.2487,-0.351016350351203,426.1634,94.807,469.7227,112.4563,9.86270475387573,24908,70
58,"Nicola-Similkameen",2017,"04","129",428.7483,0.262174791490557,453,171.5936,369.7585,225.0018,15.0864860057831,198251,33
58,"Nicola-Similkameen",2017,"07","156",417.7485,0.230612958083632,441,157.0484,365.4176,226.9209,15.0864860057831,198251,33
58,"Nicola-Similkameen",2018,"04","132",378.1333,0.0720858246825779,408,171.2035,361.6057,229.2767,9.62467088699341,48302,60
58,"Nicola-Similkameen",2018,"07","149",417.3625,0.26214938987535,442.5,143.5012,356.6422,231.6248,9.62467088699341,48302,60
58,"Nicola-Similkameen",2019,"04","134",446.55,0.34069059666189,467,135.0568,366.7404,234.2583,3.71680927276611,1177,17
58,"Nicola-Similkameen",2019,"07","153",419.4198,0.267141260247638,438,137.2277,357.1648,233.0415,3.71680927276611,1177,17
58,"Nicola-Similkameen",2020,"04","134",394.0769,0.217324209080289,436,189.0861,338.5485,255.5095,5.66639928817749,2157,19
58,"Nicola-Similkameen",2020,"07","127",390.5267,0.283347897295907,424,197.5499,318.5741,253.9373,5.66639928817749,2157,19
58,"Nicola-Similkameen",2021,"04","140",397.3262,-0.82691557596333,397.96,85.5753,490.3953,112.5497,12.0246702671051,347773,64
58,"Nicola-Similkameen",2021,"07","129",405.797,-0.577641044738223,399.0149,95.48,474.0476,118.154,12.0246702671051,347773,64
58,"Nicola-Similkameen",2022,"04","120",415.8683,-0.568262701629137,419.0114,97.4922,479.387,111.777,6.9905357837677,19382,46
58,"Nicola-Similkameen",2022,"07","126",434.5661,-0.293791939293852,424.3419,106.0141,468.296,114.8088,6.9905357837677,19382,46
58,"Nicola-Similkameen",2023,"04","123",418.1916,-0.525030697396914,418.8259,112.3279,477.3267,112.6317,9.20546855926514,123653,43
58,"Nicola-Similkameen",2023,"07","153",430.301,-0.257391838682325,415.3712,128.7842,460.2924,116.5204,9.20546855926514,123653,43
58,"Nicola-Similkameen",2024,"04","117",450.6352,-0.269218438317967,460.883,101.0537,479.7736,108.2333,6.63343229293823,28067,30
58,"Nicola-Similkameen",2024,"07","145",427.5422,-0.375083476870571,408.3437,107.5069,469.7227,112.4563,6.63343229293823,28067,30
59,"Peace River South",2017,"04","261",450.5091,0.35888868444608,467,137.3313,369.7585,225.0018,5.14294891357422,469,9
59,"Peace River South",2017,"07","252",436.4701,0.313115715652459,456.5,138.3859,365.4176,226.9209,5.14294891357422,469,9
59,"Peace River South",2018,"04","244",419.7556,0.25362324213494,444,158.7981,361.6057,229.2767,9.5315938949585,613,21
59,"Peace River South",2018,"07","217",428.9079,0.31199465687612,451,135.7024,356.6422,231.6248,9.5315938949585,613,21
59,"Peace River South",2019,"04","255",444.3722,0.331394021044292,452.5,137.5065,366.7404,234.2583,6.63809552192688,331,6
59,"Peace River South",2019,"07","274",413.2509,0.240670009418923,419,130.2747,357.1648,233.0415,6.63809552192688,331,6
59,"Peace River South",2020,"04","262",413.3299,0.292675614801015,454,165.5216,338.5485,255.5095,3.15788865089417,61,5
59,"Peace River South",2020,"07","232",395.0372,0.301110155932193,436,177.1328,318.5741,253.9373,3.15788865089417,61,5
59,"Peace River South",2021,"04","244",437.4967,-0.470002141276254,427.0513,99.9394,490.3953,112.5497,5.90595555305481,13989,23
59,"Peace River South",2021,"07","231",440.171,-0.286715642297341,446.7264,99.2878,474.0476,118.154,5.90595555305481,13989,23
59,"Peace River South",2022,"04","282",442.9407,-0.326062606797463,442.1117,93.7879,479.387,111.777,6.0575674533844,39375,25
59,"Peace River South",2022,"07","252",446.6342,-0.188677174571984,444.9216,98.7311,468.296,114.8088,6.0575674533844,39375,25
59,"Peace River South",2023,"04","277",451.6885,-0.227628633857076,452.3185,94.7908,477.3267,112.6317,40.3408996582031,80627,52
59,"Peace River South",2023,"07","301",425.0558,-0.302407132141668,427.1502,91.4204,460.2924,116.5204,40.3408996582031,80627,52
59,"Peace River South",2024,"04","275",455.5137,-0.224144510053745,457.9709,91.1361,479.7736,108.2333,10.4493045806885,2031,29
59,"Peace River South",2024,"07","239",421.8589,-0.425621330241169,430.1219,83.238,469.7227,112.4563,10.4493045806885,2031,29
60,"Peace River North",2017,"04","473",457.5178,0.390038213027629,470,152.1689,369.7585,225.0018,3.93157362937927,414,12
60,"Peace River North",2017,"07","386",425.7242,0.265760447803618,448,152.354,365.4176,226.9209,3.93157362937927,414,12
60,"Peace River North",2018,"04","476",418.2539,0.247073514229749,437,140.5726,361.6057,229.2767,8.92743110656738,58703,63
60,"Peace River North",2018,"07","383",410.6024,0.232963827707568,422.5,145.5152,356.6422,231.6248,8.92743110656738,58703,63
60,"Peace River North",2019,"04","439",414.8542,0.205387813366698,442,166.2536,366.7404,234.2583,7.04558081626892,1045,13
60,"Peace River North",2019,"07","450",403.014,0.196742640259353,425,165.5048,357.1648,233.0415,7.04558081626892,1045,13
60,"Peace River North",2020,"04","408",421.0304,0.322813437465143,465.5,176.8828,338.5485,255.5095,2.96174895763397,58,4
60,"Peace River North",2020,"07","393",381.0526,0.246039081300778,429,193.1799,318.5741,253.9373,2.96174895763397,58,4
60,"Peace River North",2021,"04","442",472.8611,-0.155790730672761,470.8335,101.2167,490.3953,112.5497,6.48635911941528,66901,28
60,"Peace River North",2021,"07","448",430.1755,-0.371312862873876,428.4184,108.5098,474.0476,118.154,6.48635911941528,66901,28
60,"Peace River North",2022,"04","445",460.3591,-0.170230906179268,454.7094,89.8087,479.387,111.777,6.63224911689758,35350,33
60,"Peace River North",2022,"07","397",425.0991,-0.376250775201901,423.4756,99.3685,468.296,114.8088,6.63224911689758,35350,33
60,"Peace River North",2023,"04","408",449.3075,-0.248768330763009,446.1891,93.2826,477.3267,112.6317,78.8099227905273,1634480,83
60,"Peace River North",2023,"07","408",408.4302,-0.445091160002883,411.7332,101.1263,460.2924,116.5204,78.8099227905273,1634480,83
60,"Peace River North",2024,"04","433",460.2181,-0.18067914403423,459.1763,87.3981,479.7736,108.2333,15.6834568023682,37892,43
60,"Peace River North",2024,"07","431",422.0935,-0.423535186556911,417.4035,96.8515,469.7227,112.4563,15.6834568023682,37892,43
61,"Greater Victoria",2017,"04","997",307.302,-0.277582223786654,396,235.3798,369.7585,225.0018,8.37495079040527,3,2
61,"Greater Victoria",2017,"07","892",301.7981,-0.280359808197482,391,234.9946,365.4176,226.9209,8.37495079040527,3,2
61,"Greater Victoria",2018,"04","799",257.9489,-0.452103506374612,318.5,253.5494,361.6057,229.2767,6.56635465621948,91,3
61,"Greater Victoria",2018,"07","726",240.7015,-0.500553913052488,286,244.2521,356.6422,231.6248,6.56635465621948,91,3
61,"Greater Victoria",2019,"04","884",280.3772,-0.368666553116795,381,253.5648,366.7404,234.2583,4.08874564170837,3,1
61,"Greater Victoria",2019,"07","755",246.6853,-0.474076505686755,287,241.4422,357.1648,233.0415,4.08874564170837,3,1
61,"Greater Victoria",2020,"04","816",274.3896,-0.251101818132007,351.5,262.9452,338.5485,255.5095,6.84229426383972,12,5
61,"Greater Victoria",2020,"07","839",269.9135,-0.191624467929682,338,245.7806,318.5741,253.9373,6.84229426383972,12,5
61,"Greater Victoria",2021,"04","900",498.769,0.0744000206131157,505.2581,100.4935,490.3953,112.5497,4.90326528549194,30,1
61,"Greater Victoria",2021,"07","782",451.5631,-0.19029825481998,460.1279,116.0761,474.0476,118.154,4.90326528549194,30,1
61,"Greater Victoria",2022,"04","948",485.1918,0.05193197169364,488.0429,108.372,479.387,111.777,3.79376921653748,0,0
61,"Greater Victoria",2022,"07","783",448.0368,-0.176460341019155,446.5239,109.4938,468.296,114.8088,3.79376921653748,0,0
61,"Greater Victoria",2023,"04","935",483.2132,0.0522632615862138,489.9402,98.8907,477.3267,112.6317,5.26599140167236,2,1
61,"Greater Victoria",2023,"07","791",454.367,-0.0508528978616617,458.8557,109.8478,460.2924,116.5204,5.26599140167236,2,1
61,"Greater Victoria",2024,"04","1290",478.0679,-0.015759475133808,486.8346,100.7669,479.7736,108.2333,5.60325136184692,158,1
61,"Greater Victoria",2024,"07","1323",450.1673,-0.173893325674062,451.5401,96.5575,469.7227,112.4563,5.60325136184692,158,1
62,"Sooke",2017,"04","319",175.3034,-0.864237974985089,0,228.6431,369.7585,225.0018,5.18103227615356,3,2
62,"Sooke",2017,"07","212",116.1841,-1.09832765514327,0,198.545,365.4176,226.9209,5.18103227615356,3,2
62,"Sooke",2018,"04","314",172.4994,-0.824795105651817,0,229.4617,361.6057,229.2767,5.8392352104187,291,5
62,"Sooke",2018,"07","217",119.376,-1.02435576846693,0,200.4657,356.6422,231.6248,5.8392352104187,291,5
62,"Sooke",2019,"04","312",167.304,-0.851352545459435,0,231.9923,366.7404,234.2583,3.4563768863678,19,2
62,"Sooke",2019,"07","251",131.2373,-0.969473248327015,0,203.5083,357.1648,233.0415,3.4563768863678,19,2
62,"Sooke",2020,"04","244",148.6529,-0.743203677358376,0,235.5334,338.5485,255.5095,5.84179840087891,36,8
62,"Sooke",2020,"07","211",108.5345,-0.827131736850002,0,198.7285,318.5741,253.9373,5.84179840087891,36,8
62,"Sooke",2021,"04","374",452.0505,-0.340692156442887,456.4667,97.9944,490.3953,112.5497,4.49830951690674,91,2
62,"Sooke",2021,"07","249",437.0128,-0.313445164784941,438.4975,115.9364,474.0476,118.154,4.49830951690674,91,2
62,"Sooke",2022,"04","556",425.1367,-0.485344033208978,427.857,101.6769,479.387,111.777,3.15481648445129,0,0
62,"Sooke",2022,"07","457",404.9559,-0.551700740709771,403.1716,104.9221,468.296,114.8088,3.15481648445129,0,0
62,"Sooke",2023,"04","659",428.6858,-0.431857993797484,435.4515,106.3956,477.3267,112.6317,4.98529047966003,31,3
62,"Sooke",2023,"07","614",403.6707,-0.48593808466157,402.5432,102.7121,460.2924,116.5204,4.98529047966003,31,3
62,"Sooke",2024,"04","813",444.9656,-0.321601577333408,450.9937,93.054,479.7736,108.2333,4.12902808189392,161,3
62,"Sooke",2024,"07","781",411.2289,-0.520146937076891,409.8516,103.9846,469.7227,112.4563,4.12902808189392,161,3
63,"Saanich",2017,"04","360",383.0022,0.0588604180055448,458,219.7258,369.7585,225.0018,7.15465593338013,3,2
63,"Saanich",2017,"07","345",303.5387,-0.272689293934582,408,248.6767,365.4176,226.9209,7.15465593338013,3,2
63,"Saanich",2018,"04","350",360.8917,-0.00311414112293137,450,227.2838,361.6057,229.2767,6.39063911437988,91,3
63,"Saanich",2018,"07","351",296.8252,-0.258249548407597,390,239.0781,356.6422,231.6248,6.39063911437988,91,3
63,"Saanich",2019,"04","383",368.6069,0.00796770061082136,450.5,221.0322,366.7404,234.2583,3.85704131126404,3,1
63,"Saanich",2019,"07","300",264.0038,-0.399761415885153,342,243.476,357.1648,233.0415,3.85704131126404,3,1
63,"Saanich",2020,"04","319",337.0454,-0.00588275582708282,451,256.5121,338.5485,255.5095,6.75709671974182,19,7
63,"Saanich",2020,"07","244",207.9642,-0.435579570232494,0,253.5267,318.5741,253.9373,6.75709671974182,19,7
63,"Saanich",2021,"04","381",495.5902,0.0461564979737837,500.5765,104.6559,490.3953,112.5497,4.41692023277283,91,2
63,"Saanich",2021,"07","278",467.0862,-0.0589180222421583,467.4083,104.4821,474.0476,118.154,4.41692023277283,91,2
63,"Saanich",2022,"04","347",480.2914,0.00809110997790252,481.1077,101.1922,479.387,111.777,4.03016214370728,0,0
63,"Saanich",2022,"07","312",459.7716,-0.0742486638654878,462.086,107.1501,468.296,114.8088,4.03016214370728,0,0
63,"Saanich",2023,"04","421",478.6054,0.0113529317234842,481.299,98.1663,477.3267,112.6317,5.3712495803833,2,1
63,"Saanich",2023,"07","302",456.9721,-0.0284954394251991,459.3015,113.035,460.2924,116.5204,5.3712495803833,2,1
63,"Saanich",2024,"04","430",474.68,-0.0470613018359413,484.9823,98.0833,479.7736,108.2333,5.13632969856262,158,1
63,"Saanich",2024,"07","316",478.8543,0.0812013199794058,484.3491,104.7372,469.7227,112.4563,5.13632969856262,158,1
64,"Gulf Islands",2017,"04","65",243.6176,-0.560621737248324,0,262.3848,369.7585,225.0018,7.74830913543701,3,2
64,"Gulf Islands",2017,"07","54",215.8158,-0.659268493999451,0,235.6717,365.4176,226.9209,7.74830913543701,3,2
64,"Gulf Islands",2018,"04","56",228.6935,-0.579702167730083,0,261.3746,361.6057,229.2767,6.19214363098145,292,6
64,"Gulf Islands",2018,"07","70",246.3681,-0.47608934794547,0,261.1928,356.6422,231.6248,6.19214363098145,292,6
64,"Gulf Islands",2019,"04","122",471.7273,0.448167258107824,513,165.2537,366.7404,234.2583,4.03773159980774,7,2
64,"Gulf Islands",2019,"07","124",443.197,0.369171156210374,467.5,143.0449,357.1648,233.0415,4.03773159980774,7,2
64,"Gulf Islands",2020,"04","92",490.9388,0.596417354344946,519,153.0576,338.5485,255.5095,6.75840516090393,19,7
64,"Gulf Islands",2020,"07","120",465.6614,0.579226840641371,489,141.2613,318.5741,253.9373,6.75840516090393,19,7
64,"Gulf Islands",2021,"04","88",526.4129,0.320015068898451,518.7283,92.2188,490.3953,112.5497,4.44332914352417,91,2
64,"Gulf Islands",2021,"07","111",482.0021,0.0673231545271425,476.3346,77.852,474.0476,118.154,4.44332914352417,91,2
64,"Gulf Islands",2022,"04","94",480.9485,0.0139697791137714,484.6896,99.157,479.387,111.777,4.1980749130249,0,0
64,"Gulf Islands",2022,"07","137",477.3722,0.0790549156510653,492.2957,95.422,468.296,114.8088,4.1980749130249,0,0
64,"Gulf Islands",2023,"04","88",495.4485,0.160894313057514,498.851,95.3241,477.3267,112.6317,5.35700168609619,2,1
64,"Gulf Islands",2023,"07","99",460.4996,0.00177822939159152,466.6075,102.6034,460.2924,116.5204,5.35700168609619,2,1
64,"Gulf Islands",2024,"04","97",475.0226,-0.0438959174302177,495.253,90.8901,479.7736,108.2333,5.70647234916687,167,3
64,"Gulf Islands",2024,"07","109",481.0504,0.100729794595768,483.5023,91.0219,469.7227,112.4563,5.70647234916687,167,3
67,"Okanagan Skaha",2017,"04","387",453.2948,0.37126947428865,469,135.1002,369.7585,225.0018,13.1425912857056,18915,20
67,"Okanagan Skaha",2017,"07","427",430.6826,0.287611233694208,436.5,107.1576,365.4176,226.9209,13.1425912857056,18915,20
67,"Okanagan Skaha",2018,"04","425",456.4717,0.413762061299731,477,126.5759,361.6057,229.2767,10.6810829162598,39450,36
67,"Okanagan Skaha",2018,"07","422",431.6849,0.323983873920237,448,115.771,356.6422,231.6248,10.6810829162598,39450,36
67,"Okanagan Skaha",2019,"04","373",437.3674,0.301491985556115,471,166.5278,366.7404,234.2583,4.15499591827393,3348,8
67,"Okanagan Skaha",2019,"07","435",432.5774,0.323601590274694,447,120.6615,357.1648,233.0415,4.15499591827393,3348,8
67,"Okanagan Skaha",2020,"04","329",442.0457,0.405062042702913,488.5,179.7906,338.5485,255.5095,7.50793719291687,2181,10
67,"Okanagan Skaha",2020,"07","394",407.1933,0.348980634195922,447,167.7535,318.5741,253.9373,7.50793719291687,2181,10
67,"Okanagan Skaha",2021,"04","347",479.6617,-0.0953676464708482,480.6551,92.7786,490.3953,112.5497,13.3231767177582,90845,27
67,"Okanagan Skaha",2021,"07","443",426.1553,-0.405337948778712,424.9822,92.5567,474.0476,118.154,13.3231767177582,90845,27
67,"Okanagan Skaha",2022,"04","374",472.6356,-0.0604006190897948,481.3376,92.2887,479.387,111.777,7.91875472068787,6617,10
67,"Okanagan Skaha",2022,"07","426",433.947,-0.299184383078649,431.2608,89.9863,468.296,114.8088,7.91875472068787,6617,10
67,"Okanagan Skaha",2023,"04","366",458.8012,-0.164478561541733,459.6502,98.6583,477.3267,112.6317,12.3358031272888,58024,19
67,"Okanagan Skaha",2023,"07","384",432.8942,-0.235136508285244,430.6834,93.8359,460.2924,116.5204,12.3358031272888,58024,19
67,"Okanagan Skaha",2024,"04","387",472.0885,-0.0710049494933627,475.0376,90.9762,479.7736,108.2333,6.71795144081116,4868,16
67,"Okanagan Skaha",2024,"07","385",451.9054,-0.15843754418383,451.2544,87.5417,469.7227,112.4563,6.71795144081116,4868,16
68,"Nanaimo-Ladysmith",2017,"04","742",293.5357,-0.338765289877681,370,221.1089,369.7585,225.0018,7.02901539802551,19,5
68,"Nanaimo-Ladysmith",2017,"07","649",274.8464,-0.399131150986974,344,231.5579,365.4176,226.9209,7.02901539802551,19,5
68,"Nanaimo-Ladysmith",2018,"04","753",297.6785,-0.278821179823331,372,225.9251,361.6057,229.2767,5.76721782684326,268,9
68,"Nanaimo-Ladysmith",2018,"07","719",308.3933,-0.208306278084212,390,222.0837,356.6422,231.6248,5.76721782684326,268,9
68,"Nanaimo-Ladysmith",2019,"04","828",335.2151,-0.134574954227876,411,215.9982,366.7404,234.2583,3.56175084114075,45,8
68,"Nanaimo-Ladysmith",2019,"07","873",329.8029,-0.117412134748532,400,217.9548,357.1648,233.0415,3.56175084114075,45,8
68,"Nanaimo-Ladysmith",2020,"04","633",254.0267,-0.330797093650138,306.5,244.8778,338.5485,255.5095,5.49109053611755,31,5
68,"Nanaimo-Ladysmith",2020,"07","550",214.7444,-0.408879278467559,0,239.1626,318.5741,253.9373,5.49109053611755,31,5
68,"Nanaimo-Ladysmith",2021,"04","702",454.8173,-0.316109238851814,457.6329,108.6085,490.3953,112.5497,4.26177315711975,95,4
68,"Nanaimo-Ladysmith",2021,"07","700",441.5673,-0.27489801445571,450.1607,112.0968,474.0476,118.154,4.26177315711975,95,4
68,"Nanaimo-Ladysmith",2022,"04","749",431.5852,-0.427653273929342,436.3577,104.8566,479.387,111.777,3.5620285987854,6,1
68,"Nanaimo-Ladysmith",2022,"07","743",425.6424,-0.371518559552926,420.2224,109.4429,468.296,114.8088,3.5620285987854,6,1
68,"Nanaimo-Ladysmith",2023,"04","986",435.8732,-0.368044697895886,438.655,108.8852,477.3267,112.6317,4.73152589797974,408,4
68,"Nanaimo-Ladysmith",2023,"07","1001",420.4656,-0.341801092340912,423.7486,113.3457,460.2924,116.5204,4.73152589797974,408,4
68,"Nanaimo-Ladysmith",2024,"04","1066",431.6865,-0.444291174712403,437.19,104.7456,479.7736,108.2333,4.50160975456238,13,6
68,"Nanaimo-Ladysmith",2024,"07","1018",437.4839,-0.286678469770035,437.838,110.2322,469.7227,112.4563,4.50160975456238,13,6
69,"Qualicum",2017,"04","296",404.5368,0.154568985670337,435,155.3162,369.7585,225.0018,7.13340711593628,17,4
69,"Qualicum",2017,"07","286",402.2384,0.162262709164295,443,166.09,365.4176,226.9209,7.13340711593628,17,4
69,"Qualicum",2018,"04","268",377.1175,0.0676553701270124,425,178.9346,361.6057,229.2767,5.33141593933105,268,9
69,"Qualicum",2018,"07","276",426.3642,0.301012672218173,453.5,155.3031,356.6422,231.6248,5.33141593933105,268,9
69,"Qualicum",2019,"04","250",415.4806,0.208061784790549,451,177.2683,366.7404,234.2583,3.52609553337097,45,8
69,"Qualicum",2019,"07","297",413.7424,0.242779075829841,447,165.8731,357.1648,233.0415,3.52609553337097,45,8
69,"Qualicum",2020,"04","169",243.1873,-0.373219782434704,249,250.4127,338.5485,255.5095,5.35872554779053,24,3
69,"Qualicum",2020,"07","186",257.9577,-0.238706168806237,291,256.3195,318.5741,253.9373,5.35872554779053,24,3
69,"Qualicum",2021,"04","248",455.4787,-0.31023272385444,453.4449,100.7461,490.3953,112.5497,4.23198227882385,95,4
69,"Qualicum",2021,"07","254",457.5602,-0.139541615180188,464.8899,108.2404,474.0476,118.154,4.23198227882385,95,4
69,"Qualicum",2022,"04","328",480.3497,0.00861268418368702,473.2765,97.1551,479.387,111.777,3.47901787757874,8,2
69,"Qualicum",2022,"07","283",450.879,-0.151704398965933,456.8949,99.076,468.296,114.8088,3.47901787757874,8,2
69,"Qualicum",2023,"04","294",476.3114,-0.00901433610608758,478.7007,98.4662,477.3267,112.6317,4.54075651168823,409,6
69,"Qualicum",2023,"07","315",466.6329,0.0544153641765735,483.3418,101.205,460.2924,116.5204,4.54075651168823,409,6
69,"Qualicum",2024,"04","320",492.341,0.116113987100089,501.4199,94.2222,479.7736,108.2333,4.53997468948364,13,6
69,"Qualicum",2024,"07","335",464.789,-0.0438721530052117,465.8448,88.9266,469.7227,112.4563,4.53997468948364,13,6
70,"Pacific Rim",2017,"04","263",438.75,0.306626435877402,437.5,143.9757,369.7585,225.0018,4.65929574966431,20,6
70,"Pacific Rim",2017,"07","261",430.6509,0.287471537438817,449,138.0235,365.4176,226.9209,4.65929574966431,20,6
70,"Pacific Rim",2018,"04","295",428.7418,0.292816932553548,443,125.6859,361.6057,229.2767,6.80346655845642,2012,13
70,"Pacific Rim",2018,"07","265",416.1828,0.257056239228269,430,131.7699,356.6422,231.6248,6.80346655845642,2012,13
70,"Pacific Rim",2019,"04","280",435.5,0.293520443032328,441,162.8258,366.7404,234.2583,3.37996120452881,23,4
70,"Pacific Rim",2019,"07","276",407.6849,0.21678585144706,416.5,138.9176,357.1648,233.0415,3.37996120452881,23,4
70,"Pacific Rim",2020,"04","215",348.2362,0.0379152242871596,406,201.0687,338.5485,255.5095,4.32616782188416,24,3
70,"Pacific Rim",2020,"07","215",355.5358,0.145554434106372,411,191.3295,318.5741,253.9373,4.32616782188416,24,3
70,"Pacific Rim",2021,"04","233",446.2295,-0.392411530195105,440.3286,99.0561,490.3953,112.5497,3.56606168746948,63,2
70,"Pacific Rim",2021,"07","264",434.4407,-0.335214211960661,432.451,111.9325,474.0476,118.154,3.56606168746948,63,2
70,"Pacific Rim",2022,"04","266",438.6061,-0.364841604265636,436.3942,100.5804,479.387,111.777,3.13931250572205,989,7
70,"Pacific Rim",2022,"07","277",429.1321,-0.341122805917317,428.6588,94.0222,468.296,114.8088,3.13931250572205,989,7
70,"Pacific Rim",2023,"04","273",409.531,-0.601923792324896,412.3534,96.1672,477.3267,112.6317,4.68039088249207,2152,12
70,"Pacific Rim",2023,"07","262",412.8032,-0.407561251077064,414.9376,95.2343,460.2924,116.5204,4.68039088249207,2152,12
70,"Pacific Rim",2024,"04","288",456.3192,-0.216702253373037,461.6997,94.2916,479.7736,108.2333,3.62309708595276,5,4
70,"Pacific Rim",2024,"07","276",418.7014,-0.453698903485176,408.5748,85.38,469.7227,112.4563,3.62309708595276,5,4
71,"Comox Valley",2017,"04","545",392.6092,0.101557854203833,447,189.083,369.7585,225.0018,6.21878819465637,19,6
71,"Comox Valley",2017,"07","497",377.6459,0.0538879406877021,427,198.2775,365.4176,226.9209,6.21878819465637,19,6
71,"Comox Valley",2018,"04","424",316.5016,-0.196723435045951,410.5,234.7148,361.6057,229.2767,6.66310815811157,741,8
71,"Comox Valley",2018,"07","407",307.15,-0.213674010727694,389,226.3486,356.6422,231.6248,6.66310815811157,741,8
71,"Comox Valley",2019,"04","550",356.5944,-0.0433111654955236,430,210.0179,366.7404,234.2583,3.31703343391418,43,7
71,"Comox Valley",2019,"07","553",364.5531,0.0317037952467692,419.5,194.8685,357.1648,233.0415,3.31703343391418,43,7
71,"Comox Valley",2020,"04","566",347.8603,0.0364440461117884,432.5,229.8582,338.5485,255.5095,4.16919522285461,17,1
71,"Comox Valley",2020,"07","548",343.1649,0.0968380777459633,429,236.4483,318.5741,253.9373,4.16919522285461,17,1
71,"Comox Valley",2021,"04","589",472.2783,-0.160968887522579,472.5229,99.9308,490.3953,112.5497,3.76225433349609,4,2
71,"Comox Valley",2021,"07","564",459.1865,-0.125777375289876,464.9951,109.719,474.0476,118.154,3.76225433349609,4,2
71,"Comox Valley",2022,"04","587",461.4471,-0.160497240040438,459.0732,99.7162,479.387,111.777,3.41584982872009,963,7
71,"Comox Valley",2022,"07","599",445.9463,-0.194668875556577,442.5547,101.0389,468.296,114.8088,3.41584982872009,963,7
71,"Comox Valley",2023,"04","616",447.1293,-0.268107468856459,444.874,107.7389,477.3267,112.6317,4.75474510192871,1798,11
71,"Comox Valley",2023,"07","664",455.3574,-0.0423530986848655,453.2433,103.7552,460.2924,116.5204,4.75474510192871,1798,11
71,"Comox Valley",2024,"04","670",467.4123,-0.114209767234298,467.877,105.2195,479.7736,108.2333,4.00786929130554,3,3
71,"Comox Valley",2024,"07","640",479.842,0.0899842872297951,481.8661,101.7612,469.7227,112.4563,4.00786929130554,3,3
72,"Campbell River",2017,"04","401",382.2495,0.055515111434664,416,165.7871,369.7585,225.0018,7.59738283157349,88,5
72,"Campbell River",2017,"07","250",285.314,-0.353002301683097,355,207.8311,365.4176,226.9209,7.59738283157349,88,5
72,"Campbell River",2018,"04","367",379.7512,0.0791423637901277,423,185.1064,361.6057,229.2767,7.8218900680542,26366,29
72,"Campbell River",2018,"07","319",346.645,-0.0431611813588183,402.5,194.7031,356.6422,231.6248,7.8218900680542,26366,29
72,"Campbell River",2019,"04","365",406.0347,0.167739200702814,442,158.5033,366.7404,234.2583,2.86876411437988,44,5
72,"Campbell River",2019,"07","377",374.6575,0.0750625961470382,405,178.3159,357.1648,233.0415,2.86876411437988,44,5
72,"Campbell River",2020,"04","369",391.2706,0.206341055812015,436,192.8835,338.5485,255.5095,3.97412047386169,424,4
72,"Campbell River",2020,"07","356",338.713,0.079306584735681,401,201.2819,318.5741,253.9373,3.97412047386169,424,4
72,"Campbell River",2021,"04","369",456.2591,-0.303298898175651,454.1166,95.8534,490.3953,112.5497,3.58294682502747,19,2
72,"Campbell River",2021,"07","398",446.514,-0.233031467406943,446.567,102.9243,474.0476,118.154,3.58294682502747,19,2
72,"Campbell River",2022,"04","403",428.7993,-0.452577006003024,421.2895,95.3417,479.387,111.777,3.6203887462616,1616,15
72,"Campbell River",2022,"07","362",420.5887,-0.415536962323445,421.9885,101.0458,468.296,114.8088,3.6203887462616,1616,15
72,"Campbell River",2023,"04","445",435.3031,-0.373106327969835,441.0729,98.5291,477.3267,112.6317,7.33831443786621,20176,34
72,"Campbell River",2023,"07","418",418.7531,-0.35649808960491,420.2232,104.3173,460.2924,116.5204,7.33831443786621,20176,34
72,"Campbell River",2024,"04","405",424.848,-0.50747413226798,427.1372,94.9895,479.7736,108.2333,4.00668578147888,493,3
72,"Campbell River",2024,"07","386",426.0428,-0.388416656069958,430.4073,94.2381,469.7227,112.4563,4.00668578147888,493,3
73,"Kamloops-Thompson",2017,"04","1005",429.4825,0.265437876496988,457,154.7586,369.7585,225.0018,14.3830002784729,200160,54
73,"Kamloops-Thompson",2017,"07","970",425.2294,0.263579952309373,447,153.3592,365.4176,226.9209,14.3830002784729,200160,54
73,"Kamloops-Thompson",2018,"04","1154",447.316,0.373829089480091,466,136.4456,361.6057,229.2767,11.3931482315063,29450,113
73,"Kamloops-Thompson",2018,"07","1021",441.6841,0.36715368993303,462,143.6968,356.6422,231.6248,11.3931482315063,29450,113
73,"Kamloops-Thompson",2019,"04","1046",439.9571,0.312546876674167,461.5,145.9517,366.7404,234.2583,4.26193056106567,368,15
73,"Kamloops-Thompson",2019,"07","1111",421.7885,0.277305544291467,449,152.6614,357.1648,233.0415,4.26193056106567,368,15
73,"Kamloops-Thompson",2020,"04","987",417.9798,0.310874155364086,469,185.4333,338.5485,255.5095,5.45293869972229,176,17
73,"Kamloops-Thompson",2020,"07","873",370.9332,0.20618908683364,450.5,221.6222,318.5741,253.9373,5.45293869972229,176,17
73,"Kamloops-Thompson",2021,"04","1076",472.7219,-0.157027517621104,467.3592,96.6656,490.3953,112.5497,16.2005412578583,457774,129
73,"Kamloops-Thompson",2021,"07","1129",450.4449,-0.199762174788835,449.9639,104.997,474.0476,118.154,16.2005412578583,457774,129
73,"Kamloops-Thompson",2022,"04","1051",464.3843,-0.134219920019324,465.2483,101.0535,479.387,111.777,5.1243109703064,6562,53
73,"Kamloops-Thompson",2022,"07","1066",449.8948,-0.160276912571162,451.3229,94.8663,468.296,114.8088,5.1243109703064,6562,53
73,"Kamloops-Thompson",2023,"04","1162",452.7271,-0.218407428814446,454.6869,94.2993,477.3267,112.6317,19.2408010482788,103651,80
73,"Kamloops-Thompson",2023,"07","1148",437.5768,-0.194949553897858,438.7389,97.7744,460.2924,116.5204,19.2408010482788,103651,80
73,"Kamloops-Thompson",2024,"04","1174",468.7996,-0.10139208543027,475.9251,90.9678,479.7736,108.2333,10.0084654808044,43985,98
73,"Kamloops-Thompson",2024,"07","1157",458.3361,-0.101253553602599,453.8618,92.5552,469.7227,112.4563,10.0084654808044,43985,98
74,"Gold Trail",2017,"04","86",367.4659,-0.010189251819319,363.5,108.816,369.7585,225.0018,13.2089817047119,403757,26
74,"Gold Trail",2017,"07","96",371.2358,0.0256397713917052,388.5,144.2799,365.4176,226.9209,13.2089817047119,403757,26
74,"Gold Trail",2018,"04","75",381.6627,0.087479451684362,421,145.9889,361.6057,229.2767,10.3572073459625,17275,50
74,"Gold Trail",2018,"07","71",420.3467,0.275033157071264,418,132.8662,356.6422,231.6248,10.3572073459625,17275,50
74,"Gold Trail",2019,"04","93",393.8526,0.115736347442118,386,110.1096,366.7404,234.2583,3.53583498001099,299,19
74,"Gold Trail",2019,"07","88",393.3222,0.155154339463143,386,98.5297,357.1648,233.0415,3.53583498001099,299,19
74,"Gold Trail",2020,"04","65",422.1857,0.327334991458243,439.5,156.5254,338.5485,255.5095,5.00846428871155,594,21
74,"Gold Trail",2020,"07","86",406.4457,0.346036600373399,430,142.7078,318.5741,253.9373,5.00846428871155,594,21
74,"Gold Trail",2021,"04","83",399.7283,-0.805573004637063,374.8282,103.4272,490.3953,112.5497,13.9555627346039,370543,61
74,"Gold Trail",2021,"07","75",450.3843,-0.200275064746009,451.9272,99.4939,474.0476,118.154,13.9555627346039,370543,61
74,"Gold Trail",2022,"04","73",410.439,-0.616835306011075,383.811,100.1418,479.387,111.777,7.39522957801819,15919,55
74,"Gold Trail",2022,"07","75",424.1921,-0.384150866484102,416.0674,116.0584,468.296,114.8088,7.39522957801819,15919,55
74,"Gold Trail",2023,"04","67",396.9076,-0.714000587756378,379.9905,105.1727,477.3267,112.6317,12.6307195663452,45469,51
74,"Gold Trail",2023,"07","73",411.8846,-0.415444849142296,397.3053,118.8125,460.2924,116.5204,12.6307195663452,45469,51
74,"Gold Trail",2024,"04","77",426.4777,-0.492416843984245,421.1528,85.2922,479.7736,108.2333,7.00162963867187,27211,53
74,"Gold Trail",2024,"07","81",389.8071,-0.710636931857086,392.3505,103.6597,469.7227,112.4563,7.00162963867187,27211,53
75,"Mission",2017,"04","356",328.0907,-0.185188740712297,395,211.9319,369.7585,225.0018,6.52634077072144,188,5
75,"Mission",2017,"07","382",364.4051,-0.00446190721083862,395,156.0146,365.4176,226.9209,6.52634077072144,188,5
75,"Mission",2018,"04","375",364.9814,0.0147232579673381,436,213.2306,361.6057,229.2767,5.89046812057495,978,9
75,"Mission",2018,"07","400",372.1892,0.0671214826737035,397,148.9223,356.6422,231.6248,5.89046812057495,978,9
75,"Mission",2019,"04","390",340.3676,-0.112580002501512,410,215.9798,366.7404,234.2583,5.2213719367981,5,1
75,"Mission",2019,"07","337",308.2341,-0.209965606984164,370,200.4427,357.1648,233.0415,5.2213719367981,5,1
75,"Mission",2020,"04","249",225.4912,-0.4424778726427,0,241.5555,338.5485,255.5095,5.77052311897278,402,5
75,"Mission",2020,"07","199",177.7614,-0.554517591547205,0,218.6122,318.5741,253.9373,5.77052311897278,402,5
75,"Mission",2021,"04","268",454.2327,-0.321303388636309,451.0375,98.8477,490.3953,112.5497,5.15682182312012,1383,8
75,"Mission",2021,"07","352",389.3972,-0.716441254633783,390.3834,95.1431,474.0476,118.154,5.15682182312012,1383,8
75,"Mission",2022,"04","314",416.7602,-0.560283421455219,411.4198,105.4846,479.387,111.777,5.96398038864136,5004,8
75,"Mission",2022,"07","236",387.4856,-0.703869389802872,376.9593,92.1652,468.296,114.8088,5.96398038864136,5004,8
75,"Mission",2023,"04","288",419.6222,-0.512329122263093,422.4941,99.5478,477.3267,112.6317,7.22618789672852,16807,16
75,"Mission",2023,"07","271",384.5571,-0.649974596722977,391.6217,100.1566,460.2924,116.5204,7.22618789672852,16807,16
75,"Mission",2024,"04","514",427.9353,-0.478949639343899,430.9463,106.7842,479.7736,108.2333,6.20389757156372,664,9
75,"Mission",2024,"07","470",398.4342,-0.633921798956572,392.4818,88.8706,469.7227,112.4563,6.20389757156372,664,9
78,"Fraser-Cascade",2017,"04","113",332.366,-0.166187559388414,380,215.9159,369.7585,225.0018,8.42314310073852,14045,13
78,"Fraser-Cascade",2017,"07","96",270.9643,-0.416238874427168,336.5,201.0177,365.4176,226.9209,8.42314310073852,14045,13
78,"Fraser-Cascade",2018,"04","82",257.9209,-0.452225629555903,320,226.8483,361.6057,229.2767,7.58072080612183,27045,29
78,"Fraser-Cascade",2018,"07","83",273.843,-0.357471220698302,340,201.8178,356.6422,231.6248,7.58072080612183,27045,29
78,"Fraser-Cascade",2019,"04","80",318.4228,-0.20625779321373,429,247.5414,366.7404,234.2583,4.67412056922913,31,7
78,"Fraser-Cascade",2019,"07","78",224.3429,-0.569949558340467,290.5,212.0592,357.1648,233.0415,4.67412056922913,31,7
78,"Fraser-Cascade",2020,"04","50",172.6815,-0.649161772849933,0,235.0985,338.5485,255.5095,5.37818746566772,596,16
78,"Fraser-Cascade",2020,"07","65",189.517,-0.508224274259827,0,223.0345,318.5741,253.9373,5.37818746566772,596,16
78,"Fraser-Cascade",2021,"04","43",406.1482,-0.748532426119306,405.0783,98.7128,490.3953,112.5497,7.94433813095093,117448,21
78,"Fraser-Cascade",2021,"07","85",393.9168,-0.678189481524112,379.5831,95.4892,474.0476,118.154,7.94433813095093,117448,21
78,"Fraser-Cascade",2022,"04","35",374.4896,-0.938452454440538,370.0252,98.3066,479.387,111.777,9.09447994232178,17402,30
78,"Fraser-Cascade",2022,"07","63",380.9772,-0.760558424092927,380.4131,96.2541,468.296,114.8088,9.09447994232178,17402,30
78,"Fraser-Cascade",2023,"04","84",427.0019,-0.446808491747883,436.8473,97.387,477.3267,112.6317,8.86423215866089,61906,37
78,"Fraser-Cascade",2023,"07","89",351.673,-0.932192131163298,344.8542,86.3691,460.2924,116.5204,8.86423215866089,61906,37
78,"Fraser-Cascade",2024,"04","129",450.1642,-0.273570148928287,448.0236,94.0219,479.7736,108.2333,6.0340904712677,28546,25
78,"Fraser-Cascade",2024,"07","115",418.78,-0.452999965319862,423.793,101.7793,469.7227,112.4563,6.0340904712677,28546,25
79,"Cowichan Valley",2017,"04","336",252.0051,-0.523344257690383,338.5,227.2695,369.7585,225.0018,4.94328417778015,20,5
79,"Cowichan Valley",2017,"07","320",252.9231,-0.495743230350311,327,230.8996,365.4176,226.9209,4.94328417778015,20,5
79,"Cowichan Valley",2018,"04","307",223.9354,-0.600454821619467,240.5,226.5825,361.6057,229.2767,5.89190812110901,353,11
79,"Cowichan Valley",2018,"07","302",217.5164,-0.600651570988944,0,230.1649,356.6422,231.6248,5.89190812110901,353,11
79,"Cowichan Valley",2019,"04","330",219.5893,-0.628157465498554,214,223.7081,366.7404,234.2583,3.42672433853149,24,4
79,"Cowichan Valley",2019,"07","392",235.8613,-0.520523168620181,282,209.5888,357.1648,233.0415,3.42672433853149,24,4
79,"Cowichan Valley",2020,"04","481",343.2122,0.0182525502965643,422,215.2337,338.5485,255.5095,5.2684467792511,36,8
79,"Cowichan Valley",2020,"07","461",313.6783,-0.0192795623171547,376,209.7195,318.5741,253.9373,5.2684467792511,36,8
79,"Cowichan Valley",2021,"04","509",419.3724,-0.631035889033911,419.4019,106.1395,490.3953,112.5497,3.8973904132843,93,3
79,"Cowichan Valley",2021,"07","516",415.0634,-0.49921458435601,420.2875,108.2706,474.0476,118.154,3.8973904132843,93,3
79,"Cowichan Valley",2022,"04","592",413.6389,-0.588207770829419,412.1529,95.1541,479.387,111.777,3.21502151489258,6,1
79,"Cowichan Valley",2022,"07","549",408.1319,-0.52403735602149,403.0615,103.3487,468.296,114.8088,3.21502151489258,6,1
79,"Cowichan Valley",2023,"04","604",413.2018,-0.569332612399529,417.1469,103.3003,477.3267,112.6317,4.51695790290833,231,4
79,"Cowichan Valley",2023,"07","620",403.9465,-0.4835711171606,398.8948,104.5945,460.2924,116.5204,4.51695790290833,231,4
79,"Cowichan Valley",2024,"04","599",428.5838,-0.472957952866632,434.2563,104.6464,479.7736,108.2333,3.60578002929687,170,6
79,"Cowichan Valley",2024,"07","575",416.9403,-0.469359208866022,412.2824,106.8405,469.7227,112.4563,3.60578002929687,170,6
81,"Fort Nelson",2017,"04","57",574.3898,0.909465168723095,598,128.0403,369.7585,225.0018,4.51610283851624,3779,17
81,"Fort Nelson",2017,"07","48",484.8214,0.526191285157075,556.5,207.1062,365.4176,226.9209,4.51610283851624,3779,17
81,"Fort Nelson",2018,"04","55",554.8525,0.842854071085287,603,195.231,361.6057,229.2767,12.6449465751648,206201,58
81,"Fort Nelson",2018,"07","43",513.2826,0.676267826243131,543,150.8952,356.6422,231.6248,12.6449465751648,206201,58
81,"Fort Nelson",2019,"04","45",532.24,0.706483398880637,581.5,186.1472,366.7404,234.2583,7.0843638420105,7627,19
81,"Fort Nelson",2019,"07","54",530.463,0.743636648408116,523.5,61.9619,357.1648,233.0415,7.0843638420105,7627,19
81,"Fort Nelson",2020,"04","47",553.4808,0.841191032035991,596,193.0596,338.5485,255.5095,3.20673456192017,8,2
81,"Fort Nelson",2020,"07","55",491.6333,0.681503662518267,530,160.713,318.5741,253.9373,3.20673456192017,8,2
81,"Fort Nelson",2021,"04","39",555.0006,0.574015745932685,543.0588,86.1735,490.3953,112.5497,5.6731662273407,10151,20
81,"Fort Nelson",2021,"07","67",547.1405,0.618623999187501,542.7165,65.1127,474.0476,118.154,5.6731662273407,10151,20
81,"Fort Nelson",2022,"04","37",568.305,0.795494600857063,583.8042,65.8082,479.387,111.777,8.24756326675415,2862,17
81,"Fort Nelson",2022,"07","47",516.1151,0.416510755273115,501.3053,50.6557,468.296,114.8088,8.24756326675415,2862,17
81,"Fort Nelson",2023,"04","57",517.2515,0.354472142389753,508.0259,76.4375,477.3267,112.6317,115.535551452637,1963733,53
81,"Fort Nelson",2023,"07","56",492.0403,0.272466452226391,488.9477,88.6032,460.2924,116.5204,115.535551452637,1963733,53
81,"Fort Nelson",2024,"04","37",535.5905,0.515709120945218,532.8791,64.2634,479.7736,108.2333,47.915832901001,59487,28
81,"Fort Nelson",2024,"07","49",515.6641,0.408526689923108,505.0512,83.339,469.7227,112.4563,47.915832901001,59487,28
82,"Coast Mountains",2017,"04","265",362.2045,-0.0335730647488155,399,171.7794,369.7585,225.0018,3.70822887420654,133,2
82,"Coast Mountains",2017,"07","202",235.8216,-0.571106495699603,311,209.6747,365.4176,226.9209,3.70822887420654,133,2
82,"Coast Mountains",2018,"04","262",350.2539,-0.0495113546208578,405,186.2686,361.6057,229.2767,6.04426651000977,247249,25
82,"Coast Mountains",2018,"07","231",322.0888,-0.149178326327751,388.5,199.3436,356.6422,231.6248,6.04426651000977,247249,25
82,"Coast Mountains",2019,"04","219",362.0221,-0.0201414421602137,413,203.3553,366.7404,234.2583,4.30035929679871,502,10
82,"Coast Mountains",2019,"07","226",274.2564,-0.355766676750708,328.5,187.3415,357.1648,233.0415,4.30035929679871,502,10
82,"Coast Mountains",2020,"04","167",278.1513,-0.236379469256525,375,231.9172,338.5485,255.5095,2.87367806434631,46,2
82,"Coast Mountains",2020,"07","150",199.6187,-0.468443982038086,234,209.1853,318.5741,253.9373,2.87367806434631,46,2
82,"Coast Mountains",2021,"04","233",415.7547,-0.663179022245284,404.6223,107.3241,490.3953,112.5497,2.84259734153748,89,2
82,"Coast Mountains",2021,"07","245",372.9776,-0.855409042436143,373.154,97.0861,474.0476,118.154,2.84259734153748,89,2
82,"Coast Mountains",2022,"04","269",409.4286,-0.625874732726768,406.0136,93.1256,479.387,111.777,3.11454205513,477,13
82,"Coast Mountains",2022,"07","208",365.6418,-0.894131808711527,352.391,91.791,468.296,114.8088,3.11454205513,477,13
82,"Coast Mountains",2023,"04","277",423.9073,-0.474283882779004,428.6407,106.0676,477.3267,112.6317,6.36900939941406,33766,49
82,"Coast Mountains",2023,"07","270",375.4883,-0.727804744920203,364.599,90.6603,460.2924,116.5204,6.36900939941406,33766,49
82,"Coast Mountains",2024,"04","251",427.4575,-0.4833641771987,429.9414,98.1955,479.7736,108.2333,4.92552599906921,64733,16
82,"Coast Mountains",2024,"07","298",383.876,-0.763378307840468,371.0911,93.8107,469.7227,112.4563,4.92552599906921,64733,16
83,"K̓wsaltktnéws ne Secwepemcúl’ecw",2017,"04","445",422.8093,0.235779447097756,443,132.7808,369.7585,225.0018,13.4093273162842,1681,29
83,"K̓wsaltktnéws ne Secwepemcúl’ecw",2017,"07","437",390.4062,0.110120310645692,418,154.1623,365.4176,226.9209,13.4093273162842,1681,29
83,"K̓wsaltktnéws ne Secwepemcúl’ecw",2018,"04","458",403.5787,0.183067010298037,435,159.5802,361.6057,229.2767,11.7504535675049,10250,82
83,"K̓wsaltktnéws ne Secwepemcúl’ecw",2018,"07","451",411.9245,0.238671765717661,431,145.7763,356.6422,231.6248,11.7504535675049,10250,82
83,"K̓wsaltktnéws ne Secwepemcúl’ecw",2019,"04","474",398.2224,0.134390115526323,440,170.2124,366.7404,234.2583,4.42969074249268,34,5
83,"K̓wsaltktnéws ne Secwepemcúl’ecw",2019,"07","457",384.1566,0.11582400559557,424.5,173.249,357.1648,233.0415,4.42969074249268,34,5
83,"K̓wsaltktnéws ne Secwepemcúl’ecw",2020,"04","434",424.39,0.335962067946593,456,165.1134,338.5485,255.5095,6.43250985145569,122,10
83,"K̓wsaltktnéws ne Secwepemcúl’ecw",2020,"07","447",398.4739,0.314643811681073,444,175.5683,318.5741,253.9373,6.43250985145569,122,10
83,"K̓wsaltktnéws ne Secwepemcúl’ecw",2021,"04","465",460.116,-0.269030481644998,458.5943,95.3248,490.3953,112.5497,18.8847627639771,206493,82
83,"K̓wsaltktnéws ne Secwepemcúl’ecw",2021,"07","502",443.7163,-0.256709887096501,447.5903,99.2723,474.0476,118.154,18.8847627639771,206493,82
83,"K̓wsaltktnéws ne Secwepemcúl’ecw",2022,"04","455",460.0751,-0.1727716793258,465.0668,95.0128,479.387,111.777,5.60066637992859,2990,41
83,"K̓wsaltktnéws ne Secwepemcúl’ecw",2022,"07","499",436.8484,-0.273912801109322,431.0515,94.6525,468.296,114.8088,5.60066637992859,2990,41
83,"K̓wsaltktnéws ne Secwepemcúl’ecw",2023,"04","444",452.8416,-0.217390841121993,451.5226,90.6059,477.3267,112.6317,17.0334300994873,61713,48
83,"K̓wsaltktnéws ne Secwepemcúl’ecw",2023,"07","469",424.7502,-0.305029848850502,419.9059,95.5775,460.2924,116.5204,17.0334300994873,61713,48
83,"K̓wsaltktnéws ne Secwepemcúl’ecw",2024,"04","517",462.8701,-0.156176518686948,467.009,91.5712,479.7736,108.2333,9.36350412368774,6745,52
83,"K̓wsaltktnéws ne Secwepemcúl’ecw",2024,"07","499",433.4542,-0.322511944639829,429.0497,96.2205,469.7227,112.4563,9.36350412368774,6745,52
84,"Vancouver Island West",2017,"04","26",283.2353,-0.384544479199722,304,193.3018,369.7585,225.0018,4.4329674243927,96,5
84,"Vancouver Island West",2017,"07","Msk",273.88,-0.403389903706534,345,167.9879,365.4176,226.9209,4.4329674243927,96,5
84,"Vancouver Island West",2018,"04","17",330.5714,-0.135357408755447,341,206.1258,361.6057,229.2767,7.38992066383362,5212,31
84,"Vancouver Island West",2018,"07","20",289.3448,-0.290544881204431,369,214.1981,356.6422,231.6248,7.38992066383362,5212,31
84,"Vancouver Island West",2019,"04","31",378.4,0.0497724093447274,399,170.325,366.7404,234.2583,3.43424263000488,26,4
84,"Vancouver Island West",2019,"07","15",302.6667,-0.23385577246971,335,157.2555,357.1648,233.0415,3.43424263000488,26,4
84,"Vancouver Island West",2020,"04","24",299.2667,-0.153739097763488,347.5,173.6495,338.5485,255.5095,3.6105131149292,0,0
84,"Vancouver Island West",2020,"07","19",300.4583,-0.0713396574666265,339.5,188.9955,318.5741,253.9373,3.6105131149292,0,0
84,"Vancouver Island West",2021,"04","15",455.8585,-0.306858214637623,482.3551,102.8185,490.3953,112.5497,3.30010356903076,0,0
84,"Vancouver Island West",2021,"07","11",367.1544,-0.904693874096518,363.927,71.3023,474.0476,118.154,3.30010356903076,0,0
84,"Vancouver Island West",2022,"04","13",486.8479,0.0667480787639674,507.9781,102.203,479.387,111.777,3.38205308914185,990,7
84,"Vancouver Island West",2022,"07","29",331.5917,-1.19071273282187,320.2208,81.8794,468.296,114.8088,3.38205308914185,990,7
84,"Vancouver Island West",2023,"04","16",460.4927,-0.149460587028341,464.1881,117.2414,477.3267,112.6317,4.53714909553528,2330,16
84,"Vancouver Island West",2023,"07","31",437.9958,-0.191353617049032,437.9296,131.9474,460.2924,116.5204,4.53714909553528,2330,16
84,"Vancouver Island West",2024,"04","21",471.8756,-0.0729719966036328,478.4418,111.4594,479.7736,108.2333,3.3555121421814,0,0
84,"Vancouver Island West",2024,"07","25",372.231,-0.866929642892394,351.9398,110.245,469.7227,112.4563,3.3555121421814,0,0
85,"Vancouver Island North",2017,"04","94",427.7333,0.257663716468046,459,172.6304,369.7585,225.0018,6.16523199081421,31373,5
85,"Vancouver Island North",2017,"07","90",390.7129,0.111471882933657,427,161.2596,365.4176,226.9209,6.16523199081421,31373,5
85,"Vancouver Island North",2018,"04","84",426.1935,0.281702414593371,464,165.2111,361.6057,229.2767,7.76472616195679,36072,43
85,"Vancouver Island North",2018,"07","95",399.6,0.185462869260977,442,183.7851,356.6422,231.6248,7.76472616195679,36072,43
85,"Vancouver Island North",2019,"04","86",435.2396,0.2924088495477,469.5,186.7566,366.7404,234.2583,3.28493962287903,28,4
85,"Vancouver Island North",2019,"07","87",457.3656,0.42996976933293,475,145.332,357.1648,233.0415,3.28493962287903,28,4
85,"Vancouver Island North",2020,"04","87",464.8889,0.49446458937926,466,129.1659,338.5485,255.5095,3.62041273117065,3,1
85,"Vancouver Island North",2020,"07","86",405.8454,0.343672630999857,445,166.6469,318.5741,253.9373,3.62041273117065,3,1
85,"Vancouver Island North",2021,"04","63",441.1116,-0.437883885963268,419.3809,88.2664,490.3953,112.5497,3.16599497795105,8587,5
85,"Vancouver Island North",2021,"07","76",433.6252,-0.342116221202837,454.8242,111.6567,474.0476,118.154,3.16599497795105,8587,5
85,"Vancouver Island North",2022,"04","82",451.1871,-0.252287143151096,441.8282,94.1105,479.387,111.777,3.28006386756897,1476,12
85,"Vancouver Island North",2022,"07","92",449.6271,-0.162608615367463,446.3816,103.9819,468.296,114.8088,3.28006386756897,1476,12
85,"Vancouver Island North",2023,"04","66",474.2105,-0.0276671665259424,472.86,77.4531,477.3267,112.6317,5.84333906173706,26504,34
85,"Vancouver Island North",2023,"07","87",430.479,-0.255864209185688,417.5005,104.2948,460.2924,116.5204,5.84333906173706,26504,34
85,"Vancouver Island North",2024,"04","71",448.3224,-0.290587092881765,451.8885,83.4209,479.7736,108.2333,3.58146510124207,0,0
85,"Vancouver Island North",2024,"07","75",403.436,-0.589444077388283,400.5801,72.5015,469.7227,112.4563,3.58146510124207,0,0
87,"Stikine",2017,"04","Msk",165.8182,-0.906394082180676,0,232.9394,369.7585,225.0018,2.9243688583374,189,2
87,"Stikine",2017,"07","Msk",226.0909,-0.613987957918376,343,185.777,365.4176,226.9209,2.9243688583374,189,2
87,"Stikine",2018,"04","Msk",220.9231,-0.61359309515533,251,230.8129,361.6057,229.2767,8.82557821273804,279946,26
87,"Stikine",2018,"07","10",192.75,-0.707576218090636,232.5,170.6773,356.6422,231.6248,8.82557821273804,279946,26
87,"Stikine",2019,"04","11",293.2667,-0.31364395626537,341,203.6069,366.7404,234.2583,6.63691244125366,8996,15
87,"Stikine",2019,"07","Msk",NA,NA,NA,NA,357.1648,233.0415,6.63691244125366,8996,15
87,"Stikine",2020,"04","Msk",NA,NA,NA,NA,338.5485,255.5095,2.5269905090332,0,0
87,"Stikine",2020,"07","Msk",183.4167,-0.532247133445933,113,213.4962,318.5741,253.9373,2.5269905090332,0,0
87,"Stikine",2021,"04","Msk",425.679,-0.575001976904426,426.4647,107.4486,490.3953,112.5497,3.53941216468811,15264,5
87,"Stikine",2021,"07","Msk",327.0144,-1.2444199942448,318.7346,55.977,474.0476,118.154,3.53941216468811,15264,5
87,"Stikine",2022,"04","Msk",422.6112,-0.507938126806051,414.1495,56.4761,479.387,111.777,3.73261666297913,16662,25
87,"Stikine",2022,"07","13",348.8475,-1.04041240741128,338.3542,86.6159,468.296,114.8088,3.73261666297913,16662,25
87,"Stikine",2023,"04","11",377.5567,-0.885807459178899,382.0052,108.6669,477.3267,112.6317,14.6298558235168,137480,25
87,"Stikine",2023,"07","10",378.6028,-0.701075519823138,356.4207,87.9018,460.2924,116.5204,14.6298558235168,137480,25
87,"Stikine",2024,"04","Msk",378.1971,-0.938495823374137,346.1253,126.4418,479.7736,108.2333,6.78350515365601,17018,9
87,"Stikine",2024,"07","Msk",421.9637,-0.424689412687417,433.6393,95.9984,469.7227,112.4563,6.78350515365601,17018,9
91,"Nechako Lakes",2017,"04","243",362.8357,-0.0307677538579694,393,183.1484,369.7585,225.0018,4.86771893501282,446338,43
91,"Nechako Lakes",2017,"07","219",330.5842,-0.153504591247435,388,191.1106,365.4176,226.9209,4.86771893501282,446338,43
91,"Nechako Lakes",2018,"04","206",360.0315,-0.00686593971389164,400.5,198.2035,361.6057,229.2767,22.9446781158447,503822,102
91,"Nechako Lakes",2018,"07","196",332.3294,-0.10496630758019,380,196.7647,356.6422,231.6248,22.9446781158447,503822,102
91,"Nechako Lakes",2019,"04","211",332.9929,-0.144061064218429,392,215.9074,366.7404,234.2583,4.64719920158386,392,12
91,"Nechako Lakes",2019,"07","223",328.75,-0.121930214146407,384,201.7088,357.1648,233.0415,4.64719920158386,392,12
91,"Nechako Lakes",2020,"04","162",288.0082,-0.197802038671752,352,225.5766,338.5485,255.5095,3.13463582992554,23,4
91,"Nechako Lakes",2020,"07","190",272.4395,-0.181677130535766,347,235.0759,318.5741,253.9373,3.13463582992554,23,4
91,"Nechako Lakes",2021,"04","168",436.2736,-0.480869340389179,432.0053,89.6612,490.3953,112.5497,4.7309681892395,114482,44
91,"Nechako Lakes",2021,"07","208",415.0225,-0.49956074275945,420.2903,99.5422,474.0476,118.154,4.7309681892395,114482,44
91,"Nechako Lakes",2022,"04","179",414.0657,-0.584389454002165,406.4413,100.9403,479.387,111.777,3.61224551200867,1280,27
91,"Nechako Lakes",2022,"07","232",436.6691,-0.275474528084955,425.4659,99.4605,468.296,114.8088,3.61224551200867,1280,27
91,"Nechako Lakes",2023,"04","175",421.3016,-0.497418577540781,425.0979,93.7596,477.3267,112.6317,22.1923387527466,466309,161
91,"Nechako Lakes",2023,"07","183",412.1943,-0.41278694546191,406.1074,96.2913,460.2924,116.5204,22.1923387527466,466309,161
91,"Nechako Lakes",2024,"04","183",428.8859,-0.470166760137592,428.326,97.9806,479.7736,108.2333,9.23189878463745,101202,46
91,"Nechako Lakes",2024,"07","196",443.7315,-0.23112266720495,436.5802,89.1443,469.7227,112.4563,9.23189878463745,101202,46
92,"Nisga'a",2017,"04","34",356.5278,-0.0588026406899856,356.5,121.829,369.7585,225.0018,3.017711353302,0,0
92,"Nisga'a",2017,"07","32",307.8,-0.253910503616018,314,116.8541,365.4176,226.9209,3.017711353302,0,0
92,"Nisga'a",2018,"04","30",301.3429,-0.262838744626035,311,143.9593,361.6057,229.2767,4.02276287078857,448,5
92,"Nisga'a",2018,"07","20",250.6296,-0.457691058988502,303,162.5021,356.6422,231.6248,4.02276287078857,448,5
92,"Nisga'a",2019,"04","32",342.303,-0.104318182109236,359,84.6111,366.7404,234.2583,3.91974959373474,1,1
92,"Nisga'a",2019,"07","24",231.0968,-0.540968025008421,270,136.8097,357.1648,233.0415,3.91974959373474,1,1
92,"Nisga'a",2020,"04","Msk",139.2381,-0.780050839596962,0,213.0251,338.5485,255.5095,2.78466057777405,0,0
92,"Nisga'a",2020,"07","22",223.9143,-0.372768395978062,291,183.5971,318.5741,253.9373,2.78466057777405,0,0
92,"Nisga'a",2021,"04","23",355.8194,-1.19570198765523,363.7825,72.1352,490.3953,112.5497,2.78550357818604,0,0
92,"Nisga'a",2021,"07","32",297.1264,-1.49737799820573,292.6332,62.2084,474.0476,118.154,2.78550357818604,0,0
92,"Nisga'a",2022,"04","27",374.8024,-0.935654025425624,382.9724,103.2902,479.387,111.777,3.06262254714966,63,3
92,"Nisga'a",2022,"07","29",355.1004,-0.985948812286166,366.1041,77.6014,468.296,114.8088,3.06262254714966,63,3
92,"Nisga'a",2023,"04","23",291.2579,-1.6520109347546,275.8216,74.805,477.3267,112.6317,5.35394420623779,412,8
92,"Nisga'a",2023,"07","13",338.3941,-1.04615414983127,326.8358,77.5169,460.2924,116.5204,5.35394420623779,412,8
92,"Nisga'a",2024,"04","22",352.1156,-1.17947064350805,356.7444,91.3194,479.7736,108.2333,4.45962948799133,232,4
92,"Nisga'a",2024,"07","32",298.9922,-1.51819417853869,297.0084,74.121,469.7227,112.4563,4.45962948799133,232,4
