"SCHOOL_DISTRICT_NAME","SCHOOL_DISTRICT_NUMBER","year","month","pm25_mean"
"Arrow Lakes",10,2017,1,6.28756999969482
"Revelstoke",19,2017,1,5.14208698272705
"Kootenay-Columbia",20,2017,1,6.55263519287109
"Vernon",22,2017,1,7.13920068740845
"Central Okanagan",23,2017,1,7.90688991546631
"Cariboo-Chilcotin",27,2017,1,5.44854307174683
"Quesnel",28,2017,1,6.47823190689087
"Chilliwack",33,2017,1,6.05435466766357
"Abbotsford",34,2017,1,7.83086729049683
"Langley",35,2017,1,7.76424503326416
"Surrey",36,2017,1,7.65916728973389
"Delta",37,2017,1,6.77345418930054
"Richmond",38,2017,1,6.79819488525391
"Vancouver",39,2017,1,6.8451886177063
"New Westminster",40,2017,1,7.31839895248413
"Burnaby",41,2017,1,7.19476318359375
"Maple-Ridge Pitt-Meadows",42,2017,1,6.66518068313599
"Coquitlam",43,2017,1,7.70041608810425
"North Vancouver",44,2017,1,7.95034122467041
"West Vancouver",45,2017,1,6.87738704681396
"Sunshine Coast",46,2017,1,5.9978928565979
"Powell RIver",47,2017,1,5.20318651199341
"Sea to Sky",48,2017,1,5.32391786575317
"South East Kootenay",5,2017,1,6.37034511566162
"Haida Gwaii",50,2017,1,3.86732888221741
"Boundary",51,2017,1,6.64030456542969
"Prince Rupert",52,2017,1,3.79025554656982
"Bulkley Valley",54,2017,1,4.8605318069458
"Prince George",57,2017,1,6.61037254333496
"Nicola-Similkameen",58,2017,1,6.15816879272461
"Peace River South",59,2017,1,5.60163927078247
"Rocky Mountain",6,2017,1,4.1650767326355
"Peace River North",60,2017,1,4.68892288208008
"Victoria",61,2017,1,7.50994920730591
"Sooke",62,2017,1,6.40964460372925
"Saanich",63,2017,1,7.27472925186157
"Gulf Islands",64,2017,1,6.6085033416748
"Nanaimo-Ladysmith",68,2017,1,6.12812042236328
"Qualicum",69,2017,1,6.55916786193848
"Pacific Rim",70,2017,1,5.32928371429443
"Comox Valley",71,2017,1,5.73463582992554
"Campbell River",72,2017,1,4.56064558029175
"Kamloops-Thompson",73,2017,1,6.44331359863281
"Gold Trail",74,2017,1,5.39738941192627
"Mission",75,2017,1,7.12751293182373
"Fraser-Cascade",78,2017,1,6.32455778121948
"Cowichan",79,2017,1,5.44762229919434
"Kootenay Lake",8,2017,1,5.40019750595093
"Fort Nelson",81,2017,1,4.80849599838257
"Coast Mountains",82,2017,1,4.11203956604004
"Okanagan-Shuswap",83,2017,1,7.23497295379639
"Vancouver Island West",84,2017,1,4.07468605041504
"Vancouver Island North",85,2017,1,4.19587182998657
"Stikine",87,2017,1,2.62153959274292
"Nechako Lakes",91,2017,1,5.65770292282104
"Nisgaa",92,2017,1,4.50207710266113
"Central Coast",49,2017,1,4.02288103103638
"Okanagan-Skaha",67,2017,1,7.25264358520508
"Okanagan-Similkameen",53,2017,1,5.9428186416626
"Arrow Lakes",10,2017,2,6.15991020202637
"Revelstoke",19,2017,2,5.60746383666992
"Kootenay-Columbia",20,2017,2,6.67275190353394
"Vernon",22,2017,2,6.84584093093872
"Central Okanagan",23,2017,2,7.91235208511353
"Cariboo-Chilcotin",27,2017,2,5.57755422592163
"Quesnel",28,2017,2,6.33464336395264
"Chilliwack",33,2017,2,6.27721309661865
"Abbotsford",34,2017,2,6.31442880630493
"Langley",35,2017,2,6.42417621612549
"Surrey",36,2017,2,6.28490591049194
"Delta",37,2017,2,6.00098657608032
"Richmond",38,2017,2,6.10279655456543
"Vancouver",39,2017,2,5.96084594726562
"New Westminster",40,2017,2,6.38474702835083
"Burnaby",41,2017,2,6.1696081161499
"Maple-Ridge Pitt-Meadows",42,2017,2,6.9872612953186
"Coquitlam",43,2017,2,7.1004319190979
"North Vancouver",44,2017,2,6.82661628723145
"West Vancouver",45,2017,2,5.8879919052124
"Sunshine Coast",46,2017,2,5.32282161712646
"Powell RIver",47,2017,2,4.5616455078125
"Sea to Sky",48,2017,2,5.61392593383789
"South East Kootenay",5,2017,2,5.6761302947998
"Haida Gwaii",50,2017,2,2.36899971961975
"Boundary",51,2017,2,5.97723388671875
"Prince Rupert",52,2017,2,3.832683801651
"Bulkley Valley",54,2017,2,5.81121873855591
"Prince George",57,2017,2,5.68332290649414
"Nicola-Similkameen",58,2017,2,6.69284629821777
"Peace River South",59,2017,2,4.37981939315796
"Rocky Mountain",6,2017,2,4.73029279708862
"Peace River North",60,2017,2,3.69413661956787
"Victoria",61,2017,2,5.37235355377197
"Sooke",62,2017,2,4.48821020126343
"Saanich",63,2017,2,5.1736011505127
"Gulf Islands",64,2017,2,5.36568307876587
"Nanaimo-Ladysmith",68,2017,2,5.21263027191162
"Qualicum",69,2017,2,4.88869428634644
"Pacific Rim",70,2017,2,4.6993088722229
"Comox Valley",71,2017,2,4.37615156173706
"Campbell River",72,2017,2,4.22874689102173
"Kamloops-Thompson",73,2017,2,6.42328929901123
"Gold Trail",74,2017,2,5.86120128631592
"Mission",75,2017,2,7.12366962432861
"Fraser-Cascade",78,2017,2,7.1272292137146
"Cowichan",79,2017,2,4.78419780731201
"Kootenay Lake",8,2017,2,5.53074502944946
"Fort Nelson",81,2017,2,3.75556445121765
"Coast Mountains",82,2017,2,4.31084299087524
"Okanagan-Shuswap",83,2017,2,7.63368558883667
"Vancouver Island West",84,2017,2,4.25428104400635
"Vancouver Island North",85,2017,2,3.92239832878113
"Stikine",87,2017,2,3.00086998939514
"Nechako Lakes",91,2017,2,5.28509140014648
"Nisgaa",92,2017,2,5.2349796295166
"Central Coast",49,2017,2,3.99719023704529
"Okanagan-Skaha",67,2017,2,7.02679443359375
"Okanagan-Similkameen",53,2017,2,5.96524000167847
"Arrow Lakes",10,2017,3,4.19738292694092
"Revelstoke",19,2017,3,3.98519229888916
"Kootenay-Columbia",20,2017,3,4.62377738952637
"Vernon",22,2017,3,4.51876354217529
"Central Okanagan",23,2017,3,5.11692094802856
"Cariboo-Chilcotin",27,2017,3,3.783527135849
"Quesnel",28,2017,3,4.57606172561646
"Chilliwack",33,2017,3,4.16900634765625
"Abbotsford",34,2017,3,4.68970632553101
"Langley",35,2017,3,4.64455604553223
"Surrey",36,2017,3,4.77289485931396
"Delta",37,2017,3,6.012131690979
"Richmond",38,2017,3,6.08935260772705
"Vancouver",39,2017,3,6.0274658203125
"New Westminster",40,2017,3,4.44080257415771
"Burnaby",41,2017,3,4.55758476257324
"Maple-Ridge Pitt-Meadows",42,2017,3,5.07423448562622
"Coquitlam",43,2017,3,5.75268220901489
"North Vancouver",44,2017,3,5.84433507919312
"West Vancouver",45,2017,3,5.74317407608032
"Sunshine Coast",46,2017,3,5.15540838241577
"Powell RIver",47,2017,3,4.1586594581604
"Sea to Sky",48,2017,3,4.47443819046021
"South East Kootenay",5,2017,3,3.95986533164978
"Haida Gwaii",50,2017,3,3.1242082118988
"Boundary",51,2017,3,4.23853206634521
"Prince Rupert",52,2017,3,3.50074243545532
"Bulkley Valley",54,2017,3,4.13819456100464
"Prince George",57,2017,3,5.00975322723389
"Nicola-Similkameen",58,2017,3,3.8172914981842
"Peace River South",59,2017,3,5.41243886947632
"Rocky Mountain",6,2017,3,3.55810141563416
"Peace River North",60,2017,3,5.02299547195435
"Victoria",61,2017,3,5.09207725524902
"Sooke",62,2017,3,3.76826524734497
"Saanich",63,2017,3,5.22758865356445
"Gulf Islands",64,2017,3,5.63794422149658
"Nanaimo-Ladysmith",68,2017,3,3.79179286956787
"Qualicum",69,2017,3,4.3552417755127
"Pacific Rim",70,2017,3,3.68095421791077
"Comox Valley",71,2017,3,3.23215842247009
"Campbell River",72,2017,3,3.62395715713501
"Kamloops-Thompson",73,2017,3,4.52917909622192
"Gold Trail",74,2017,3,4.06080532073975
"Mission",75,2017,3,5.26816320419312
"Fraser-Cascade",78,2017,3,4.35051727294922
"Cowichan",79,2017,3,2.86996388435364
"Kootenay Lake",8,2017,3,3.83463668823242
"Fort Nelson",81,2017,3,4.71828508377075
"Coast Mountains",82,2017,3,3.70726084709167
"Okanagan-Shuswap",83,2017,3,5.29135847091675
"Vancouver Island West",84,2017,3,3.38682126998901
"Vancouver Island North",85,2017,3,3.32534265518188
"Stikine",87,2017,3,2.75305676460266
"Nechako Lakes",91,2017,3,4.52803611755371
"Nisgaa",92,2017,3,3.98121452331543
"Central Coast",49,2017,3,3.19637846946716
"Okanagan-Skaha",67,2017,3,4.98010492324829
"Okanagan-Similkameen",53,2017,3,3.89850640296936
"Arrow Lakes",10,2017,4,3.66873335838318
"Revelstoke",19,2017,4,3.27146601676941
"Kootenay-Columbia",20,2017,4,4.19210338592529
"Vernon",22,2017,4,3.88886332511902
"Central Okanagan",23,2017,4,4.55776691436768
"Cariboo-Chilcotin",27,2017,4,3.22765755653381
"Quesnel",28,2017,4,3.79021644592285
"Chilliwack",33,2017,4,3.78862953186035
"Abbotsford",34,2017,4,4.43979978561401
"Langley",35,2017,4,4.68873023986816
"Surrey",36,2017,4,5.19956207275391
"Delta",37,2017,4,5.71461296081543
"Richmond",38,2017,4,5.86793184280396
"Vancouver",39,2017,4,5.66130924224854
"New Westminster",40,2017,4,4.68717908859253
"Burnaby",41,2017,4,4.99349117279053
"Maple-Ridge Pitt-Meadows",42,2017,4,4.94613647460938
"Coquitlam",43,2017,4,5.85033321380615
"North Vancouver",44,2017,4,5.79329252243042
"West Vancouver",45,2017,4,5.51824712753296
"Sunshine Coast",46,2017,4,4.5120701789856
"Powell RIver",47,2017,4,3.50711846351624
"Sea to Sky",48,2017,4,3.72010850906372
"South East Kootenay",5,2017,4,3.2862401008606
"Haida Gwaii",50,2017,4,3.25134468078613
"Boundary",51,2017,4,3.79570412635803
"Prince Rupert",52,2017,4,3.10554456710815
"Bulkley Valley",54,2017,4,3.16484761238098
"Prince George",57,2017,4,3.60045409202576
"Nicola-Similkameen",58,2017,4,3.83627033233643
"Peace River South",59,2017,4,3.67371606826782
"Rocky Mountain",6,2017,4,2.78499293327332
"Peace River North",60,2017,4,3.29220652580261
"Victoria",61,2017,4,4.74457693099976
"Sooke",62,2017,4,2.91319894790649
"Saanich",63,2017,4,5.05696821212769
"Gulf Islands",64,2017,4,5.26873397827148
"Nanaimo-Ladysmith",68,2017,4,3.53513479232788
"Qualicum",69,2017,4,3.97621512413025
"Pacific Rim",70,2017,4,3.10851383209229
"Comox Valley",71,2017,4,2.77278733253479
"Campbell River",72,2017,4,2.90514063835144
"Kamloops-Thompson",73,2017,4,3.63293647766113
"Gold Trail",74,2017,4,3.35094857215881
"Mission",75,2017,4,4.98409557342529
"Fraser-Cascade",78,2017,4,3.86423397064209
"Cowichan",79,2017,4,2.51525521278381
"Kootenay Lake",8,2017,4,3.23069262504578
"Fort Nelson",81,2017,4,3.7534511089325
"Coast Mountains",82,2017,4,2.95837783813477
"Okanagan-Shuswap",83,2017,4,4.19014310836792
"Vancouver Island West",84,2017,4,2.72385382652283
"Vancouver Island North",85,2017,4,2.81279635429382
"Stikine",87,2017,4,2.09154200553894
"Nechako Lakes",91,2017,4,3.46193194389343
"Nisgaa",92,2017,4,2.96581840515137
"Central Coast",49,2017,4,2.80122661590576
"Okanagan-Skaha",67,2017,4,4.24595022201538
"Okanagan-Similkameen",53,2017,4,3.46186828613281
"Arrow Lakes",10,2017,5,4.27201175689697
"Revelstoke",19,2017,5,3.86716246604919
"Kootenay-Columbia",20,2017,5,4.66417121887207
"Vernon",22,2017,5,4.83903217315674
"Central Okanagan",23,2017,5,5.4157395362854
"Cariboo-Chilcotin",27,2017,5,4.08522319793701
"Quesnel",28,2017,5,4.48582172393799
"Chilliwack",33,2017,5,5.45481300354004
"Abbotsford",34,2017,5,6.11283016204834
"Langley",35,2017,5,6.52831602096558
"Surrey",36,2017,5,6.10462141036987
"Delta",37,2017,5,5.82508420944214
"Richmond",38,2017,5,6.26380395889282
"Vancouver",39,2017,5,6.00993490219116
"New Westminster",40,2017,5,5.87351322174072
"Burnaby",41,2017,5,6.06817770004272
"Maple-Ridge Pitt-Meadows",42,2017,5,4.69825124740601
"Coquitlam",43,2017,5,5.91512060165405
"North Vancouver",44,2017,5,5.98074674606323
"West Vancouver",45,2017,5,5.47527694702148
"Sunshine Coast",46,2017,5,4.65373134613037
"Powell RIver",47,2017,5,4.11374998092651
"Sea to Sky",48,2017,5,3.3664448261261
"South East Kootenay",5,2017,5,3.91880750656128
"Haida Gwaii",50,2017,5,3.48034954071045
"Boundary",51,2017,5,4.58985948562622
"Prince Rupert",52,2017,5,2.93061590194702
"Bulkley Valley",54,2017,5,3.04966282844543
"Prince George",57,2017,5,4.20778322219849
"Nicola-Similkameen",58,2017,5,4.75836420059204
"Peace River South",59,2017,5,4.48315000534058
"Rocky Mountain",6,2017,5,3.32810473442078
"Peace River North",60,2017,5,4.19612121582031
"Victoria",61,2017,5,5.41120004653931
"Sooke",62,2017,5,3.70416402816772
"Saanich",63,2017,5,4.78905057907104
"Gulf Islands",64,2017,5,4.87729597091675
"Nanaimo-Ladysmith",68,2017,5,3.8048632144928
"Qualicum",69,2017,5,4.37231969833374
"Pacific Rim",70,2017,5,3.03321981430054
"Comox Valley",71,2017,5,3.73761868476868
"Campbell River",72,2017,5,3.59970903396606
"Kamloops-Thompson",73,2017,5,4.69816637039185
"Gold Trail",74,2017,5,4.44659185409546
"Mission",75,2017,5,5.45889091491699
"Fraser-Cascade",78,2017,5,4.69852209091187
"Cowichan",79,2017,5,3.00475811958313
"Kootenay Lake",8,2017,5,3.98531055450439
"Fort Nelson",81,2017,5,4.40759420394897
"Coast Mountains",82,2017,5,2.98740196228027
"Okanagan-Shuswap",83,2017,5,4.97250986099243
"Vancouver Island West",84,2017,5,2.76440739631653
"Vancouver Island North",85,2017,5,3.13428449630737
"Stikine",87,2017,5,2.07318377494812
"Nechako Lakes",91,2017,5,3.32207202911377
"Nisgaa",92,2017,5,2.89324712753296
"Central Coast",49,2017,5,3.0065279006958
"Okanagan-Skaha",67,2017,5,4.72092914581299
"Okanagan-Similkameen",53,2017,5,4.02201175689697
"Arrow Lakes",10,2017,6,3.7375316619873
"Revelstoke",19,2017,6,3.60615682601929
"Kootenay-Columbia",20,2017,6,4.09797859191895
"Vernon",22,2017,6,4.27540922164917
"Central Okanagan",23,2017,6,4.79612874984741
"Cariboo-Chilcotin",27,2017,6,3.62499356269836
"Quesnel",28,2017,6,4.31075811386108
"Chilliwack",33,2017,6,3.32571649551392
"Abbotsford",34,2017,6,4.55146455764771
"Langley",35,2017,6,4.78451347351074
"Surrey",36,2017,6,4.7527027130127
"Delta",37,2017,6,5.18427419662476
"Richmond",38,2017,6,5.47362375259399
"Vancouver",39,2017,6,5.26162719726562
"New Westminster",40,2017,6,4.25808525085449
"Burnaby",41,2017,6,4.05942296981812
"Maple-Ridge Pitt-Meadows",42,2017,6,3.97525310516357
"Coquitlam",43,2017,6,4.17562294006348
"North Vancouver",44,2017,6,4.19408369064331
"West Vancouver",45,2017,6,4.65549993515015
"Sunshine Coast",46,2017,6,4.14537906646729
"Powell RIver",47,2017,6,3.45797967910767
"Sea to Sky",48,2017,6,3.61059045791626
"South East Kootenay",5,2017,6,2.99883484840393
"Haida Gwaii",50,2017,6,3.13099551200867
"Boundary",51,2017,6,3.94582939147949
"Prince Rupert",52,2017,6,2.52916288375854
"Bulkley Valley",54,2017,6,2.62927269935608
"Prince George",57,2017,6,3.82271122932434
"Nicola-Similkameen",58,2017,6,3.53801941871643
"Peace River South",59,2017,6,4.19884777069092
"Rocky Mountain",6,2017,6,3.08970832824707
"Peace River North",60,2017,6,3.70404195785522
"Victoria",61,2017,6,4.69921588897705
"Sooke",62,2017,6,3.42473149299622
"Saanich",63,2017,6,4.78511953353882
"Gulf Islands",64,2017,6,5.08893394470215
"Nanaimo-Ladysmith",68,2017,6,3.65644788742065
"Qualicum",69,2017,6,4.05431652069092
"Pacific Rim",70,2017,6,2.47448515892029
"Comox Valley",71,2017,6,3.19414234161377
"Campbell River",72,2017,6,2.55968046188354
"Kamloops-Thompson",73,2017,6,4.26255321502686
"Gold Trail",74,2017,6,4.0321307182312
"Mission",75,2017,6,3.96461963653564
"Fraser-Cascade",78,2017,6,3.08090925216675
"Cowichan",79,2017,6,2.71974015235901
"Kootenay Lake",8,2017,6,3.36004304885864
"Fort Nelson",81,2017,6,4.47864818572998
"Coast Mountains",82,2017,6,2.38575720787048
"Okanagan-Shuswap",83,2017,6,4.64888715744019
"Vancouver Island West",84,2017,6,2.09112071990967
"Vancouver Island North",85,2017,6,2.36466145515442
"Stikine",87,2017,6,1.9148530960083
"Nechako Lakes",91,2017,6,2.84037232398987
"Nisgaa",92,2017,6,2.35352563858032
"Central Coast",49,2017,6,2.29983305931091
"Okanagan-Skaha",67,2017,6,4.49465656280518
"Okanagan-Similkameen",53,2017,6,3.3714292049408
"Arrow Lakes",10,2017,7,10.6888113021851
"Revelstoke",19,2017,7,17.3337306976318
"Kootenay-Columbia",20,2017,7,9.03317832946777
"Vernon",22,2017,7,9.54279327392578
"Central Okanagan",23,2017,7,9.39511966705322
"Cariboo-Chilcotin",27,2017,7,23.5707454681396
"Quesnel",28,2017,7,25.8481540679932
"Chilliwack",33,2017,7,6.3417820930481
"Abbotsford",34,2017,7,5.88301610946655
"Langley",35,2017,7,5.65743732452393
"Surrey",36,2017,7,6.49253034591675
"Delta",37,2017,7,6.39352369308472
"Richmond",38,2017,7,7.07114839553833
"Vancouver",39,2017,7,7.04446029663086
"New Westminster",40,2017,7,7.92532253265381
"Burnaby",41,2017,7,8.2263240814209
"Maple-Ridge Pitt-Meadows",42,2017,7,6.67244005203247
"Coquitlam",43,2017,7,6.98324012756348
"North Vancouver",44,2017,7,6.87549209594727
"West Vancouver",45,2017,7,5.86232709884644
"Sunshine Coast",46,2017,7,5.00714683532715
"Powell RIver",47,2017,7,4.45969104766846
"Sea to Sky",48,2017,7,5.61513900756836
"South East Kootenay",5,2017,7,6.7028751373291
"Haida Gwaii",50,2017,7,3.38256049156189
"Boundary",51,2017,7,8.42595863342285
"Prince Rupert",52,2017,7,3.23390555381775
"Bulkley Valley",54,2017,7,2.310542345047
"Prince George",57,2017,7,10.5880241394043
"Nicola-Similkameen",58,2017,7,10.4099760055542
"Peace River South",59,2017,7,4.84871578216553
"Rocky Mountain",6,2017,7,13.7170448303223
"Peace River North",60,2017,7,3.0581374168396
"Victoria",61,2017,7,4.92088937759399
"Sooke",62,2017,7,3.45305275917053
"Saanich",63,2017,7,4.61594247817993
"Gulf Islands",64,2017,7,4.91188478469849
"Nanaimo-Ladysmith",68,2017,7,4.35154485702515
"Qualicum",69,2017,7,5.11762237548828
"Pacific Rim",70,2017,7,3.25194478034973
"Comox Valley",71,2017,7,4.44676351547241
"Campbell River",72,2017,7,3.79020929336548
"Kamloops-Thompson",73,2017,7,22.8349533081055
"Gold Trail",74,2017,7,21.2563362121582
"Mission",75,2017,7,6.52836275100708
"Fraser-Cascade",78,2017,7,7.05463361740112
"Cowichan",79,2017,7,3.1019594669342
"Kootenay Lake",8,2017,7,10.3055582046509
"Fort Nelson",81,2017,7,4.04230403900146
"Coast Mountains",82,2017,7,3.18976879119873
"Okanagan-Shuswap",83,2017,7,13.8943147659302
"Vancouver Island West",84,2017,7,2.95891571044922
"Vancouver Island North",85,2017,7,3.25562739372253
"Stikine",87,2017,7,3.60362982749939
"Nechako Lakes",91,2017,7,4.0768609046936
"Nisgaa",92,2017,7,3.68769717216492
"Central Coast",49,2017,7,3.92065477371216
"Okanagan-Skaha",67,2017,7,8.46810245513916
"Okanagan-Similkameen",53,2017,7,10.1433897018433
"Arrow Lakes",10,2017,8,21.0667343139648
"Revelstoke",19,2017,8,22.46462059021
"Kootenay-Columbia",20,2017,8,25.1276836395264
"Vernon",22,2017,8,26.1129341125488
"Central Okanagan",23,2017,8,25.0321578979492
"Cariboo-Chilcotin",27,2017,8,82.226806640625
"Quesnel",28,2017,8,144.683990478516
"Chilliwack",33,2017,8,11.2217273712158
"Abbotsford",34,2017,8,10.3015336990356
"Langley",35,2017,8,10.2857685089111
"Surrey",36,2017,8,11.507025718689
"Delta",37,2017,8,15.8451728820801
"Richmond",38,2017,8,17.144775390625
"Vancouver",39,2017,8,17.4468898773193
"New Westminster",40,2017,8,10.7549343109131
"Burnaby",41,2017,8,11.8035850524902
"Maple-Ridge Pitt-Meadows",42,2017,8,9.59162044525146
"Coquitlam",43,2017,8,9.86911106109619
"North Vancouver",44,2017,8,8.76370143890381
"West Vancouver",45,2017,8,14.774317741394
"Sunshine Coast",46,2017,8,18.5643730163574
"Powell RIver",47,2017,8,18.6887340545654
"Sea to Sky",48,2017,8,16.347936630249
"South East Kootenay",5,2017,8,20.3943862915039
"Haida Gwaii",50,2017,8,2.62573719024658
"Boundary",51,2017,8,25.6527099609375
"Prince Rupert",52,2017,8,3.14517164230347
"Bulkley Valley",54,2017,8,9.75159645080566
"Prince George",57,2017,8,13.7935352325439
"Nicola-Similkameen",58,2017,8,31.7300224304199
"Peace River South",59,2017,8,6.48827075958252
"Rocky Mountain",6,2017,8,24.7706451416016
"Peace River North",60,2017,8,3.51538920402527
"Victoria",61,2017,8,14.1425352096558
"Sooke",62,2017,8,9.4310245513916
"Saanich",63,2017,8,12.6052150726318
"Gulf Islands",64,2017,8,14.9875288009644
"Nanaimo-Ladysmith",68,2017,8,15.8459587097168
"Qualicum",69,2017,8,14.766016960144
"Pacific Rim",70,2017,8,9.90316772460938
"Comox Valley",71,2017,8,13.6166801452637
"Campbell River",72,2017,8,22.2173633575439
"Kamloops-Thompson",73,2017,8,26.9778823852539
"Gold Trail",74,2017,8,26.0164184570312
"Mission",75,2017,8,7.76809597015381
"Fraser-Cascade",78,2017,8,15.1571474075317
"Cowichan",79,2017,8,10.2993011474609
"Kootenay Lake",8,2017,8,21.7327632904053
"Fort Nelson",81,2017,8,3.82739901542664
"Coast Mountains",82,2017,8,6.00649738311768
"Okanagan-Shuswap",83,2017,8,28.1464023590088
"Vancouver Island West",84,2017,8,10.1048030853271
"Vancouver Island North",85,2017,8,17.6864109039307
"Stikine",87,2017,8,3.63323736190796
"Nechako Lakes",91,2017,8,9.72740650177002
"Nisgaa",92,2017,8,2.77819848060608
"Central Coast",49,2017,8,18.7507667541504
"Okanagan-Skaha",67,2017,8,25.2409706115723
"Okanagan-Similkameen",53,2017,8,43.7931442260742
"Arrow Lakes",10,2017,9,14.8603286743164
"Revelstoke",19,2017,9,12.5946178436279
"Kootenay-Columbia",20,2017,9,21.6258449554443
"Vernon",22,2017,9,16.2928352355957
"Central Okanagan",23,2017,9,17.6826763153076
"Cariboo-Chilcotin",27,2017,9,9.98895072937012
"Quesnel",28,2017,9,11.188157081604
"Chilliwack",33,2017,9,9.57297229766846
"Abbotsford",34,2017,9,10.0304393768311
"Langley",35,2017,9,10.8534240722656
"Surrey",36,2017,9,11.0624408721924
"Delta",37,2017,9,13.3523378372192
"Richmond",38,2017,9,11.3193454742432
"Vancouver",39,2017,9,9.17077732086182
"New Westminster",40,2017,9,6.39540433883667
"Burnaby",41,2017,9,5.50809955596924
"Maple-Ridge Pitt-Meadows",42,2017,9,7.99750232696533
"Coquitlam",43,2017,9,8.48560905456543
"North Vancouver",44,2017,9,8.09662628173828
"West Vancouver",45,2017,9,8.16354560852051
"Sunshine Coast",46,2017,9,8.73951625823975
"Powell RIver",47,2017,9,7.57643604278564
"Sea to Sky",48,2017,9,7.46967172622681
"South East Kootenay",5,2017,9,39.4373168945312
"Haida Gwaii",50,2017,9,3.29336380958557
"Boundary",51,2017,9,22.5275611877441
"Prince Rupert",52,2017,9,3.6354033946991
"Bulkley Valley",54,2017,9,3.83156871795654
"Prince George",57,2017,9,8.41013240814209
"Nicola-Similkameen",58,2017,9,24.9960479736328
"Peace River South",59,2017,9,5.69576025009155
"Rocky Mountain",6,2017,9,20.7986621856689
"Peace River North",60,2017,9,5.18417835235596
"Victoria",61,2017,9,12.7009134292603
"Sooke",62,2017,9,5.89218854904175
"Saanich",63,2017,9,8.977952003479
"Gulf Islands",64,2017,9,8.87590217590332
"Nanaimo-Ladysmith",68,2017,9,7.48626232147217
"Qualicum",69,2017,9,7.35676002502441
"Pacific Rim",70,2017,9,4.6336612701416
"Comox Valley",71,2017,9,6.09873628616333
"Campbell River",72,2017,9,5.8199520111084
"Kamloops-Thompson",73,2017,9,13.1414461135864
"Gold Trail",74,2017,9,10.2934312820435
"Mission",75,2017,9,8.91173458099365
"Fraser-Cascade",78,2017,9,12.1245031356812
"Cowichan",79,2017,9,5.59066200256348
"Kootenay Lake",8,2017,9,19.4261474609375
"Fort Nelson",81,2017,9,5.82456874847412
"Coast Mountains",82,2017,9,3.97171902656555
"Okanagan-Shuswap",83,2017,9,15.3845224380493
"Vancouver Island West",84,2017,9,4.24559020996094
"Vancouver Island North",85,2017,9,4.38517570495605
"Stikine",87,2017,9,3.39694023132324
"Nechako Lakes",91,2017,9,4.37188291549683
"Nisgaa",92,2017,9,3.37588834762573
"Central Coast",49,2017,9,4.58985948562622
"Okanagan-Skaha",67,2017,9,22.7882976531982
"Okanagan-Similkameen",53,2017,9,53.041820526123
"Arrow Lakes",10,2017,10,7.62395191192627
"Revelstoke",19,2017,10,5.08563899993896
"Kootenay-Columbia",20,2017,10,7.85673141479492
"Vernon",22,2017,10,9.16002368927002
"Central Okanagan",23,2017,10,7.93075466156006
"Cariboo-Chilcotin",27,2017,10,3.66012287139893
"Quesnel",28,2017,10,4.12553262710571
"Chilliwack",33,2017,10,4.35892391204834
"Abbotsford",34,2017,10,7.27629613876343
"Langley",35,2017,10,7.87271785736084
"Surrey",36,2017,10,8.02841949462891
"Delta",37,2017,10,8.22052574157715
"Richmond",38,2017,10,7.93698835372925
"Vancouver",39,2017,10,7.12338924407959
"New Westminster",40,2017,10,7.56136131286621
"Burnaby",41,2017,10,6.92702054977417
"Maple-Ridge Pitt-Meadows",42,2017,10,5.11255216598511
"Coquitlam",43,2017,10,5.96972370147705
"North Vancouver",44,2017,10,5.13815259933472
"West Vancouver",45,2017,10,5.7278413772583
"Sunshine Coast",46,2017,10,4.31383800506592
"Powell RIver",47,2017,10,3.4403612613678
"Sea to Sky",48,2017,10,3.02253293991089
"South East Kootenay",5,2017,10,5.74360418319702
"Haida Gwaii",50,2017,10,1.91808366775513
"Boundary",51,2017,10,9.56366539001465
"Prince Rupert",52,2017,10,2.53840517997742
"Bulkley Valley",54,2017,10,4.35868167877197
"Prince George",57,2017,10,4.89524078369141
"Nicola-Similkameen",58,2017,10,4.86670923233032
"Peace River South",59,2017,10,5.03497552871704
"Rocky Mountain",6,2017,10,4.35935735702515
"Peace River North",60,2017,10,4.2127366065979
"Victoria",61,2017,10,7.42080068588257
"Sooke",62,2017,10,4.79058027267456
"Saanich",63,2017,10,6.96192502975464
"Gulf Islands",64,2017,10,7.07002544403076
"Nanaimo-Ladysmith",68,2017,10,4.4866099357605
"Qualicum",69,2017,10,5.14388990402222
"Pacific Rim",70,2017,10,3.44670867919922
"Comox Valley",71,2017,10,4.23446702957153
"Campbell River",72,2017,10,3.21565270423889
"Kamloops-Thompson",73,2017,10,5.72504711151123
"Gold Trail",74,2017,10,3.74905109405518
"Mission",75,2017,10,5.48481559753418
"Fraser-Cascade",78,2017,10,3.97036862373352
"Cowichan",79,2017,10,3.09443283081055
"Kootenay Lake",8,2017,10,5.61625576019287
"Fort Nelson",81,2017,10,3.87935638427734
"Coast Mountains",82,2017,10,2.63682150840759
"Okanagan-Shuswap",83,2017,10,7.02770519256592
"Vancouver Island West",84,2017,10,2.92088961601257
"Vancouver Island North",85,2017,10,3.11014223098755
"Stikine",87,2017,10,2.31643223762512
"Nechako Lakes",91,2017,10,4.6640477180481
"Nisgaa",92,2017,10,2.56950426101685
"Central Coast",49,2017,10,2.76923513412476
"Okanagan-Skaha",67,2017,10,6.60296964645386
"Okanagan-Similkameen",53,2017,10,5.0195574760437
"Arrow Lakes",10,2017,11,5.7754282951355
"Revelstoke",19,2017,11,5.39439058303833
"Kootenay-Columbia",20,2017,11,6.29262351989746
"Vernon",22,2017,11,5.58520746231079
"Central Okanagan",23,2017,11,6.21305894851685
"Cariboo-Chilcotin",27,2017,11,5.08635187149048
"Quesnel",28,2017,11,6.94816732406616
"Chilliwack",33,2017,11,4.50706958770752
"Abbotsford",34,2017,11,5.18588209152222
"Langley",35,2017,11,5.27669858932495
"Surrey",36,2017,11,5.12057018280029
"Delta",37,2017,11,5.4550313949585
"Richmond",38,2017,11,5.01774835586548
"Vancouver",39,2017,11,4.76851272583008
"New Westminster",40,2017,11,4.73500490188599
"Burnaby",41,2017,11,4.88669013977051
"Maple-Ridge Pitt-Meadows",42,2017,11,5.97217655181885
"Coquitlam",43,2017,11,6.43612051010132
"North Vancouver",44,2017,11,6.57267904281616
"West Vancouver",45,2017,11,5.72940111160278
"Sunshine Coast",46,2017,11,5.25480794906616
"Powell RIver",47,2017,11,4.25194883346558
"Sea to Sky",48,2017,11,5.25394630432129
"South East Kootenay",5,2017,11,5.65420055389404
"Haida Gwaii",50,2017,11,2.45314264297485
"Boundary",51,2017,11,5.53808546066284
"Prince Rupert",52,2017,11,3.32209587097168
"Bulkley Valley",54,2017,11,4.65919208526611
"Prince George",57,2017,11,6.61475515365601
"Nicola-Similkameen",58,2017,11,5.21610355377197
"Peace River South",59,2017,11,6.50969219207764
"Rocky Mountain",6,2017,11,4.90578937530518
"Peace River North",60,2017,11,4.93410491943359
"Victoria",61,2017,11,5.03499555587769
"Sooke",62,2017,11,3.87936210632324
"Saanich",63,2017,11,5.23546314239502
"Gulf Islands",64,2017,11,5.13174962997437
"Nanaimo-Ladysmith",68,2017,11,3.75961494445801
"Qualicum",69,2017,11,3.394446849823
"Pacific Rim",70,2017,11,4.14321327209473
"Comox Valley",71,2017,11,2.9669554233551
"Campbell River",72,2017,11,3.93604493141174
"Kamloops-Thompson",73,2017,11,6.00599908828735
"Gold Trail",74,2017,11,5.20976400375366
"Mission",75,2017,11,5.8614764213562
"Fraser-Cascade",78,2017,11,5.42673778533936
"Cowichan",79,2017,11,3.42613863945007
"Kootenay Lake",8,2017,11,5.66019630432129
"Fort Nelson",81,2017,11,4.25710821151733
"Coast Mountains",82,2017,11,4.46756792068481
"Okanagan-Shuswap",83,2017,11,6.55545377731323
"Vancouver Island West",84,2017,11,3.83236837387085
"Vancouver Island North",85,2017,11,3.61634421348572
"Stikine",87,2017,11,4.35825681686401
"Nechako Lakes",91,2017,11,5.303870677948
"Nisgaa",92,2017,11,4.47258615493774
"Central Coast",49,2017,11,3.62559986114502
"Okanagan-Skaha",67,2017,11,5.83585119247437
"Okanagan-Similkameen",53,2017,11,4.84630632400513
"Arrow Lakes",10,2017,12,5.95859336853027
"Revelstoke",19,2017,12,5.83974170684814
"Kootenay-Columbia",20,2017,12,7.35853862762451
"Vernon",22,2017,12,6.72350358963013
"Central Okanagan",23,2017,12,6.63406848907471
"Cariboo-Chilcotin",27,2017,12,6.46294116973877
"Quesnel",28,2017,12,7.11640787124634
"Chilliwack",33,2017,12,6.70590782165527
"Abbotsford",34,2017,12,8.35818386077881
"Langley",35,2017,12,8.84846019744873
"Surrey",36,2017,12,9.30081558227539
"Delta",37,2017,12,8.85145664215088
"Richmond",38,2017,12,8.80692672729492
"Vancouver",39,2017,12,8.33128356933594
"New Westminster",40,2017,12,9.56368732452393
"Burnaby",41,2017,12,9.17093372344971
"Maple-Ridge Pitt-Meadows",42,2017,12,7.72511768341064
"Coquitlam",43,2017,12,8.48045921325684
"North Vancouver",44,2017,12,8.58718013763428
"West Vancouver",45,2017,12,7.59793901443481
"Sunshine Coast",46,2017,12,6.65218210220337
"Powell RIver",47,2017,12,5.4713716506958
"Sea to Sky",48,2017,12,6.30102777481079
"South East Kootenay",5,2017,12,6.53796672821045
"Haida Gwaii",50,2017,12,3.39294028282166
"Boundary",51,2017,12,6.90946626663208
"Prince Rupert",52,2017,12,4.14747142791748
"Bulkley Valley",54,2017,12,6.64629936218262
"Prince George",57,2017,12,7.40290307998657
"Nicola-Similkameen",58,2017,12,6.26550102233887
"Peace River South",59,2017,12,6.84427499771118
"Rocky Mountain",6,2017,12,5.29786109924316
"Peace River North",60,2017,12,7.03265905380249
"Victoria",61,2017,12,6.59899616241455
"Sooke",62,2017,12,7.13080883026123
"Saanich",63,2017,12,7.26027727127075
"Gulf Islands",64,2017,12,8.11786937713623
"Nanaimo-Ladysmith",68,2017,12,7.91315889358521
"Qualicum",69,2017,12,6.47403287887573
"Pacific Rim",70,2017,12,5.88359975814819
"Comox Valley",71,2017,12,5.77236843109131
"Campbell River",72,2017,12,5.0249171257019
"Kamloops-Thompson",73,2017,12,6.37159204483032
"Gold Trail",74,2017,12,6.1713809967041
"Mission",75,2017,12,8.0920934677124
"Fraser-Cascade",78,2017,12,6.89287424087524
"Cowichan",79,2017,12,7.5264368057251
"Kootenay Lake",8,2017,12,5.93099546432495
"Fort Nelson",81,2017,12,5.77520513534546
"Coast Mountains",82,2017,12,5.07082271575928
"Okanagan-Shuswap",83,2017,12,7.14943170547485
"Vancouver Island West",84,2017,12,5.75010967254639
"Vancouver Island North",85,2017,12,4.89285659790039
"Stikine",87,2017,12,3.47653484344482
"Nechako Lakes",91,2017,12,6.92124700546265
"Nisgaa",92,2017,12,5.79894065856934
"Central Coast",49,2017,12,4.28530216217041
"Okanagan-Skaha",67,2017,12,6.69367647171021
"Okanagan-Similkameen",53,2017,12,5.5871434211731
"Arrow Lakes",10,2018,1,5.83001184463501
"Revelstoke",19,2018,1,5.69198036193848
"Kootenay-Columbia",20,2018,1,7.2035059928894
"Vernon",22,2018,1,6.4378604888916
"Central Okanagan",23,2018,1,7.11201858520508
"Cariboo-Chilcotin",27,2018,1,5.4955153465271
"Quesnel",28,2018,1,5.55842876434326
"Chilliwack",33,2018,1,3.67665791511536
"Abbotsford",34,2018,1,6.16502618789673
"Langley",35,2018,1,6.35867404937744
"Surrey",36,2018,1,5.51326131820679
"Delta",37,2018,1,5.17960119247437
"Richmond",38,2018,1,5.05343770980835
"Vancouver",39,2018,1,4.7742657661438
"New Westminster",40,2018,1,5.14027833938599
"Burnaby",41,2018,1,5.2914834022522
"Maple-Ridge Pitt-Meadows",42,2018,1,5.66886949539185
"Coquitlam",43,2018,1,6.19810724258423
"North Vancouver",44,2018,1,6.31607294082642
"West Vancouver",45,2018,1,5.17595434188843
"Sunshine Coast",46,2018,1,5.01028871536255
"Powell RIver",47,2018,1,4.12461519241333
"Sea to Sky",48,2018,1,3.99931240081787
"South East Kootenay",5,2018,1,5.21810102462769
"Haida Gwaii",50,2018,1,2.40519142150879
"Boundary",51,2018,1,6.38546657562256
"Prince Rupert",52,2018,1,3.11963248252869
"Bulkley Valley",54,2018,1,7.01963901519775
"Prince George",57,2018,1,5.99807739257812
"Nicola-Similkameen",58,2018,1,5.0769476890564
"Peace River South",59,2018,1,5.63300466537476
"Rocky Mountain",6,2018,1,4.4719934463501
"Peace River North",60,2018,1,5.68990516662598
"Victoria",61,2018,1,4.58450174331665
"Sooke",62,2018,1,4.36937856674194
"Saanich",63,2018,1,5.1598653793335
"Gulf Islands",64,2018,1,4.96957111358643
"Nanaimo-Ladysmith",68,2018,1,4.84349298477173
"Qualicum",69,2018,1,4.79173803329468
"Pacific Rim",70,2018,1,4.94095611572266
"Comox Valley",71,2018,1,4.52190637588501
"Campbell River",72,2018,1,4.10236406326294
"Kamloops-Thompson",73,2018,1,6.8112325668335
"Gold Trail",74,2018,1,5.02555322647095
"Mission",75,2018,1,5.73577451705933
"Fraser-Cascade",78,2018,1,3.66477346420288
"Cowichan",79,2018,1,4.81113719940186
"Kootenay Lake",8,2018,1,5.54959869384766
"Fort Nelson",81,2018,1,4.5217866897583
"Coast Mountains",82,2018,1,4.86613321304321
"Okanagan-Shuswap",83,2018,1,7.26344108581543
"Vancouver Island West",84,2018,1,4.55074310302734
"Vancouver Island North",85,2018,1,3.93842887878418
"Stikine",87,2018,1,5.03285646438599
"Nechako Lakes",91,2018,1,7.32082319259644
"Nisgaa",92,2018,1,5.46923398971558
"Central Coast",49,2018,1,3.71061205863953
"Okanagan-Skaha",67,2018,1,6.67652893066406
"Okanagan-Similkameen",53,2018,1,4.83507061004639
"Arrow Lakes",10,2018,2,5.94598007202148
"Revelstoke",19,2018,2,6.15941572189331
"Kootenay-Columbia",20,2018,2,6.69184827804565
"Vernon",22,2018,2,6.05331134796143
"Central Okanagan",23,2018,2,6.52905082702637
"Cariboo-Chilcotin",27,2018,2,6.30361270904541
"Quesnel",28,2018,2,7.16717290878296
"Chilliwack",33,2018,2,4.72420597076416
"Abbotsford",34,2018,2,5.81885147094727
"Langley",35,2018,2,5.18498086929321
"Surrey",36,2018,2,5.78719425201416
"Delta",37,2018,2,5.00917482376099
"Richmond",38,2018,2,4.51252031326294
"Vancouver",39,2018,2,4.31019926071167
"New Westminster",40,2018,2,6.33235454559326
"Burnaby",41,2018,2,5.95074081420898
"Maple-Ridge Pitt-Meadows",42,2018,2,4.84103965759277
"Coquitlam",43,2018,2,5.35399723052979
"North Vancouver",44,2018,2,5.33846950531006
"West Vancouver",45,2018,2,4.35058975219727
"Sunshine Coast",46,2018,2,4.74015712738037
"Powell RIver",47,2018,2,4.61289310455322
"Sea to Sky",48,2018,2,5.52585792541504
"South East Kootenay",5,2018,2,5.18157052993774
"Haida Gwaii",50,2018,2,1.64948654174805
"Boundary",51,2018,2,6.34752988815308
"Prince Rupert",52,2018,2,3.00767755508423
"Bulkley Valley",54,2018,2,6.9280219078064
"Prince George",57,2018,2,6.71695423126221
"Nicola-Similkameen",58,2018,2,5.29849195480347
"Peace River South",59,2018,2,5.54744386672974
"Rocky Mountain",6,2018,2,4.99680948257446
"Peace River North",60,2018,2,5.62631893157959
"Victoria",61,2018,2,3.48926329612732
"Sooke",62,2018,2,3.8806779384613
"Saanich",63,2018,2,4.07970094680786
"Gulf Islands",64,2018,2,4.16859245300293
"Nanaimo-Ladysmith",68,2018,2,4.39486789703369
"Qualicum",69,2018,2,4.02375507354736
"Pacific Rim",70,2018,2,4.32010936737061
"Comox Valley",71,2018,2,4.2768120765686
"Campbell River",72,2018,2,4.99149036407471
"Kamloops-Thompson",73,2018,2,6.76493835449219
"Gold Trail",74,2018,2,5.96117973327637
"Mission",75,2018,2,5.26521396636963
"Fraser-Cascade",78,2018,2,4.75878953933716
"Cowichan",79,2018,2,4.15768909454346
"Kootenay Lake",8,2018,2,5.68191719055176
"Fort Nelson",81,2018,2,4.43962049484253
"Coast Mountains",82,2018,2,5.04813623428345
"Okanagan-Shuswap",83,2018,2,6.62704610824585
"Vancouver Island West",84,2018,2,4.25930976867676
"Vancouver Island North",85,2018,2,4.71105623245239
"Stikine",87,2018,2,4.99072217941284
"Nechako Lakes",91,2018,2,7.33782577514648
"Nisgaa",92,2018,2,5.63041687011719
"Central Coast",49,2018,2,4.29313325881958
"Okanagan-Skaha",67,2018,2,6.16389036178589
"Okanagan-Similkameen",53,2018,2,5.08625268936157
"Arrow Lakes",10,2018,3,6.19826126098633
"Revelstoke",19,2018,3,5.74518299102783
"Kootenay-Columbia",20,2018,3,7.48898887634277
"Vernon",22,2018,3,6.71311044692993
"Central Okanagan",23,2018,3,7.42962694168091
"Cariboo-Chilcotin",27,2018,3,4.8985743522644
"Quesnel",28,2018,3,5.10790157318115
"Chilliwack",33,2018,3,5.0267219543457
"Abbotsford",34,2018,3,6.93212175369263
"Langley",35,2018,3,6.72476387023926
"Surrey",36,2018,3,6.575852394104
"Delta",37,2018,3,6.20712375640869
"Richmond",38,2018,3,6.04038953781128
"Vancouver",39,2018,3,5.91628265380859
"New Westminster",40,2018,3,7.08324003219604
"Burnaby",41,2018,3,6.86437797546387
"Maple-Ridge Pitt-Meadows",42,2018,3,5.46780967712402
"Coquitlam",43,2018,3,6.09712171554565
"North Vancouver",44,2018,3,6.18119096755981
"West Vancouver",45,2018,3,5.48778390884399
"Sunshine Coast",46,2018,3,5.39649963378906
"Powell RIver",47,2018,3,4.7114577293396
"Sea to Sky",48,2018,3,5.84519004821777
"South East Kootenay",5,2018,3,5.06795930862427
"Haida Gwaii",50,2018,3,2.62110114097595
"Boundary",51,2018,3,7.07446765899658
"Prince Rupert",52,2018,3,3.41881513595581
"Bulkley Valley",54,2018,3,6.85650491714478
"Prince George",57,2018,3,5.58652019500732
"Nicola-Similkameen",58,2018,3,5.97157764434814
"Peace River South",59,2018,3,6.2653112411499
"Rocky Mountain",6,2018,3,4.64964151382446
"Peace River North",60,2018,3,5.99139595031738
"Victoria",61,2018,3,4.9628210067749
"Sooke",62,2018,3,4.23530721664429
"Saanich",63,2018,3,5.22974729537964
"Gulf Islands",64,2018,3,5.49996948242188
"Nanaimo-Ladysmith",68,2018,3,4.93467283248901
"Qualicum",69,2018,3,4.4194769859314
"Pacific Rim",70,2018,3,4.13121461868286
"Comox Valley",71,2018,3,4.06009531021118
"Campbell River",72,2018,3,3.98904418945312
"Kamloops-Thompson",73,2018,3,6.20769691467285
"Gold Trail",74,2018,3,5.65198469161987
"Mission",75,2018,3,5.60639715194702
"Fraser-Cascade",78,2018,3,5.77968978881836
"Cowichan",79,2018,3,4.33173990249634
"Kootenay Lake",8,2018,3,5.77466487884521
"Fort Nelson",81,2018,3,4.37070417404175
"Coast Mountains",82,2018,3,5.43125867843628
"Okanagan-Shuswap",83,2018,3,7.24111366271973
"Vancouver Island West",84,2018,3,3.89378309249878
"Vancouver Island North",85,2018,3,3.77483725547791
"Stikine",87,2018,3,4.97782850265503
"Nechako Lakes",91,2018,3,6.50161218643188
"Nisgaa",92,2018,3,5.84903049468994
"Central Coast",49,2018,3,3.73833584785461
"Okanagan-Skaha",67,2018,3,7.19341802597046
"Okanagan-Similkameen",53,2018,3,5.82907247543335
"Arrow Lakes",10,2018,4,5.69454526901245
"Revelstoke",19,2018,4,5.20712423324585
"Kootenay-Columbia",20,2018,4,5.69773292541504
"Vernon",22,2018,4,4.54756450653076
"Central Okanagan",23,2018,4,4.69576835632324
"Cariboo-Chilcotin",27,2018,4,4.8407096862793
"Quesnel",28,2018,4,5.3407506942749
"Chilliwack",33,2018,4,3.25154447555542
"Abbotsford",34,2018,4,5.09624767303467
"Langley",35,2018,4,5.37365627288818
"Surrey",36,2018,4,5.35918855667114
"Delta",37,2018,4,5.55596971511841
"Richmond",38,2018,4,5.47470331192017
"Vancouver",39,2018,4,5.28901529312134
"New Westminster",40,2018,4,5.76842164993286
"Burnaby",41,2018,4,5.17547845840454
"Maple-Ridge Pitt-Meadows",42,2018,4,3.68357968330383
"Coquitlam",43,2018,4,4.09740161895752
"North Vancouver",44,2018,4,4.23354387283325
"West Vancouver",45,2018,4,4.43310928344727
"Sunshine Coast",46,2018,4,4.33586168289185
"Powell RIver",47,2018,4,4.15201807022095
"Sea to Sky",48,2018,4,3.99400424957275
"South East Kootenay",5,2018,4,4.40585231781006
"Haida Gwaii",50,2018,4,3.35754752159119
"Boundary",51,2018,4,4.49054861068726
"Prince Rupert",52,2018,4,3.70604300498962
"Bulkley Valley",54,2018,4,5.60662364959717
"Prince George",57,2018,4,5.27695798873901
"Nicola-Similkameen",58,2018,4,3.08041024208069
"Peace River South",59,2018,4,4.89745140075684
"Rocky Mountain",6,2018,4,4.36064577102661
"Peace River North",60,2018,4,4.19193744659424
"Victoria",61,2018,4,5.24160957336426
"Sooke",62,2018,4,4.18252801895142
"Saanich",63,2018,4,5.12968444824219
"Gulf Islands",64,2018,4,5.10720062255859
"Nanaimo-Ladysmith",68,2018,4,4.12931108474731
"Qualicum",69,2018,4,4.00276613235474
"Pacific Rim",70,2018,4,3.76704597473145
"Comox Valley",71,2018,4,3.28838396072388
"Campbell River",72,2018,4,3.59737277030945
"Kamloops-Thompson",73,2018,4,5.10540056228638
"Gold Trail",74,2018,4,3.95119571685791
"Mission",75,2018,4,3.66515803337097
"Fraser-Cascade",78,2018,4,3.21268630027771
"Cowichan",79,2018,4,3.86417627334595
"Kootenay Lake",8,2018,4,5.11187791824341
"Fort Nelson",81,2018,4,3.72464489936829
"Coast Mountains",82,2018,4,4.73921537399292
"Okanagan-Shuswap",83,2018,4,5.53604412078857
"Vancouver Island West",84,2018,4,3.41670536994934
"Vancouver Island North",85,2018,4,3.75133323669434
"Stikine",87,2018,4,2.66345953941345
"Nechako Lakes",91,2018,4,5.30821704864502
"Nisgaa",92,2018,4,5.31451368331909
"Central Coast",49,2018,4,3.4347825050354
"Okanagan-Skaha",67,2018,4,4.47886037826538
"Okanagan-Similkameen",53,2018,4,3.54230451583862
"Arrow Lakes",10,2018,5,4.74449682235718
"Revelstoke",19,2018,5,5.06830215454102
"Kootenay-Columbia",20,2018,5,6.1379075050354
"Vernon",22,2018,5,5.06018161773682
"Central Okanagan",23,2018,5,4.68964338302612
"Cariboo-Chilcotin",27,2018,5,5.94281148910522
"Quesnel",28,2018,5,6.42819452285767
"Chilliwack",33,2018,5,5.1638388633728
"Abbotsford",34,2018,5,6.44977712631226
"Langley",35,2018,5,6.44274663925171
"Surrey",36,2018,5,7.32019424438477
"Delta",37,2018,5,8.78033065795898
"Richmond",38,2018,5,8.65548992156982
"Vancouver",39,2018,5,7.7171573638916
"New Westminster",40,2018,5,6.76984119415283
"Burnaby",41,2018,5,6.32049894332886
"Maple-Ridge Pitt-Meadows",42,2018,5,4.85709190368652
"Coquitlam",43,2018,5,5.3362135887146
"North Vancouver",44,2018,5,5.42631578445435
"West Vancouver",45,2018,5,6.35416746139526
"Sunshine Coast",46,2018,5,5.48772525787354
"Powell RIver",47,2018,5,5.18441677093506
"Sea to Sky",48,2018,5,4.19630765914917
"South East Kootenay",5,2018,5,4.24477624893188
"Haida Gwaii",50,2018,5,3.24106597900391
"Boundary",51,2018,5,5.12083435058594
"Prince Rupert",52,2018,5,2.59355545043945
"Bulkley Valley",54,2018,5,3.97378945350647
"Prince George",57,2018,5,5.80630016326904
"Nicola-Similkameen",58,2018,5,3.84537506103516
"Peace River South",59,2018,5,5.47167539596558
"Rocky Mountain",6,2018,5,4.1999249458313
"Peace River North",60,2018,5,6.40626192092896
"Victoria",61,2018,5,5.98588180541992
"Sooke",62,2018,5,4.61737966537476
"Saanich",63,2018,5,6.14866590499878
"Gulf Islands",64,2018,5,7.558518409729
"Nanaimo-Ladysmith",68,2018,5,5.53913640975952
"Qualicum",69,2018,5,4.99166822433472
"Pacific Rim",70,2018,5,3.98601031303406
"Comox Valley",71,2018,5,4.70865392684937
"Campbell River",72,2018,5,4.82669067382812
"Kamloops-Thompson",73,2018,5,6.0542311668396
"Gold Trail",74,2018,5,5.06578302383423
"Mission",75,2018,5,4.99833297729492
"Fraser-Cascade",78,2018,5,3.94767594337463
"Cowichan",79,2018,5,4.3121337890625
"Kootenay Lake",8,2018,5,4.47684097290039
"Fort Nelson",81,2018,5,6.65984010696411
"Coast Mountains",82,2018,5,3.52258658409119
"Okanagan-Shuswap",83,2018,5,6.26072931289673
"Vancouver Island West",84,2018,5,3.49069404602051
"Vancouver Island North",85,2018,5,3.85951852798462
"Stikine",87,2018,5,3.75110244750977
"Nechako Lakes",91,2018,5,5.18827772140503
"Nisgaa",92,2018,5,3.59765005111694
"Central Coast",49,2018,5,3.79854607582092
"Okanagan-Skaha",67,2018,5,4.29506492614746
"Okanagan-Similkameen",53,2018,5,4.12751340866089
"Arrow Lakes",10,2018,6,4.41573905944824
"Revelstoke",19,2018,6,4.79826307296753
"Kootenay-Columbia",20,2018,6,5.40095996856689
"Vernon",22,2018,6,5.28056478500366
"Central Okanagan",23,2018,6,5.64194440841675
"Cariboo-Chilcotin",27,2018,6,4.63292026519775
"Quesnel",28,2018,6,5.27424287796021
"Chilliwack",33,2018,6,3.03209614753723
"Abbotsford",34,2018,6,4.59578561782837
"Langley",35,2018,6,4.92206239700317
"Surrey",36,2018,6,4.84271812438965
"Delta",37,2018,6,5.66086673736572
"Richmond",38,2018,6,5.71937227249146
"Vancouver",39,2018,6,5.72348880767822
"New Westminster",40,2018,6,5.02112770080566
"Burnaby",41,2018,6,4.54419803619385
"Maple-Ridge Pitt-Meadows",42,2018,6,3.62095212936401
"Coquitlam",43,2018,6,4.2082052230835
"North Vancouver",44,2018,6,4.32002830505371
"West Vancouver",45,2018,6,5.27653694152832
"Sunshine Coast",46,2018,6,3.92016887664795
"Powell RIver",47,2018,6,3.00268626213074
"Sea to Sky",48,2018,6,2.52345848083496
"South East Kootenay",5,2018,6,3.75565028190613
"Haida Gwaii",50,2018,6,2.61038708686829
"Boundary",51,2018,6,4.94659662246704
"Prince Rupert",52,2018,6,2.54126811027527
"Bulkley Valley",54,2018,6,3.66014909744263
"Prince George",57,2018,6,4.91425466537476
"Nicola-Similkameen",58,2018,6,4.02526235580444
"Peace River South",59,2018,6,5.41173505783081
"Rocky Mountain",6,2018,6,3.50181412696838
"Peace River North",60,2018,6,5.12448072433472
"Victoria",61,2018,6,4.74353837966919
"Sooke",62,2018,6,3.7664589881897
"Saanich",63,2018,6,5.0057544708252
"Gulf Islands",64,2018,6,5.45119333267212
"Nanaimo-Ladysmith",68,2018,6,4.0218300819397
"Qualicum",69,2018,6,4.12757349014282
"Pacific Rim",70,2018,6,3.16788744926453
"Comox Valley",71,2018,6,3.77167272567749
"Campbell River",72,2018,6,2.62516403198242
"Kamloops-Thompson",73,2018,6,5.7038688659668
"Gold Trail",74,2018,6,4.52077054977417
"Mission",75,2018,6,3.83273935317993
"Fraser-Cascade",78,2018,6,2.84348368644714
"Cowichan",79,2018,6,3.26722550392151
"Kootenay Lake",8,2018,6,3.83339691162109
"Fort Nelson",81,2018,6,6.40271472930908
"Coast Mountains",82,2018,6,3.03434538841248
"Okanagan-Shuswap",83,2018,6,6.31469249725342
"Vancouver Island West",84,2018,6,2.79796409606934
"Vancouver Island North",85,2018,6,2.61490297317505
"Stikine",87,2018,6,3.11454629898071
"Nechako Lakes",91,2018,6,3.76552581787109
"Nisgaa",92,2018,6,3.12263441085815
"Central Coast",49,2018,6,2.57728815078735
"Okanagan-Skaha",67,2018,6,5.03392601013184
"Okanagan-Similkameen",53,2018,6,4.18827533721924
"Arrow Lakes",10,2018,7,6.36095857620239
"Revelstoke",19,2018,7,6.01255178451538
"Kootenay-Columbia",20,2018,7,7.60933828353882
"Vernon",22,2018,7,6.88672828674316
"Central Okanagan",23,2018,7,7.42222499847412
"Cariboo-Chilcotin",27,2018,7,6.88977003097534
"Quesnel",28,2018,7,7.46277236938477
"Chilliwack",33,2018,7,4.94291973114014
"Abbotsford",34,2018,7,5.19077825546265
"Langley",35,2018,7,5.56775426864624
"Surrey",36,2018,7,6.31662559509277
"Delta",37,2018,7,6.53705883026123
"Richmond",38,2018,7,6.79750728607178
"Vancouver",39,2018,7,6.56103706359863
"New Westminster",40,2018,7,7.42763328552246
"Burnaby",41,2018,7,7.09751319885254
"Maple-Ridge Pitt-Meadows",42,2018,7,6.13072824478149
"Coquitlam",43,2018,7,5.16929054260254
"North Vancouver",44,2018,7,5.09342670440674
"West Vancouver",45,2018,7,5.64152812957764
"Sunshine Coast",46,2018,7,5.78882598876953
"Powell RIver",47,2018,7,5.16775321960449
"Sea to Sky",48,2018,7,6.65604400634766
"South East Kootenay",5,2018,7,5.31932735443115
"Haida Gwaii",50,2018,7,2.63517451286316
"Boundary",51,2018,7,7.09335660934448
"Prince Rupert",52,2018,7,2.21454453468323
"Bulkley Valley",54,2018,7,6.9308295249939
"Prince George",57,2018,7,6.84027767181396
"Nicola-Similkameen",58,2018,7,6.86924171447754
"Peace River South",59,2018,7,6.49336910247803
"Rocky Mountain",6,2018,7,5.39732933044434
"Peace River North",60,2018,7,6.91549491882324
"Victoria",61,2018,7,5.51382112503052
"Sooke",62,2018,7,4.67738676071167
"Saanich",63,2018,7,5.33794832229614
"Gulf Islands",64,2018,7,5.46263122558594
"Nanaimo-Ladysmith",68,2018,7,5.58367586135864
"Qualicum",69,2018,7,4.65581226348877
"Pacific Rim",70,2018,7,4.65598011016846
"Comox Valley",71,2018,7,4.45734310150146
"Campbell River",72,2018,7,4.92319440841675
"Kamloops-Thompson",73,2018,7,6.73996734619141
"Gold Trail",74,2018,7,6.90989303588867
"Mission",75,2018,7,5.43672466278076
"Fraser-Cascade",78,2018,7,6.21493434906006
"Cowichan",79,2018,7,5.0815601348877
"Kootenay Lake",8,2018,7,6.13542509078979
"Fort Nelson",81,2018,7,8.56301212310791
"Coast Mountains",82,2018,7,4.38147497177124
"Okanagan-Shuswap",83,2018,7,7.39871406555176
"Vancouver Island West",84,2018,7,3.72659516334534
"Vancouver Island North",85,2018,7,4.01425647735596
"Stikine",87,2018,7,6.63825273513794
"Nechako Lakes",91,2018,7,5.54656028747559
"Nisgaa",92,2018,7,3.87110757827759
"Central Coast",49,2018,7,3.61689448356628
"Okanagan-Skaha",67,2018,7,6.97660541534424
"Okanagan-Similkameen",53,2018,7,8.58780574798584
"Arrow Lakes",10,2018,8,36.6523208618164
"Revelstoke",19,2018,8,35.1740417480469
"Kootenay-Columbia",20,2018,8,45.4432792663574
"Vernon",22,2018,8,37.0428237915039
"Central Okanagan",23,2018,8,34.4137115478516
"Cariboo-Chilcotin",27,2018,8,87.0999221801758
"Quesnel",28,2018,8,99.0377578735352
"Chilliwack",33,2018,8,20.4657173156738
"Abbotsford",34,2018,8,13.6535511016846
"Langley",35,2018,8,10.9465208053589
"Surrey",36,2018,8,11.8041219711304
"Delta",37,2018,8,7.88834190368652
"Richmond",38,2018,8,7.63079738616943
"Vancouver",39,2018,8,7.51176357269287
"New Westminster",40,2018,8,17.4944896697998
"Burnaby",41,2018,8,16.5149459838867
"Maple-Ridge Pitt-Meadows",42,2018,8,13.848461151123
"Coquitlam",43,2018,8,9.94823360443115
"North Vancouver",44,2018,8,7.32788610458374
"West Vancouver",45,2018,8,5.4620418548584
"Sunshine Coast",46,2018,8,12.3002052307129
"Powell RIver",47,2018,8,19.8976173400879
"Sea to Sky",48,2018,8,20.8447685241699
"South East Kootenay",5,2018,8,43.7893905639648
"Haida Gwaii",50,2018,8,3.18324875831604
"Boundary",51,2018,8,35.0894966125488
"Prince Rupert",52,2018,8,3.20647788047791
"Bulkley Valley",54,2018,8,34.1223602294922
"Prince George",57,2018,8,34.6861114501953
"Nicola-Similkameen",58,2018,8,29.3322162628174
"Peace River South",59,2018,8,25.0819263458252
"Rocky Mountain",6,2018,8,38.7363777160645
"Peace River North",60,2018,8,20.8344593048096
"Victoria",61,2018,8,9.6418285369873
"Sooke",62,2018,8,11.0216102600098
"Saanich",63,2018,8,9.24211120605469
"Gulf Islands",64,2018,8,5.97962951660156
"Nanaimo-Ladysmith",68,2018,8,8.6847677230835
"Qualicum",69,2018,8,8.06520557403564
"Pacific Rim",70,2018,8,18.3615036010742
"Comox Valley",71,2018,8,16.1903209686279
"Campbell River",72,2018,8,22.5583000183105
"Kamloops-Thompson",73,2018,8,34.0874900817871
"Gold Trail",74,2018,8,31.5117149353027
"Mission",75,2018,8,12.4002151489258
"Fraser-Cascade",78,2018,8,21.573112487793
"Cowichan",79,2018,8,12.4489240646362
"Kootenay Lake",8,2018,8,43.2044868469238
"Fort Nelson",81,2018,8,36.3995094299316
"Coast Mountains",82,2018,8,14.2544145584106
"Okanagan-Shuswap",83,2018,8,35.15087890625
"Vancouver Island West",84,2018,8,23.680362701416
"Vancouver Island North",85,2018,8,24.2522430419922
"Stikine",87,2018,8,25.9928359985352
"Nechako Lakes",91,2018,8,94.204719543457
"Nisgaa",92,2018,8,4.44316148757935
"Central Coast",49,2018,8,73.6909484863281
"Okanagan-Skaha",67,2018,8,31.6008682250977
"Okanagan-Similkameen",53,2018,8,44.6702766418457
"Arrow Lakes",10,2018,9,4.56268835067749
"Revelstoke",19,2018,9,3.51023769378662
"Kootenay-Columbia",20,2018,9,16.6513919830322
"Vernon",22,2018,9,4.13857460021973
"Central Okanagan",23,2018,9,5.27533435821533
"Cariboo-Chilcotin",27,2018,9,4.51925039291382
"Quesnel",28,2018,9,6.43428087234497
"Chilliwack",33,2018,9,3.66629815101624
"Abbotsford",34,2018,9,4.61328172683716
"Langley",35,2018,9,3.83155035972595
"Surrey",36,2018,9,5.14457750320435
"Delta",37,2018,9,6.83675765991211
"Richmond",38,2018,9,7.33784866333008
"Vancouver",39,2018,9,6.86874961853027
"New Westminster",40,2018,9,5.50660419464111
"Burnaby",41,2018,9,4.69851160049438
"Maple-Ridge Pitt-Meadows",42,2018,9,3.164057970047
"Coquitlam",43,2018,9,2.39142560958862
"North Vancouver",44,2018,9,1.97902321815491
"West Vancouver",45,2018,9,4.80880260467529
"Sunshine Coast",46,2018,9,5.19010162353516
"Powell RIver",47,2018,9,4.62398719787598
"Sea to Sky",48,2018,9,2.71222829818726
"South East Kootenay",5,2018,9,6.07921504974365
"Haida Gwaii",50,2018,9,2.96874952316284
"Boundary",51,2018,9,9.68648815155029
"Prince Rupert",52,2018,9,3.43210744857788
"Bulkley Valley",54,2018,9,5.16576051712036
"Prince George",57,2018,9,6.95724248886108
"Nicola-Similkameen",58,2018,9,4.05125904083252
"Peace River South",59,2018,9,5.19926357269287
"Rocky Mountain",6,2018,9,4.38778972625732
"Peace River North",60,2018,9,5.35645866394043
"Victoria",61,2018,9,6.94670343399048
"Sooke",62,2018,9,5.11334037780762
"Saanich",63,2018,9,6.21871566772461
"Gulf Islands",64,2018,9,6.5087456703186
"Nanaimo-Ladysmith",68,2018,9,5.00667905807495
"Qualicum",69,2018,9,4.81682014465332
"Pacific Rim",70,2018,9,3.84595131874084
"Comox Valley",71,2018,9,4.18755006790161
"Campbell River",72,2018,9,4.17610120773315
"Kamloops-Thompson",73,2018,9,4.38018369674683
"Gold Trail",74,2018,9,3.77787518501282
"Mission",75,2018,9,2.78432846069336
"Fraser-Cascade",78,2018,9,3.32439756393433
"Cowichan",79,2018,9,4.34969711303711
"Kootenay Lake",8,2018,9,6.79095077514648
"Fort Nelson",81,2018,9,5.19965648651123
"Coast Mountains",82,2018,9,5.02851104736328
"Okanagan-Shuswap",83,2018,9,3.62725305557251
"Vancouver Island West",84,2018,9,3.25398731231689
"Vancouver Island North",85,2018,9,4.08270978927612
"Stikine",87,2018,9,4.63115358352661
"Nechako Lakes",91,2018,9,6.01830720901489
"Nisgaa",92,2018,9,5.07926082611084
"Central Coast",49,2018,9,4.31990909576416
"Okanagan-Skaha",67,2018,9,5.49895000457764
"Okanagan-Similkameen",53,2018,9,6.45715284347534
"Arrow Lakes",10,2018,10,8.09195613861084
"Revelstoke",19,2018,10,7.75417709350586
"Kootenay-Columbia",20,2018,10,9.15004730224609
"Vernon",22,2018,10,7.55315399169922
"Central Okanagan",23,2018,10,7.6750373840332
"Cariboo-Chilcotin",27,2018,10,6.83030652999878
"Quesnel",28,2018,10,7.14092493057251
"Chilliwack",33,2018,10,6.51085758209229
"Abbotsford",34,2018,10,8.88286685943604
"Langley",35,2018,10,8.67193698883057
"Surrey",36,2018,10,8.57390308380127
"Delta",37,2018,10,7.08140277862549
"Richmond",38,2018,10,7.12885761260986
"Vancouver",39,2018,10,7.18817806243896
"New Westminster",40,2018,10,9.76289367675781
"Burnaby",41,2018,10,9.44587993621826
"Maple-Ridge Pitt-Meadows",42,2018,10,7.03906536102295
"Coquitlam",43,2018,10,7.6779990196228
"North Vancouver",44,2018,10,6.92395925521851
"West Vancouver",45,2018,10,6.29632186889648
"Sunshine Coast",46,2018,10,6.3216438293457
"Powell RIver",47,2018,10,5.5456976890564
"Sea to Sky",48,2018,10,5.60707664489746
"South East Kootenay",5,2018,10,6.72789621353149
"Haida Gwaii",50,2018,10,3.42693591117859
"Boundary",51,2018,10,7.97474670410156
"Prince Rupert",52,2018,10,4.61704683303833
"Bulkley Valley",54,2018,10,8.23265552520752
"Prince George",57,2018,10,7.62291240692139
"Nicola-Similkameen",58,2018,10,6.36141633987427
"Peace River South",59,2018,10,6.11761379241943
"Rocky Mountain",6,2018,10,5.59132528305054
"Peace River North",60,2018,10,5.00924062728882
"Victoria",61,2018,10,7.364333152771
"Sooke",62,2018,10,6.36429643630981
"Saanich",63,2018,10,7.48282861709595
"Gulf Islands",64,2018,10,6.00587511062622
"Nanaimo-Ladysmith",68,2018,10,5.81564617156982
"Qualicum",69,2018,10,5.49846410751343
"Pacific Rim",70,2018,10,5.96735954284668
"Comox Valley",71,2018,10,5.07137823104858
"Campbell River",72,2018,10,5.10349321365356
"Kamloops-Thompson",73,2018,10,7.66535377502441
"Gold Trail",74,2018,10,5.87442922592163
"Mission",75,2018,10,7.03409051895142
"Fraser-Cascade",78,2018,10,6.65936040878296
"Cowichan",79,2018,10,6.09283494949341
"Kootenay Lake",8,2018,10,7.13655567169189
"Fort Nelson",81,2018,10,3.96541213989258
"Coast Mountains",82,2018,10,5.44442796707153
"Okanagan-Shuswap",83,2018,10,9.73088359832764
"Vancouver Island West",84,2018,10,5.57960319519043
"Vancouver Island North",85,2018,10,5.14533090591431
"Stikine",87,2018,10,2.56563878059387
"Nechako Lakes",91,2018,10,7.53967094421387
"Nisgaa",92,2018,10,5.56292295455933
"Central Coast",49,2018,10,5.11917543411255
"Okanagan-Skaha",67,2018,10,7.69597768783569
"Okanagan-Similkameen",53,2018,10,6.42261362075806
"Arrow Lakes",10,2018,11,8.46733379364014
"Revelstoke",19,2018,11,7.8690185546875
"Kootenay-Columbia",20,2018,11,9.53978633880615
"Vernon",22,2018,11,8.66353702545166
"Central Okanagan",23,2018,11,9.53047180175781
"Cariboo-Chilcotin",27,2018,11,7.56063747406006
"Quesnel",28,2018,11,7.84464168548584
"Chilliwack",33,2018,11,5.49899005889893
"Abbotsford",34,2018,11,7.44512939453125
"Langley",35,2018,11,7.50987720489502
"Surrey",36,2018,11,7.58180046081543
"Delta",37,2018,11,6.68446922302246
"Richmond",38,2018,11,6.36927461624146
"Vancouver",39,2018,11,6.22328329086304
"New Westminster",40,2018,11,8.05094051361084
"Burnaby",41,2018,11,7.98161792755127
"Maple-Ridge Pitt-Meadows",42,2018,11,6.45934343338013
"Coquitlam",43,2018,11,7.29315328598022
"North Vancouver",44,2018,11,7.33623790740967
"West Vancouver",45,2018,11,6.0441575050354
"Sunshine Coast",46,2018,11,5.3874135017395
"Powell RIver",47,2018,11,4.87572574615479
"Sea to Sky",48,2018,11,5.3648362159729
"South East Kootenay",5,2018,11,6.73633432388306
"Haida Gwaii",50,2018,11,2.66540694236755
"Boundary",51,2018,11,9.15217590332031
"Prince Rupert",52,2018,11,3.61257982254028
"Bulkley Valley",54,2018,11,6.58433532714844
"Prince George",57,2018,11,7.67148065567017
"Nicola-Similkameen",58,2018,11,7.41771602630615
"Peace River South",59,2018,11,7.41819715499878
"Rocky Mountain",6,2018,11,6.95891046524048
"Peace River North",60,2018,11,7.75827980041504
"Victoria",61,2018,11,5.84057283401489
"Sooke",62,2018,11,5.30105447769165
"Saanich",63,2018,11,6.25358295440674
"Gulf Islands",64,2018,11,5.57977247238159
"Nanaimo-Ladysmith",68,2018,11,5.13536930084229
"Qualicum",69,2018,11,5.39084768295288
"Pacific Rim",70,2018,11,5.13417196273804
"Comox Valley",71,2018,11,5.0315842628479
"Campbell River",72,2018,11,4.88637351989746
"Kamloops-Thompson",73,2018,11,8.1278247833252
"Gold Trail",74,2018,11,7.41989374160767
"Mission",75,2018,11,6.64513397216797
"Fraser-Cascade",78,2018,11,5.51344871520996
"Cowichan",79,2018,11,4.93443536758423
"Kootenay Lake",8,2018,11,7.37987041473389
"Fort Nelson",81,2018,11,4.47298765182495
"Coast Mountains",82,2018,11,5.20822238922119
"Okanagan-Shuswap",83,2018,11,9.17076587677002
"Vancouver Island West",84,2018,11,4.58090257644653
"Vancouver Island North",85,2018,11,4.89289951324463
"Stikine",87,2018,11,4.01125478744507
"Nechako Lakes",91,2018,11,8.4763126373291
"Nisgaa",92,2018,11,4.88847303390503
"Central Coast",49,2018,11,4.3548002243042
"Okanagan-Skaha",67,2018,11,9.64400482177734
"Okanagan-Similkameen",53,2018,11,8.27409839630127
"Arrow Lakes",10,2018,12,6.66160011291504
"Revelstoke",19,2018,12,6.37683963775635
"Kootenay-Columbia",20,2018,12,8.05055046081543
"Vernon",22,2018,12,7.21599435806274
"Central Okanagan",23,2018,12,8.49035549163818
"Cariboo-Chilcotin",27,2018,12,5.46107149124146
"Quesnel",28,2018,12,5.88253927230835
"Chilliwack",33,2018,12,5.44491529464722
"Abbotsford",34,2018,12,6.41790914535522
"Langley",35,2018,12,6.37580442428589
"Surrey",36,2018,12,5.80284023284912
"Delta",37,2018,12,5.0964035987854
"Richmond",38,2018,12,4.46096754074097
"Vancouver",39,2018,12,4.13341856002808
"New Westminster",40,2018,12,5.43591356277466
"Burnaby",41,2018,12,5.29048109054565
"Maple-Ridge Pitt-Meadows",42,2018,12,5.65310955047607
"Coquitlam",43,2018,12,5.83640098571777
"North Vancouver",44,2018,12,5.99075412750244
"West Vancouver",45,2018,12,4.51887321472168
"Sunshine Coast",46,2018,12,4.79974699020386
"Powell RIver",47,2018,12,4.43488597869873
"Sea to Sky",48,2018,12,5.0619797706604
"South East Kootenay",5,2018,12,5.80358552932739
"Haida Gwaii",50,2018,12,1.99740827083588
"Boundary",51,2018,12,7.54667091369629
"Prince Rupert",52,2018,12,2.85556268692017
"Bulkley Valley",54,2018,12,6.90771913528442
"Prince George",57,2018,12,5.46908092498779
"Nicola-Similkameen",58,2018,12,5.44706249237061
"Peace River South",59,2018,12,5.20601320266724
"Rocky Mountain",6,2018,12,5.0865421295166
"Peace River North",60,2018,12,6.43712568283081
"Victoria",61,2018,12,4.51502323150635
"Sooke",62,2018,12,4.10848426818848
"Saanich",63,2018,12,5.04366445541382
"Gulf Islands",64,2018,12,4.5866379737854
"Nanaimo-Ladysmith",68,2018,12,4.72974872589111
"Qualicum",69,2018,12,4.42888641357422
"Pacific Rim",70,2018,12,4.82001638412476
"Comox Valley",71,2018,12,4.50484275817871
"Campbell River",72,2018,12,4.78407669067383
"Kamloops-Thompson",73,2018,12,6.68605661392212
"Gold Trail",74,2018,12,5.07369518280029
"Mission",75,2018,12,5.87066602706909
"Fraser-Cascade",78,2018,12,4.8276424407959
"Cowichan",79,2018,12,4.69044208526611
"Kootenay Lake",8,2018,12,6.49402523040771
"Fort Nelson",81,2018,12,4.50229787826538
"Coast Mountains",82,2018,12,4.86153602600098
"Okanagan-Shuswap",83,2018,12,7.13232946395874
"Vancouver Island West",84,2018,12,4.77529668807983
"Vancouver Island North",85,2018,12,4.57289266586304
"Stikine",87,2018,12,4.25040531158447
"Nechako Lakes",91,2018,12,7.12006807327271
"Nisgaa",92,2018,12,5.08035564422607
"Central Coast",49,2018,12,4.26055145263672
"Okanagan-Skaha",67,2018,12,7.87243747711182
"Okanagan-Similkameen",53,2018,12,6.73044681549072
"Arrow Lakes",10,2019,1,5.32798004150391
"Revelstoke",19,2019,1,4.58981513977051
"Kootenay-Columbia",20,2019,1,5.67195224761963
"Vernon",22,2019,1,5.96352958679199
"Central Okanagan",23,2019,1,7.26115751266479
"Cariboo-Chilcotin",27,2019,1,5.56455516815186
"Quesnel",28,2019,1,6.30399608612061
"Chilliwack",33,2019,1,4.71966648101807
"Abbotsford",34,2019,1,5.62265634536743
"Langley",35,2019,1,5.63118648529053
"Surrey",36,2019,1,6.02491998672485
"Delta",37,2019,1,5.44556665420532
"Richmond",38,2019,1,5.17314338684082
"Vancouver",39,2019,1,5.02381944656372
"New Westminster",40,2019,1,6.35617780685425
"Burnaby",41,2019,1,6.10691022872925
"Maple-Ridge Pitt-Meadows",42,2019,1,4.16751861572266
"Coquitlam",43,2019,1,5.21692752838135
"North Vancouver",44,2019,1,4.87326431274414
"West Vancouver",45,2019,1,4.35464239120483
"Sunshine Coast",46,2019,1,3.5978901386261
"Powell RIver",47,2019,1,3.27835750579834
"Sea to Sky",48,2019,1,4.20513486862183
"South East Kootenay",5,2019,1,5.48294496536255
"Haida Gwaii",50,2019,1,2.94361543655396
"Boundary",51,2019,1,5.33146953582764
"Prince Rupert",52,2019,1,2.65715312957764
"Bulkley Valley",54,2019,1,5.37505435943604
"Prince George",57,2019,1,5.42581701278687
"Nicola-Similkameen",58,2019,1,6.05299949645996
"Peace River South",59,2019,1,5.19532489776611
"Rocky Mountain",6,2019,1,3.69917869567871
"Peace River North",60,2019,1,4.64758348464966
"Victoria",61,2019,1,3.78727889060974
"Sooke",62,2019,1,4.05894947052002
"Saanich",63,2019,1,4.8387131690979
"Gulf Islands",64,2019,1,4.53329849243164
"Nanaimo-Ladysmith",68,2019,1,4.93854570388794
"Qualicum",69,2019,1,3.80162358283997
"Pacific Rim",70,2019,1,3.36867690086365
"Comox Valley",71,2019,1,4.48875999450684
"Campbell River",72,2019,1,3.92784023284912
"Kamloops-Thompson",73,2019,1,5.35658693313599
"Gold Trail",74,2019,1,5.21713542938232
"Mission",75,2019,1,4.52241945266724
"Fraser-Cascade",78,2019,1,4.6930775642395
"Cowichan",79,2019,1,4.91337156295776
"Kootenay Lake",8,2019,1,4.56976747512817
"Fort Nelson",81,2019,1,4.72880697250366
"Coast Mountains",82,2019,1,4.26297950744629
"Okanagan-Shuswap",83,2019,1,5.76600456237793
"Vancouver Island West",84,2019,1,3.28883409500122
"Vancouver Island North",85,2019,1,3.29955887794495
"Stikine",87,2019,1,4.60899305343628
"Nechako Lakes",91,2019,1,5.87716293334961
"Nisgaa",92,2019,1,3.60855603218079
"Central Coast",49,2019,1,3.38603186607361
"Okanagan-Skaha",67,2019,1,6.58011770248413
"Okanagan-Similkameen",53,2019,1,5.94121170043945
"Arrow Lakes",10,2019,2,6.92063999176025
"Revelstoke",19,2019,2,6.08772945404053
"Kootenay-Columbia",20,2019,2,7.06816482543945
"Vernon",22,2019,2,6.81531810760498
"Central Okanagan",23,2019,2,7.22402334213257
"Cariboo-Chilcotin",27,2019,2,5.54777812957764
"Quesnel",28,2019,2,6.20484828948975
"Chilliwack",33,2019,2,5.0512900352478
"Abbotsford",34,2019,2,5.49140930175781
"Langley",35,2019,2,4.23293352127075
"Surrey",36,2019,2,4.85727691650391
"Delta",37,2019,2,4.05129289627075
"Richmond",38,2019,2,3.42695951461792
"Vancouver",39,2019,2,3.51787328720093
"New Westminster",40,2019,2,5.47099637985229
"Burnaby",41,2019,2,5.35414266586304
"Maple-Ridge Pitt-Meadows",42,2019,2,4.51630640029907
"Coquitlam",43,2019,2,4.6301703453064
"North Vancouver",44,2019,2,4.34282541275024
"West Vancouver",45,2019,2,3.85880947113037
"Sunshine Coast",46,2019,2,5.18271255493164
"Powell RIver",47,2019,2,5.27805852890015
"Sea to Sky",48,2019,2,5.23308229446411
"South East Kootenay",5,2019,2,7.30827045440674
"Haida Gwaii",50,2019,2,2.00886487960815
"Boundary",51,2019,2,6.94983863830566
"Prince Rupert",52,2019,2,4.21801710128784
"Bulkley Valley",54,2019,2,5.38898658752441
"Prince George",57,2019,2,6.24634599685669
"Nicola-Similkameen",58,2019,2,5.55073976516724
"Peace River South",59,2019,2,5.71719694137573
"Rocky Mountain",6,2019,2,6.50531482696533
"Peace River North",60,2019,2,4.02289915084839
"Victoria",61,2019,2,4.44886636734009
"Sooke",62,2019,2,4.3315806388855
"Saanich",63,2019,2,4.52030420303345
"Gulf Islands",64,2019,2,4.11043167114258
"Nanaimo-Ladysmith",68,2019,2,4.83286190032959
"Qualicum",69,2019,2,4.60371017456055
"Pacific Rim",70,2019,2,4.81710910797119
"Comox Valley",71,2019,2,6.05682563781738
"Campbell River",72,2019,2,5.51259469985962
"Kamloops-Thompson",73,2019,2,6.31019258499146
"Gold Trail",74,2019,2,5.4757719039917
"Mission",75,2019,2,4.67710256576538
"Fraser-Cascade",78,2019,2,5.47088432312012
"Cowichan",79,2019,2,4.56801319122314
"Kootenay Lake",8,2019,2,6.91624784469604
"Fort Nelson",81,2019,2,3.98556089401245
"Coast Mountains",82,2019,2,4.89669990539551
"Okanagan-Shuswap",83,2019,2,6.64248514175415
"Vancouver Island West",84,2019,2,5.27913522720337
"Vancouver Island North",85,2019,2,5.07216215133667
"Stikine",87,2019,2,3.73329210281372
"Nechako Lakes",91,2019,2,4.88485717773438
"Nisgaa",92,2019,2,6.06320810317993
"Central Coast",49,2019,2,4.56973934173584
"Okanagan-Skaha",67,2019,2,6.68920087814331
"Okanagan-Similkameen",53,2019,2,5.87581825256348
"Arrow Lakes",10,2019,3,5.52066850662231
"Revelstoke",19,2019,3,4.77853631973267
"Kootenay-Columbia",20,2019,3,5.74376678466797
"Vernon",22,2019,3,5.74254655838013
"Central Okanagan",23,2019,3,6.57698249816895
"Cariboo-Chilcotin",27,2019,3,4.59781408309937
"Quesnel",28,2019,3,5.39552164077759
"Chilliwack",33,2019,3,7.27869939804077
"Abbotsford",34,2019,3,5.58981513977051
"Langley",35,2019,3,5.84140348434448
"Surrey",36,2019,3,5.80700969696045
"Delta",37,2019,3,5.24805641174316
"Richmond",38,2019,3,4.36112022399902
"Vancouver",39,2019,3,4.16242361068726
"New Westminster",40,2019,3,6.57600927352905
"Burnaby",41,2019,3,6.71392965316772
"Maple-Ridge Pitt-Meadows",42,2019,3,5.42588758468628
"Coquitlam",43,2019,3,6.21571254730225
"North Vancouver",44,2019,3,5.83244562149048
"West Vancouver",45,2019,3,4.47314453125
"Sunshine Coast",46,2019,3,5.59715604782104
"Powell RIver",47,2019,3,4.96054124832153
"Sea to Sky",48,2019,3,5.30197286605835
"South East Kootenay",5,2019,3,5.04100561141968
"Haida Gwaii",50,2019,3,3.18675351142883
"Boundary",51,2019,3,5.73124361038208
"Prince Rupert",52,2019,3,3.97016358375549
"Bulkley Valley",54,2019,3,5.49444150924683
"Prince George",57,2019,3,5.39074563980103
"Nicola-Similkameen",58,2019,3,5.43505334854126
"Peace River South",59,2019,3,5.08652400970459
"Rocky Mountain",6,2019,3,4.08089923858643
"Peace River North",60,2019,3,4.08452224731445
"Victoria",61,2019,3,4.51127290725708
"Sooke",62,2019,3,4.90938806533813
"Saanich",63,2019,3,5.14937210083008
"Gulf Islands",64,2019,3,4.77598857879639
"Nanaimo-Ladysmith",68,2019,3,4.81234407424927
"Qualicum",69,2019,3,4.31962823867798
"Pacific Rim",70,2019,3,4.61923360824585
"Comox Valley",71,2019,3,4.46031665802002
"Campbell River",72,2019,3,4.51080751419067
"Kamloops-Thompson",73,2019,3,4.91112947463989
"Gold Trail",74,2019,3,4.92115259170532
"Mission",75,2019,3,6.03076553344727
"Fraser-Cascade",78,2019,3,6.09922647476196
"Cowichan",79,2019,3,5.09874391555786
"Kootenay Lake",8,2019,3,4.94992017745972
"Fort Nelson",81,2019,3,4.27066469192505
"Coast Mountains",82,2019,3,4.66966009140015
"Okanagan-Shuswap",83,2019,3,5.59477853775024
"Vancouver Island West",84,2019,3,4.44388628005981
"Vancouver Island North",85,2019,3,4.35036468505859
"Stikine",87,2019,3,3.77356195449829
"Nechako Lakes",91,2019,3,4.74622774124146
"Nisgaa",92,2019,3,5.23108863830566
"Central Coast",49,2019,3,4.05160760879517
"Okanagan-Skaha",67,2019,3,6.49235200881958
"Okanagan-Similkameen",53,2019,3,5.64041137695312
"Arrow Lakes",10,2019,4,2.61382579803467
"Revelstoke",19,2019,4,2.79116177558899
"Kootenay-Columbia",20,2019,4,2.91097545623779
"Vernon",22,2019,4,3.02903771400452
"Central Okanagan",23,2019,4,3.8959801197052
"Cariboo-Chilcotin",27,2019,4,3.1062331199646
"Quesnel",28,2019,4,2.68869519233704
"Chilliwack",33,2019,4,3.26558756828308
"Abbotsford",34,2019,4,3.83297204971313
"Langley",35,2019,4,3.9891459941864
"Surrey",36,2019,4,4.00868129730225
"Delta",37,2019,4,3.34843683242798
"Richmond",38,2019,4,3.06105256080627
"Vancouver",39,2019,4,3.09498572349548
"New Westminster",40,2019,4,4.12042188644409
"Burnaby",41,2019,4,3.98010921478271
"Maple-Ridge Pitt-Meadows",42,2019,4,3.35448384284973
"Coquitlam",43,2019,4,3.3471953868866
"North Vancouver",44,2019,4,3.38534331321716
"West Vancouver",45,2019,4,2.89668583869934
"Sunshine Coast",46,2019,4,3.16622018814087
"Powell RIver",47,2019,4,3.4858705997467
"Sea to Sky",48,2019,4,3.5786669254303
"South East Kootenay",5,2019,4,2.55764746665955
"Haida Gwaii",50,2019,4,3.82084631919861
"Boundary",51,2019,4,2.63500070571899
"Prince Rupert",52,2019,4,3.42664313316345
"Bulkley Valley",54,2019,4,3.29205107688904
"Prince George",57,2019,4,2.49723863601685
"Nicola-Similkameen",58,2019,4,3.43445491790771
"Peace River South",59,2019,4,2.58812713623047
"Rocky Mountain",6,2019,4,2.13021016120911
"Peace River North",60,2019,4,2.36954808235168
"Victoria",61,2019,4,3.67577028274536
"Sooke",62,2019,4,3.68649744987488
"Saanich",63,2019,4,3.50213027000427
"Gulf Islands",64,2019,4,2.94257736206055
"Nanaimo-Ladysmith",68,2019,4,3.58745908737183
"Qualicum",69,2019,4,3.7195360660553
"Pacific Rim",70,2019,4,3.33147811889648
"Comox Valley",71,2019,4,3.63176846504211
"Campbell River",72,2019,4,3.25976848602295
"Kamloops-Thompson",73,2019,4,3.30410099029541
"Gold Trail",74,2019,4,3.80120730400085
"Mission",75,2019,4,3.17830944061279
"Fraser-Cascade",78,2019,4,3.57549691200256
"Cowichan",79,2019,4,3.57418203353882
"Kootenay Lake",8,2019,4,2.54034852981567
"Fort Nelson",81,2019,4,2.28793239593506
"Coast Mountains",82,2019,4,3.60678386688232
"Okanagan-Shuswap",83,2019,4,3.75181579589844
"Vancouver Island West",84,2019,4,3.16519927978516
"Vancouver Island North",85,2019,4,3.30653929710388
"Stikine",87,2019,4,3.07823085784912
"Nechako Lakes",91,2019,4,2.84098863601685
"Nisgaa",92,2019,4,3.22634887695312
"Central Coast",49,2019,4,3.12826657295227
"Okanagan-Skaha",67,2019,4,3.41275358200073
"Okanagan-Similkameen",53,2019,4,2.9333598613739
"Arrow Lakes",10,2019,5,4.03762435913086
"Revelstoke",19,2019,5,3.77856540679932
"Kootenay-Columbia",20,2019,5,4.50670671463013
"Vernon",22,2019,5,4.5192813873291
"Central Okanagan",23,2019,5,4.7401876449585
"Cariboo-Chilcotin",27,2019,5,4.4405198097229
"Quesnel",28,2019,5,4.92893981933594
"Chilliwack",33,2019,5,4.44579744338989
"Abbotsford",34,2019,5,5.22138452529907
"Langley",35,2019,5,5.18045568466187
"Surrey",36,2019,5,5.45614862442017
"Delta",37,2019,5,5.23235940933228
"Richmond",38,2019,5,4.94998598098755
"Vancouver",39,2019,5,4.51376724243164
"New Westminster",40,2019,5,5.37310314178467
"Burnaby",41,2019,5,4.86108064651489
"Maple-Ridge Pitt-Meadows",42,2019,5,4.47440719604492
"Coquitlam",43,2019,5,4.67752552032471
"North Vancouver",44,2019,5,4.57633066177368
"West Vancouver",45,2019,5,4.11489486694336
"Sunshine Coast",46,2019,5,3.92413234710693
"Powell RIver",47,2019,5,3.76221108436584
"Sea to Sky",48,2019,5,3.662672996521
"South East Kootenay",5,2019,5,4.66783142089844
"Haida Gwaii",50,2019,5,4.38496160507202
"Boundary",51,2019,5,4.5364146232605
"Prince Rupert",52,2019,5,4.55388879776001
"Bulkley Valley",54,2019,5,5.51489686965942
"Prince George",57,2019,5,7.4626317024231
"Nicola-Similkameen",58,2019,5,4.5721116065979
"Peace River South",59,2019,5,12.2641639709473
"Rocky Mountain",6,2019,5,3.32300424575806
"Peace River North",60,2019,5,13.7358531951904
"Victoria",61,2019,5,4.63922834396362
"Sooke",62,2019,5,3.624178647995
"Saanich",63,2019,5,4.35619497299194
"Gulf Islands",64,2019,5,4.57706499099731
"Nanaimo-Ladysmith",68,2019,5,3.79732322692871
"Qualicum",69,2019,5,3.78428816795349
"Pacific Rim",70,2019,5,3.83071827888489
"Comox Valley",71,2019,5,3.54234457015991
"Campbell River",72,2019,5,3.5884895324707
"Kamloops-Thompson",73,2019,5,4.34982633590698
"Gold Trail",74,2019,5,4.30109453201294
"Mission",75,2019,5,4.77854490280151
"Fraser-Cascade",78,2019,5,4.09527730941772
"Cowichan",79,2019,5,3.30068898200989
"Kootenay Lake",8,2019,5,3.71058869361877
"Fort Nelson",81,2019,5,14.082465171814
"Coast Mountains",82,2019,5,5.35910177230835
"Okanagan-Shuswap",83,2019,5,4.30250406265259
"Vancouver Island West",84,2019,5,4.20143032073975
"Vancouver Island North",85,2019,5,4.2251238822937
"Stikine",87,2019,5,6.58344984054565
"Nechako Lakes",91,2019,5,5.60744142532349
"Nisgaa",92,2019,5,5.20959329605103
"Central Coast",49,2019,5,4.59737014770508
"Okanagan-Skaha",67,2019,5,4.58796501159668
"Okanagan-Similkameen",53,2019,5,4.30929279327393
"Arrow Lakes",10,2019,6,2.18303370475769
"Revelstoke",19,2019,6,2.14081835746765
"Kootenay-Columbia",20,2019,6,2.64831948280334
"Vernon",22,2019,6,2.63334250450134
"Central Okanagan",23,2019,6,2.7566237449646
"Cariboo-Chilcotin",27,2019,6,2.13122820854187
"Quesnel",28,2019,6,3.20975756645203
"Chilliwack",33,2019,6,4.37730550765991
"Abbotsford",34,2019,6,4.58347272872925
"Langley",35,2019,6,4.75156116485596
"Surrey",36,2019,6,4.45948123931885
"Delta",37,2019,6,3.8451201915741
"Richmond",38,2019,6,3.36387777328491
"Vancouver",39,2019,6,3.04688191413879
"New Westminster",40,2019,6,4.38652229309082
"Burnaby",41,2019,6,4.07167434692383
"Maple-Ridge Pitt-Meadows",42,2019,6,4.673508644104
"Coquitlam",43,2019,6,4.8882007598877
"North Vancouver",44,2019,6,4.55403757095337
"West Vancouver",45,2019,6,2.85721468925476
"Sunshine Coast",46,2019,6,2.3214545249939
"Powell RIver",47,2019,6,1.86559164524078
"Sea to Sky",48,2019,6,2.27911329269409
"South East Kootenay",5,2019,6,2.37981557846069
"Haida Gwaii",50,2019,6,3.21014928817749
"Boundary",51,2019,6,2.45671916007996
"Prince Rupert",52,2019,6,2.16342258453369
"Bulkley Valley",54,2019,6,2.75894403457642
"Prince George",57,2019,6,4.08720922470093
"Nicola-Similkameen",58,2019,6,2.41584396362305
"Peace River South",59,2019,6,5.09082412719727
"Rocky Mountain",6,2019,6,1.92531597614288
"Peace River North",60,2019,6,4.15726041793823
"Victoria",61,2019,6,4.24711608886719
"Sooke",62,2019,6,3.30534911155701
"Saanich",63,2019,6,3.42003726959229
"Gulf Islands",64,2019,6,3.10550141334534
"Nanaimo-Ladysmith",68,2019,6,2.8252420425415
"Qualicum",69,2019,6,2.84864592552185
"Pacific Rim",70,2019,6,2.86687898635864
"Comox Valley",71,2019,6,2.31892704963684
"Campbell River",72,2019,6,1.67601180076599
"Kamloops-Thompson",73,2019,6,2.56557703018188
"Gold Trail",74,2019,6,1.81824350357056
"Mission",75,2019,6,5.06663942337036
"Fraser-Cascade",78,2019,6,3.71048426628113
"Cowichan",79,2019,6,2.96582651138306
"Kootenay Lake",8,2019,6,2.3338189125061
"Fort Nelson",81,2019,6,4.91240215301514
"Coast Mountains",82,2019,6,2.4490807056427
"Okanagan-Shuswap",83,2019,6,2.75112628936768
"Vancouver Island West",84,2019,6,2.57181310653687
"Vancouver Island North",85,2019,6,2.22145891189575
"Stikine",87,2019,6,2.45060896873474
"Nechako Lakes",91,2019,6,3.02786898612976
"Nisgaa",92,2019,6,2.51140522956848
"Central Coast",49,2019,6,2.22369885444641
"Okanagan-Skaha",67,2019,6,2.60131072998047
"Okanagan-Similkameen",53,2019,6,2.37079191207886
"Arrow Lakes",10,2019,7,4.53508043289185
"Revelstoke",19,2019,7,4.04039764404297
"Kootenay-Columbia",20,2019,7,4.8902850151062
"Vernon",22,2019,7,5.08492994308472
"Central Okanagan",23,2019,7,5.11297988891602
"Cariboo-Chilcotin",27,2019,7,3.51627492904663
"Quesnel",28,2019,7,3.59870719909668
"Chilliwack",33,2019,7,4.43872213363647
"Abbotsford",34,2019,7,3.96612024307251
"Langley",35,2019,7,4.13857364654541
"Surrey",36,2019,7,4.71649599075317
"Delta",37,2019,7,4.77030324935913
"Richmond",38,2019,7,4.56710767745972
"Vancouver",39,2019,7,4.45006799697876
"New Westminster",40,2019,7,5.83808040618896
"Burnaby",41,2019,7,5.57378673553467
"Maple-Ridge Pitt-Meadows",42,2019,7,4.86796045303345
"Coquitlam",43,2019,7,4.43115901947021
"North Vancouver",44,2019,7,4.18783140182495
"West Vancouver",45,2019,7,3.25618624687195
"Sunshine Coast",46,2019,7,3.63668751716614
"Powell RIver",47,2019,7,3.36731004714966
"Sea to Sky",48,2019,7,3.56317043304443
"South East Kootenay",5,2019,7,3.27035450935364
"Haida Gwaii",50,2019,7,5.0951976776123
"Boundary",51,2019,7,4.55980920791626
"Prince Rupert",52,2019,7,3.27231407165527
"Bulkley Valley",54,2019,7,8.2678050994873
"Prince George",57,2019,7,4.68762016296387
"Nicola-Similkameen",58,2019,7,4.42664527893066
"Peace River South",59,2019,7,7.2369647026062
"Rocky Mountain",6,2019,7,2.91030764579773
"Peace River North",60,2019,7,9.24812412261963
"Victoria",61,2019,7,3.25500512123108
"Sooke",62,2019,7,3.73951625823975
"Saanich",63,2019,7,3.54089689254761
"Gulf Islands",64,2019,7,3.622398853302
"Nanaimo-Ladysmith",68,2019,7,4.42272424697876
"Qualicum",69,2019,7,3.99190282821655
"Pacific Rim",70,2019,7,3.67324805259705
"Comox Valley",71,2019,7,3.83739948272705
"Campbell River",72,2019,7,3.405513048172
"Kamloops-Thompson",73,2019,7,5.48358631134033
"Gold Trail",74,2019,7,3.5995557308197
"Mission",75,2019,7,4.5319242477417
"Fraser-Cascade",78,2019,7,4.60567474365234
"Cowichan",79,2019,7,4.33590269088745
"Kootenay Lake",8,2019,7,3.81451773643494
"Fort Nelson",81,2019,7,8.81695747375488
"Coast Mountains",82,2019,7,5.63637018203735
"Okanagan-Shuswap",83,2019,7,5.37089347839355
"Vancouver Island West",84,2019,7,3.73291850090027
"Vancouver Island North",85,2019,7,3.57239675521851
"Stikine",87,2019,7,14.1994905471802
"Nechako Lakes",91,2019,7,5.27777814865112
"Nisgaa",92,2019,7,4.18537569046021
"Central Coast",49,2019,7,3.38509488105774
"Okanagan-Skaha",67,2019,7,4.87438106536865
"Okanagan-Similkameen",53,2019,7,4.42140865325928
"Arrow Lakes",10,2019,8,4.05455017089844
"Revelstoke",19,2019,8,4.61821222305298
"Kootenay-Columbia",20,2019,8,4.85785531997681
"Vernon",22,2019,8,4.23913621902466
"Central Okanagan",23,2019,8,4.92570161819458
"Cariboo-Chilcotin",27,2019,8,6.69392442703247
"Quesnel",28,2019,8,12.0207920074463
"Chilliwack",33,2019,8,5.55402278900146
"Abbotsford",34,2019,8,6.63783502578735
"Langley",35,2019,8,6.43816232681274
"Surrey",36,2019,8,6.41968727111816
"Delta",37,2019,8,6.94940042495728
"Richmond",38,2019,8,6.84312391281128
"Vancouver",39,2019,8,6.77836036682129
"New Westminster",40,2019,8,7.73536539077759
"Burnaby",41,2019,8,8.26709270477295
"Maple-Ridge Pitt-Meadows",42,2019,8,7.7340989112854
"Coquitlam",43,2019,8,7.03632068634033
"North Vancouver",44,2019,8,6.79057216644287
"West Vancouver",45,2019,8,5.89275312423706
"Sunshine Coast",46,2019,8,6.15421724319458
"Powell RIver",47,2019,8,3.83061265945435
"Sea to Sky",48,2019,8,7.71677541732788
"South East Kootenay",5,2019,8,3.65858936309814
"Haida Gwaii",50,2019,8,3.72466111183167
"Boundary",51,2019,8,4.85665464401245
"Prince Rupert",52,2019,8,3.30857372283936
"Bulkley Valley",54,2019,8,5.10600614547729
"Prince George",57,2019,8,6.35512113571167
"Nicola-Similkameen",58,2019,8,4.26473140716553
"Peace River South",59,2019,8,5.06115818023682
"Rocky Mountain",6,2019,8,3.49528908729553
"Peace River North",60,2019,8,4.81991958618164
"Victoria",61,2019,8,5.12004899978638
"Sooke",62,2019,8,3.86886286735535
"Saanich",63,2019,8,5.02339887619019
"Gulf Islands",64,2019,8,5.61535501480103
"Nanaimo-Ladysmith",68,2019,8,4.05916929244995
"Qualicum",69,2019,8,4.44738864898682
"Pacific Rim",70,2019,8,3.45038962364197
"Comox Valley",71,2019,8,4.49827861785889
"Campbell River",72,2019,8,3.31661629676819
"Kamloops-Thompson",73,2019,8,5.31431484222412
"Gold Trail",74,2019,8,4.93252849578857
"Mission",75,2019,8,6.90020799636841
"Fraser-Cascade",78,2019,8,6.72063732147217
"Cowichan",79,2019,8,3.64553284645081
"Kootenay Lake",8,2019,8,3.65402817726135
"Fort Nelson",81,2019,8,4.45567464828491
"Coast Mountains",82,2019,8,4.84739542007446
"Okanagan-Shuswap",83,2019,8,5.32511806488037
"Vancouver Island West",84,2019,8,3.59088540077209
"Vancouver Island North",85,2019,8,3.77394032478333
"Stikine",87,2019,8,6.32625436782837
"Nechako Lakes",91,2019,8,5.71501111984253
"Nisgaa",92,2019,8,4.62803030014038
"Central Coast",49,2019,8,4.16412687301636
"Okanagan-Skaha",67,2019,8,5.01448106765747
"Okanagan-Similkameen",53,2019,8,4.47652435302734
"Arrow Lakes",10,2019,9,2.87001132965088
"Revelstoke",19,2019,9,2.73013615608215
"Kootenay-Columbia",20,2019,9,3.93306112289429
"Vernon",22,2019,9,3.59625101089478
"Central Okanagan",23,2019,9,4.29703330993652
"Cariboo-Chilcotin",27,2019,9,3.15054488182068
"Quesnel",28,2019,9,3.40630030632019
"Chilliwack",33,2019,9,4.96350193023682
"Abbotsford",34,2019,9,5.50451898574829
"Langley",35,2019,9,4.41305255889893
"Surrey",36,2019,9,4.3051495552063
"Delta",37,2019,9,4.08289337158203
"Richmond",38,2019,9,3.76294016838074
"Vancouver",39,2019,9,3.49730491638184
"New Westminster",40,2019,9,4.88958692550659
"Burnaby",41,2019,9,4.77682065963745
"Maple-Ridge Pitt-Meadows",42,2019,9,5.00686883926392
"Coquitlam",43,2019,9,4.59367084503174
"North Vancouver",44,2019,9,4.21483659744263
"West Vancouver",45,2019,9,3.65473055839539
"Sunshine Coast",46,2019,9,2.98664665222168
"Powell RIver",47,2019,9,2.60965585708618
"Sea to Sky",48,2019,9,3.67732524871826
"South East Kootenay",5,2019,9,3.44359970092773
"Haida Gwaii",50,2019,9,3.5602753162384
"Boundary",51,2019,9,3.54497361183167
"Prince Rupert",52,2019,9,2.98312187194824
"Bulkley Valley",54,2019,9,4.24159336090088
"Prince George",57,2019,9,3.28259921073914
"Nicola-Similkameen",58,2019,9,2.90471410751343
"Peace River South",59,2019,9,3.53736662864685
"Rocky Mountain",6,2019,9,2.0987856388092
"Peace River North",60,2019,9,3.26674675941467
"Victoria",61,2019,9,3.1823296546936
"Sooke",62,2019,9,2.74397754669189
"Saanich",63,2019,9,2.94467854499817
"Gulf Islands",64,2019,9,3.26833772659302
"Nanaimo-Ladysmith",68,2019,9,2.70429539680481
"Qualicum",69,2019,9,2.55825209617615
"Pacific Rim",70,2019,9,3.0785710811615
"Comox Valley",71,2019,9,2.38821744918823
"Campbell River",72,2019,9,2.35718989372253
"Kamloops-Thompson",73,2019,9,3.59634828567505
"Gold Trail",74,2019,9,3.02775263786316
"Mission",75,2019,9,4.8295431137085
"Fraser-Cascade",78,2019,9,4.23852920532227
"Cowichan",79,2019,9,2.88567066192627
"Kootenay Lake",8,2019,9,2.64071941375732
"Fort Nelson",81,2019,9,3.15431976318359
"Coast Mountains",82,2019,9,3.20984840393066
"Okanagan-Shuswap",83,2019,9,4.39881181716919
"Vancouver Island West",84,2019,9,3.07416582107544
"Vancouver Island North",85,2019,9,2.63177824020386
"Stikine",87,2019,9,3.62475848197937
"Nechako Lakes",91,2019,9,3.60789632797241
"Nisgaa",92,2019,9,3.06434345245361
"Central Coast",49,2019,9,2.96586441993713
"Okanagan-Skaha",67,2019,9,3.69684171676636
"Okanagan-Similkameen",53,2019,9,3.40920162200928
"Arrow Lakes",10,2019,10,4.65268087387085
"Revelstoke",19,2019,10,4.21827602386475
"Kootenay-Columbia",20,2019,10,5.76625680923462
"Vernon",22,2019,10,5.26120948791504
"Central Okanagan",23,2019,10,5.76071882247925
"Cariboo-Chilcotin",27,2019,10,4.00079345703125
"Quesnel",28,2019,10,3.55384993553162
"Chilliwack",33,2019,10,3.98211622238159
"Abbotsford",34,2019,10,4.74483633041382
"Langley",35,2019,10,5.76081895828247
"Surrey",36,2019,10,5.99169111251831
"Delta",37,2019,10,5.36342477798462
"Richmond",38,2019,10,4.38485145568848
"Vancouver",39,2019,10,3.89505982398987
"New Westminster",40,2019,10,5.66265249252319
"Burnaby",41,2019,10,5.4427752494812
"Maple-Ridge Pitt-Meadows",42,2019,10,3.32905530929565
"Coquitlam",43,2019,10,3.71227836608887
"North Vancouver",44,2019,10,3.88844799995422
"West Vancouver",45,2019,10,3.54145765304565
"Sunshine Coast",46,2019,10,2.78109884262085
"Powell RIver",47,2019,10,2.53569340705872
"Sea to Sky",48,2019,10,3.61738586425781
"South East Kootenay",5,2019,10,4.9913272857666
"Haida Gwaii",50,2019,10,2.84312653541565
"Boundary",51,2019,10,5.34192132949829
"Prince Rupert",52,2019,10,2.87338447570801
"Bulkley Valley",54,2019,10,4.07301330566406
"Prince George",57,2019,10,3.84121990203857
"Nicola-Similkameen",58,2019,10,4.37191724777222
"Peace River South",59,2019,10,2.01213216781616
"Rocky Mountain",6,2019,10,3.86814093589783
"Peace River North",60,2019,10,2.86129975318909
"Victoria",61,2019,10,4.16964721679688
"Sooke",62,2019,10,4.53320074081421
"Saanich",63,2019,10,5.20964097976685
"Gulf Islands",64,2019,10,5.09287738800049
"Nanaimo-Ladysmith",68,2019,10,4.01127529144287
"Qualicum",69,2019,10,2.89833402633667
"Pacific Rim",70,2019,10,3.90970087051392
"Comox Valley",71,2019,10,3.50901079177856
"Campbell River",72,2019,10,3.19499802589417
"Kamloops-Thompson",73,2019,10,4.80827140808105
"Gold Trail",74,2019,10,4.34004974365234
"Mission",75,2019,10,3.30905342102051
"Fraser-Cascade",78,2019,10,3.91598558425903
"Cowichan",79,2019,10,4.9856481552124
"Kootenay Lake",8,2019,10,4.56710243225098
"Fort Nelson",81,2019,10,3.16517066955566
"Coast Mountains",82,2019,10,3.83957481384277
"Okanagan-Shuswap",83,2019,10,5.43594598770142
"Vancouver Island West",84,2019,10,3.37174797058105
"Vancouver Island North",85,2019,10,3.12742304801941
"Stikine",87,2019,10,3.78037905693054
"Nechako Lakes",91,2019,10,3.85873794555664
"Nisgaa",92,2019,10,4.53097105026245
"Central Coast",49,2019,10,2.71764397621155
"Okanagan-Skaha",67,2019,10,5.10171222686768
"Okanagan-Similkameen",53,2019,10,4.49050140380859
"Arrow Lakes",10,2019,11,5.09108877182007
"Revelstoke",19,2019,11,4.07206773757935
"Kootenay-Columbia",20,2019,11,6.87422609329224
"Vernon",22,2019,11,6.09710836410522
"Central Okanagan",23,2019,11,7.1899881362915
"Cariboo-Chilcotin",27,2019,11,4.43906736373901
"Quesnel",28,2019,11,4.88375043869019
"Chilliwack",33,2019,11,6.62027406692505
"Abbotsford",34,2019,11,7.64498090744019
"Langley",35,2019,11,8.18705558776855
"Surrey",36,2019,11,7.21996641159058
"Delta",37,2019,11,6.14227485656738
"Richmond",38,2019,11,5.30423974990845
"Vancouver",39,2019,11,4.67492294311523
"New Westminster",40,2019,11,7.12752485275269
"Burnaby",41,2019,11,7.20611619949341
"Maple-Ridge Pitt-Meadows",42,2019,11,5.29442977905273
"Coquitlam",43,2019,11,5.82593441009521
"North Vancouver",44,2019,11,6.08710861206055
"West Vancouver",45,2019,11,4.61160469055176
"Sunshine Coast",46,2019,11,4.98694324493408
"Powell RIver",47,2019,11,4.71051120758057
"Sea to Sky",48,2019,11,5.18499660491943
"South East Kootenay",5,2019,11,5.1682562828064
"Haida Gwaii",50,2019,11,2.9716784954071
"Boundary",51,2019,11,6.3947901725769
"Prince Rupert",52,2019,11,2.59363126754761
"Bulkley Valley",54,2019,11,5.08754301071167
"Prince George",57,2019,11,4.42191934585571
"Nicola-Similkameen",58,2019,11,7.1321816444397
"Peace River South",59,2019,11,4.51370859146118
"Rocky Mountain",6,2019,11,3.2643666267395
"Peace River North",60,2019,11,4.3125
"Victoria",61,2019,11,5.63824796676636
"Sooke",62,2019,11,5.80560302734375
"Saanich",63,2019,11,6.10876655578613
"Gulf Islands",64,2019,11,5.91286754608154
"Nanaimo-Ladysmith",68,2019,11,6.21392488479614
"Qualicum",69,2019,11,4.82183027267456
"Pacific Rim",70,2019,11,6.00928831100464
"Comox Valley",71,2019,11,5.72347116470337
"Campbell River",72,2019,11,5.30115509033203
"Kamloops-Thompson",73,2019,11,5.07232189178467
"Gold Trail",74,2019,11,5.23915672302246
"Mission",75,2019,11,6.1475305557251
"Fraser-Cascade",78,2019,11,6.83709573745728
"Cowichan",79,2019,11,6.80172300338745
"Kootenay Lake",8,2019,11,4.87790489196777
"Fort Nelson",81,2019,11,4.75809383392334
"Coast Mountains",82,2019,11,3.57166647911072
"Okanagan-Shuswap",83,2019,11,6.19931268692017
"Vancouver Island West",84,2019,11,5.25115060806274
"Vancouver Island North",85,2019,11,4.80947875976562
"Stikine",87,2019,11,4.29678535461426
"Nechako Lakes",91,2019,11,5.19635343551636
"Nisgaa",92,2019,11,3.24132466316223
"Central Coast",49,2019,11,3.38437104225159
"Okanagan-Skaha",67,2019,11,7.01363325119019
"Okanagan-Similkameen",53,2019,11,5.83530378341675
"Arrow Lakes",10,2019,12,4.66078233718872
"Revelstoke",19,2019,12,4.56284809112549
"Kootenay-Columbia",20,2019,12,4.48786020278931
"Vernon",22,2019,12,4.97561931610107
"Central Okanagan",23,2019,12,6.34056186676025
"Cariboo-Chilcotin",27,2019,12,5.62473964691162
"Quesnel",28,2019,12,6.1567907333374
"Chilliwack",33,2019,12,3.96250557899475
"Abbotsford",34,2019,12,4.7209267616272
"Langley",35,2019,12,4.92836904525757
"Surrey",36,2019,12,5.34103155136108
"Delta",37,2019,12,5.57077312469482
"Richmond",38,2019,12,5.16283988952637
"Vancouver",39,2019,12,4.64074850082397
"New Westminster",40,2019,12,5.58691167831421
"Burnaby",41,2019,12,5.34724187850952
"Maple-Ridge Pitt-Meadows",42,2019,12,3.57524633407593
"Coquitlam",43,2019,12,3.82537317276001
"North Vancouver",44,2019,12,3.40798377990723
"West Vancouver",45,2019,12,3.76083469390869
"Sunshine Coast",46,2019,12,3.38596439361572
"Powell RIver",47,2019,12,3.49932289123535
"Sea to Sky",48,2019,12,3.42459845542908
"South East Kootenay",5,2019,12,4.13936471939087
"Haida Gwaii",50,2019,12,3.1270968914032
"Boundary",51,2019,12,4.54500198364258
"Prince Rupert",52,2019,12,3.21404886245728
"Bulkley Valley",54,2019,12,5.70991945266724
"Prince George",57,2019,12,5.60026597976685
"Nicola-Similkameen",58,2019,12,5.27054071426392
"Peace River South",59,2019,12,5.0993218421936
"Rocky Mountain",6,2019,12,3.35955548286438
"Peace River North",60,2019,12,5.18822908401489
"Victoria",61,2019,12,4.49007225036621
"Sooke",62,2019,12,4.16505670547485
"Saanich",63,2019,12,5.4959888458252
"Gulf Islands",64,2019,12,5.17430543899536
"Nanaimo-Ladysmith",68,2019,12,4.77202367782593
"Qualicum",69,2019,12,3.95219206809998
"Pacific Rim",70,2019,12,3.60749053955078
"Comox Valley",71,2019,12,4.79662132263184
"Campbell River",72,2019,12,4.40870428085327
"Kamloops-Thompson",73,2019,12,4.9320502281189
"Gold Trail",74,2019,12,4.84098720550537
"Mission",75,2019,12,4.13437938690186
"Fraser-Cascade",78,2019,12,4.15640306472778
"Cowichan",79,2019,12,4.72294998168945
"Kootenay Lake",8,2019,12,3.67983675003052
"Fort Nelson",81,2019,12,4.81369972229004
"Coast Mountains",82,2019,12,4.21270322799683
"Okanagan-Shuswap",83,2019,12,5.12320375442505
"Vancouver Island West",84,2019,12,3.65970802307129
"Vancouver Island North",85,2019,12,4.12914085388184
"Stikine",87,2019,12,4.3767261505127
"Nechako Lakes",91,2019,12,5.82993936538696
"Nisgaa",92,2019,12,3.53586578369141
"Central Coast",49,2019,12,4.27524185180664
"Okanagan-Skaha",67,2019,12,5.68216180801392
"Okanagan-Similkameen",53,2019,12,5.22922372817993
"Arrow Lakes",10,2020,1,5.64531135559082
"Revelstoke",19,2020,1,5.4661545753479
"Kootenay-Columbia",20,2020,1,5.56392860412598
"Vernon",22,2020,1,5.87321805953979
"Central Okanagan",23,2020,1,6.01239252090454
"Cariboo-Chilcotin",27,2020,1,5.77751493453979
"Quesnel",28,2020,1,6.45089149475098
"Chilliwack",33,2020,1,3.70417475700378
"Abbotsford",34,2020,1,4.04398155212402
"Langley",35,2020,1,3.60389018058777
"Surrey",36,2020,1,3.9655065536499
"Delta",37,2020,1,3.95314884185791
"Richmond",38,2020,1,3.74730014801025
"Vancouver",39,2020,1,3.82644820213318
"New Westminster",40,2020,1,4.1125226020813
"Burnaby",41,2020,1,3.85587859153748
"Maple-Ridge Pitt-Meadows",42,2020,1,3.64640188217163
"Coquitlam",43,2020,1,3.68740677833557
"North Vancouver",44,2020,1,3.48921680450439
"West Vancouver",45,2020,1,3.67687034606934
"Sunshine Coast",46,2020,1,3.54877829551697
"Powell RIver",47,2020,1,3.39234495162964
"Sea to Sky",48,2020,1,3.59487795829773
"South East Kootenay",5,2020,1,4.67000818252563
"Haida Gwaii",50,2020,1,3.73131513595581
"Boundary",51,2020,1,5.59554481506348
"Prince Rupert",52,2020,1,3.6580023765564
"Bulkley Valley",54,2020,1,6.02280378341675
"Prince George",57,2020,1,6.2957763671875
"Nicola-Similkameen",58,2020,1,5.01093196868896
"Peace River South",59,2020,1,6.30365324020386
"Rocky Mountain",6,2020,1,4.80361175537109
"Peace River North",60,2020,1,5.7206826210022
"Victoria",61,2020,1,4.17630195617676
"Sooke",62,2020,1,3.91268444061279
"Saanich",63,2020,1,4.41764307022095
"Gulf Islands",64,2020,1,4.61545753479004
"Nanaimo-Ladysmith",68,2020,1,3.65369415283203
"Qualicum",69,2020,1,3.69541668891907
"Pacific Rim",70,2020,1,3.19695544242859
"Comox Valley",71,2020,1,3.61602711677551
"Campbell River",72,2020,1,3.29073762893677
"Kamloops-Thompson",73,2020,1,5.92913293838501
"Gold Trail",74,2020,1,4.99409770965576
"Mission",75,2020,1,3.89629697799683
"Fraser-Cascade",78,2020,1,3.57664084434509
"Cowichan",79,2020,1,3.7576847076416
"Kootenay Lake",8,2020,1,4.97465419769287
"Fort Nelson",81,2020,1,4.90648651123047
"Coast Mountains",82,2020,1,5.28488731384277
"Okanagan-Shuswap",83,2020,1,6.02503728866577
"Vancouver Island West",84,2020,1,2.82294178009033
"Vancouver Island North",85,2020,1,3.13897252082825
"Stikine",87,2020,1,5.33431434631348
"Nechako Lakes",91,2020,1,6.32852554321289
"Nisgaa",92,2020,1,5.86777257919312
"Central Coast",49,2020,1,3.71939587593079
"Okanagan-Skaha",67,2020,1,5.85152912139893
"Okanagan-Similkameen",53,2020,1,5.00418138504028
"Arrow Lakes",10,2020,2,5.08324337005615
"Revelstoke",19,2020,2,4.75598573684692
"Kootenay-Columbia",20,2020,2,6.01726388931274
"Vernon",22,2020,2,5.67472410202026
"Central Okanagan",23,2020,2,6.07611608505249
"Cariboo-Chilcotin",27,2020,2,5.11150646209717
"Quesnel",28,2020,2,5.32649278640747
"Chilliwack",33,2020,2,4.05480480194092
"Abbotsford",34,2020,2,5.93283033370972
"Langley",35,2020,2,6.3294563293457
"Surrey",36,2020,2,6.35071992874146
"Delta",37,2020,2,5.61688709259033
"Richmond",38,2020,2,5.03345775604248
"Vancouver",39,2020,2,4.88432741165161
"New Westminster",40,2020,2,6.68066596984863
"Burnaby",41,2020,2,6.26385354995728
"Maple-Ridge Pitt-Meadows",42,2020,2,3.91973900794983
"Coquitlam",43,2020,2,4.36711120605469
"North Vancouver",44,2020,2,4.45584964752197
"West Vancouver",45,2020,2,4.48327016830444
"Sunshine Coast",46,2020,2,5.20288419723511
"Powell RIver",47,2020,2,5.12011814117432
"Sea to Sky",48,2020,2,4.8235936164856
"South East Kootenay",5,2020,2,4.45145273208618
"Haida Gwaii",50,2020,2,4.50483179092407
"Boundary",51,2020,2,5.88503837585449
"Prince Rupert",52,2020,2,4.24233818054199
"Bulkley Valley",54,2020,2,4.87350559234619
"Prince George",57,2020,2,4.98171329498291
"Nicola-Similkameen",58,2020,2,5.1033821105957
"Peace River South",59,2020,2,4.63934421539307
"Rocky Mountain",6,2020,2,4.04252815246582
"Peace River North",60,2020,2,4.70695114135742
"Victoria",61,2020,2,4.77028512954712
"Sooke",62,2020,2,5.36681175231934
"Saanich",63,2020,2,5.33086204528809
"Gulf Islands",64,2020,2,5.43151426315308
"Nanaimo-Ladysmith",68,2020,2,5.48023271560669
"Qualicum",69,2020,2,4.89472103118896
"Pacific Rim",70,2020,2,5.26763200759888
"Comox Valley",71,2020,2,5.26765203475952
"Campbell River",72,2020,2,5.05882835388184
"Kamloops-Thompson",73,2020,2,5.48295402526855
"Gold Trail",74,2020,2,4.92048120498657
"Mission",75,2020,2,3.91566562652588
"Fraser-Cascade",78,2020,2,3.98068475723267
"Cowichan",79,2020,2,5.74061679840088
"Kootenay Lake",8,2020,2,4.79477787017822
"Fort Nelson",81,2020,2,4.4749002456665
"Coast Mountains",82,2020,2,4.50828123092651
"Okanagan-Shuswap",83,2020,2,5.91114139556885
"Vancouver Island West",84,2020,2,5.08313226699829
"Vancouver Island North",85,2020,2,5.01086759567261
"Stikine",87,2020,2,4.18117761611938
"Nechako Lakes",91,2020,2,5.02599906921387
"Nisgaa",92,2020,2,4.26426362991333
"Central Coast",49,2020,2,4.49286985397339
"Okanagan-Skaha",67,2020,2,5.92163419723511
"Okanagan-Similkameen",53,2020,2,5.07746076583862
"Arrow Lakes",10,2020,3,4.82195997238159
"Revelstoke",19,2020,3,4.84334516525269
"Kootenay-Columbia",20,2020,3,5.26648902893066
"Vernon",22,2020,3,5.15121555328369
"Central Okanagan",23,2020,3,5.07761478424072
"Cariboo-Chilcotin",27,2020,3,4.89371013641357
"Quesnel",28,2020,3,5.27744626998901
"Chilliwack",33,2020,3,4.47418546676636
"Abbotsford",34,2020,3,5.34968757629395
"Langley",35,2020,3,5.05174446105957
"Surrey",36,2020,3,5.50150537490845
"Delta",37,2020,3,4.65636730194092
"Richmond",38,2020,3,4.7515721321106
"Vancouver",39,2020,3,4.71885919570923
"New Westminster",40,2020,3,7.03823375701904
"Burnaby",41,2020,3,6.7286057472229
"Maple-Ridge Pitt-Meadows",42,2020,3,4.24816513061523
"Coquitlam",43,2020,3,5.0346474647522
"North Vancouver",44,2020,3,4.97129154205322
"West Vancouver",45,2020,3,4.11646699905396
"Sunshine Coast",46,2020,3,4.98938798904419
"Powell RIver",47,2020,3,4.69242238998413
"Sea to Sky",48,2020,3,4.58664083480835
"South East Kootenay",5,2020,3,4.30543851852417
"Haida Gwaii",50,2020,3,3.72822451591492
"Boundary",51,2020,3,5.07105350494385
"Prince Rupert",52,2020,3,3.72681331634521
"Bulkley Valley",54,2020,3,5.47086143493652
"Prince George",57,2020,3,5.28951120376587
"Nicola-Similkameen",58,2020,3,4.62265300750732
"Peace River South",59,2020,3,4.99755525588989
"Rocky Mountain",6,2020,3,4.20032978057861
"Peace River North",60,2020,3,4.48442316055298
"Victoria",61,2020,3,5.06576061248779
"Sooke",62,2020,3,5.15001010894775
"Saanich",63,2020,3,4.79129981994629
"Gulf Islands",64,2020,3,4.57238912582397
"Nanaimo-Ladysmith",68,2020,3,5.63260412216187
"Qualicum",69,2020,3,4.80612277984619
"Pacific Rim",70,2020,3,5.27703475952148
"Comox Valley",71,2020,3,4.99892807006836
"Campbell River",72,2020,3,4.63159084320068
"Kamloops-Thompson",73,2020,3,4.82561922073364
"Gold Trail",74,2020,3,4.28388404846191
"Mission",75,2020,3,4.38110208511353
"Fraser-Cascade",78,2020,3,4.28989267349243
"Cowichan",79,2020,3,5.8955225944519
"Kootenay Lake",8,2020,3,4.42679691314697
"Fort Nelson",81,2020,3,4.33262395858765
"Coast Mountains",82,2020,3,4.96682739257812
"Okanagan-Shuswap",83,2020,3,5.48449754714966
"Vancouver Island West",84,2020,3,5.27060747146606
"Vancouver Island North",85,2020,3,4.75411367416382
"Stikine",87,2020,3,4.37194442749023
"Nechako Lakes",91,2020,3,5.08269882202148
"Nisgaa",92,2020,3,5.57777643203735
"Central Coast",49,2020,3,4.21989297866821
"Okanagan-Skaha",67,2020,3,4.91838073730469
"Okanagan-Similkameen",53,2020,3,4.25002098083496
"Arrow Lakes",10,2020,4,4.26366472244263
"Revelstoke",19,2020,4,4.3555474281311
"Kootenay-Columbia",20,2020,4,4.27473926544189
"Vernon",22,2020,4,4.2955207824707
"Central Okanagan",23,2020,4,4.1934552192688
"Cariboo-Chilcotin",27,2020,4,4.04046058654785
"Quesnel",28,2020,4,4.26232671737671
"Chilliwack",33,2020,4,3.61352753639221
"Abbotsford",34,2020,4,3.87609148025513
"Langley",35,2020,4,3.80646228790283
"Surrey",36,2020,4,4.50796985626221
"Delta",37,2020,4,4.79162216186523
"Richmond",38,2020,4,5.02612590789795
"Vancouver",39,2020,4,5.15227031707764
"New Westminster",40,2020,4,5.39745616912842
"Burnaby",41,2020,4,5.07064771652222
"Maple-Ridge Pitt-Meadows",42,2020,4,2.97584080696106
"Coquitlam",43,2020,4,3.28147792816162
"North Vancouver",44,2020,4,3.29226398468018
"West Vancouver",45,2020,4,3.91528511047363
"Sunshine Coast",46,2020,4,4.37272167205811
"Powell RIver",47,2020,4,4.18583011627197
"Sea to Sky",48,2020,4,3.88014340400696
"South East Kootenay",5,2020,4,3.82332992553711
"Haida Gwaii",50,2020,4,3.66847920417786
"Boundary",51,2020,4,4.02164459228516
"Prince Rupert",52,2020,4,3.79103779792786
"Bulkley Valley",54,2020,4,4.75479221343994
"Prince George",57,2020,4,4.50155973434448
"Nicola-Similkameen",58,2020,4,4.13879442214966
"Peace River South",59,2020,4,4.05215072631836
"Rocky Mountain",6,2020,4,3.6401686668396
"Peace River North",60,2020,4,3.56825399398804
"Victoria",61,2020,4,5.25011253356934
"Sooke",62,2020,4,3.90859460830688
"Saanich",63,2020,4,4.59686231613159
"Gulf Islands",64,2020,4,4.64724397659302
"Nanaimo-Ladysmith",68,2020,4,4.2625880241394
"Qualicum",69,2020,4,4.12929105758667
"Pacific Rim",70,2020,4,3.70649838447571
"Comox Valley",71,2020,4,3.77236485481262
"Campbell River",72,2020,4,3.76315999031067
"Kamloops-Thompson",73,2020,4,4.26974582672119
"Gold Trail",74,2020,4,3.76466345787048
"Mission",75,2020,4,3.14915871620178
"Fraser-Cascade",78,2020,4,3.86009740829468
"Cowichan",79,2020,4,3.78841352462769
"Kootenay Lake",8,2020,4,3.67053604125977
"Fort Nelson",81,2020,4,3.29957365989685
"Coast Mountains",82,2020,4,4.67201805114746
"Okanagan-Shuswap",83,2020,4,4.51644229888916
"Vancouver Island West",84,2020,4,3.72178888320923
"Vancouver Island North",85,2020,4,3.90609526634216
"Stikine",87,2020,4,3.93784189224243
"Nechako Lakes",91,2020,4,4.04422616958618
"Nisgaa",92,2020,4,4.95979309082031
"Central Coast",49,2020,4,3.83340835571289
"Okanagan-Skaha",67,2020,4,4.17185831069946
"Okanagan-Similkameen",53,2020,4,3.84417343139648
"Arrow Lakes",10,2020,5,3.12270784378052
"Revelstoke",19,2020,5,2.98353266716003
"Kootenay-Columbia",20,2020,5,3.17698645591736
"Vernon",22,2020,5,3.37846684455872
"Central Okanagan",23,2020,5,3.95034909248352
"Cariboo-Chilcotin",27,2020,5,3.04451322555542
"Quesnel",28,2020,5,3.0918550491333
"Chilliwack",33,2020,5,2.96403646469116
"Abbotsford",34,2020,5,3.4229941368103
"Langley",35,2020,5,3.52845621109009
"Surrey",36,2020,5,4.1807689666748
"Delta",37,2020,5,4.89102602005005
"Richmond",38,2020,5,5.16219997406006
"Vancouver",39,2020,5,5.20540428161621
"New Westminster",40,2020,5,4.48711204528809
"Burnaby",41,2020,5,4.31606388092041
"Maple-Ridge Pitt-Meadows",42,2020,5,2.94648241996765
"Coquitlam",43,2020,5,3.06630802154541
"North Vancouver",44,2020,5,2.95214748382568
"West Vancouver",45,2020,5,4.15908479690552
"Sunshine Coast",46,2020,5,3.77156257629395
"Powell RIver",47,2020,5,3.69840240478516
"Sea to Sky",48,2020,5,3.60241270065308
"South East Kootenay",5,2020,5,3.15181183815002
"Haida Gwaii",50,2020,5,4.63498592376709
"Boundary",51,2020,5,3.19738388061523
"Prince Rupert",52,2020,5,3.63327765464783
"Bulkley Valley",54,2020,5,3.37082600593567
"Prince George",57,2020,5,3.21067309379578
"Nicola-Similkameen",58,2020,5,3.63801240921021
"Peace River South",59,2020,5,3.17215037345886
"Rocky Mountain",6,2020,5,2.69565010070801
"Peace River North",60,2020,5,3.16485357284546
"Victoria",61,2020,5,5.09856081008911
"Sooke",62,2020,5,3.66508030891418
"Saanich",63,2020,5,4.63413619995117
"Gulf Islands",64,2020,5,4.71921110153198
"Nanaimo-Ladysmith",68,2020,5,3.90407371520996
"Qualicum",69,2020,5,4.08464431762695
"Pacific Rim",70,2020,5,3.23553204536438
"Comox Valley",71,2020,5,3.57415699958801
"Campbell River",72,2020,5,3.32915353775024
"Kamloops-Thompson",73,2020,5,3.26370930671692
"Gold Trail",74,2020,5,3.46182942390442
"Mission",75,2020,5,3.05265092849731
"Fraser-Cascade",78,2020,5,3.37707209587097
"Cowichan",79,2020,5,3.26589131355286
"Kootenay Lake",8,2020,5,2.8791286945343
"Fort Nelson",81,2020,5,2.93671655654907
"Coast Mountains",82,2020,5,3.45407152175903
"Okanagan-Shuswap",83,2020,5,3.51222538948059
"Vancouver Island West",84,2020,5,3.24745535850525
"Vancouver Island North",85,2020,5,3.36793208122253
"Stikine",87,2020,5,2.8530695438385
"Nechako Lakes",91,2020,5,3.2641339302063
"Nisgaa",92,2020,5,3.20268130302429
"Central Coast",49,2020,5,3.17129755020142
"Okanagan-Skaha",67,2020,5,3.77261805534363
"Okanagan-Similkameen",53,2020,5,3.63783526420593
"Arrow Lakes",10,2020,6,2.28437161445618
"Revelstoke",19,2020,6,1.888552069664
"Kootenay-Columbia",20,2020,6,2.59390497207642
"Vernon",22,2020,6,2.5226354598999
"Central Okanagan",23,2020,6,2.98319411277771
"Cariboo-Chilcotin",27,2020,6,1.87167048454285
"Quesnel",28,2020,6,1.87651073932648
"Chilliwack",33,2020,6,2.68647193908691
"Abbotsford",34,2020,6,3.89335417747498
"Langley",35,2020,6,3.80780100822449
"Surrey",36,2020,6,3.93361830711365
"Delta",37,2020,6,4.39811277389526
"Richmond",38,2020,6,4.44217824935913
"Vancouver",39,2020,6,4.42047357559204
"New Westminster",40,2020,6,3.95149803161621
"Burnaby",41,2020,6,3.9318380355835
"Maple-Ridge Pitt-Meadows",42,2020,6,2.75803184509277
"Coquitlam",43,2020,6,2.97846150398254
"North Vancouver",44,2020,6,2.85314965248108
"West Vancouver",45,2020,6,3.56352353096008
"Sunshine Coast",46,2020,6,2.95306968688965
"Powell RIver",47,2020,6,2.50610303878784
"Sea to Sky",48,2020,6,2.50467944145203
"South East Kootenay",5,2020,6,2.55064225196838
"Haida Gwaii",50,2020,6,3.12413144111633
"Boundary",51,2020,6,2.31954383850098
"Prince Rupert",52,2020,6,2.71408653259277
"Bulkley Valley",54,2020,6,1.85920381546021
"Prince George",57,2020,6,1.86541259288788
"Nicola-Similkameen",58,2020,6,2.62012529373169
"Peace River South",59,2020,6,1.90702486038208
"Rocky Mountain",6,2020,6,1.77026653289795
"Peace River North",60,2020,6,1.90777790546417
"Victoria",61,2020,6,3.66417717933655
"Sooke",62,2020,6,2.96623229980469
"Saanich",63,2020,6,3.68515419960022
"Gulf Islands",64,2020,6,3.98936915397644
"Nanaimo-Ladysmith",68,2020,6,3.16709685325623
"Qualicum",69,2020,6,3.28061008453369
"Pacific Rim",70,2020,6,2.61740827560425
"Comox Valley",71,2020,6,2.91831159591675
"Campbell River",72,2020,6,2.23445749282837
"Kamloops-Thompson",73,2020,6,2.36153173446655
"Gold Trail",74,2020,6,2.36058616638184
"Mission",75,2020,6,2.94790863990784
"Fraser-Cascade",78,2020,6,2.5694854259491
"Cowichan",79,2020,6,2.72188186645508
"Kootenay Lake",8,2020,6,2.13865971565247
"Fort Nelson",81,2020,6,2.48438930511475
"Coast Mountains",82,2020,6,2.18471336364746
"Okanagan-Shuswap",83,2020,6,2.75805759429932
"Vancouver Island West",84,2020,6,2.6711540222168
"Vancouver Island North",85,2020,6,2.39418792724609
"Stikine",87,2020,6,1.59490489959717
"Nechako Lakes",91,2020,6,1.69592475891113
"Nisgaa",92,2020,6,2.13339018821716
"Central Coast",49,2020,6,2.19353818893433
"Okanagan-Skaha",67,2020,6,2.61585783958435
"Okanagan-Similkameen",53,2020,6,2.35611367225647
"Arrow Lakes",10,2020,7,5.48281145095825
"Revelstoke",19,2020,7,4.31949186325073
"Kootenay-Columbia",20,2020,7,4.57202386856079
"Vernon",22,2020,7,5.34368371963501
"Central Okanagan",23,2020,7,4.3132438659668
"Cariboo-Chilcotin",27,2020,7,3.10728788375854
"Quesnel",28,2020,7,3.04415011405945
"Chilliwack",33,2020,7,3.83944582939148
"Abbotsford",34,2020,7,5.00020265579224
"Langley",35,2020,7,5.09231901168823
"Surrey",36,2020,7,5.38482570648193
"Delta",37,2020,7,5.44234609603882
"Richmond",38,2020,7,5.51378917694092
"Vancouver",39,2020,7,5.61829519271851
"New Westminster",40,2020,7,5.88444137573242
"Burnaby",41,2020,7,5.60821914672852
"Maple-Ridge Pitt-Meadows",42,2020,7,4.27544498443604
"Coquitlam",43,2020,7,4.06234264373779
"North Vancouver",44,2020,7,3.82573699951172
"West Vancouver",45,2020,7,4.41812992095947
"Sunshine Coast",46,2020,7,3.69452428817749
"Powell RIver",47,2020,7,3.48649120330811
"Sea to Sky",48,2020,7,3.08271265029907
"South East Kootenay",5,2020,7,3.89685130119324
"Haida Gwaii",50,2020,7,4.04711961746216
"Boundary",51,2020,7,3.63114380836487
"Prince Rupert",52,2020,7,3.51509571075439
"Bulkley Valley",54,2020,7,3.10159754753113
"Prince George",57,2020,7,3.68555665016174
"Nicola-Similkameen",58,2020,7,3.80031442642212
"Peace River South",59,2020,7,4.13269233703613
"Rocky Mountain",6,2020,7,3.83776903152466
"Peace River North",60,2020,7,3.04390430450439
"Victoria",61,2020,7,4.53493785858154
"Sooke",62,2020,7,3.95844388008118
"Saanich",63,2020,7,4.33796739578247
"Gulf Islands",64,2020,7,4.36118173599243
"Nanaimo-Ladysmith",68,2020,7,4.15621948242188
"Qualicum",69,2020,7,4.23239803314209
"Pacific Rim",70,2020,7,3.40103530883789
"Comox Valley",71,2020,7,3.79999041557312
"Campbell River",72,2020,7,3.22511911392212
"Kamloops-Thompson",73,2020,7,6.23306226730347
"Gold Trail",74,2020,7,4.09407663345337
"Mission",75,2020,7,4.15843439102173
"Fraser-Cascade",78,2020,7,3.82769346237183
"Cowichan",79,2020,7,3.88072776794434
"Kootenay Lake",8,2020,7,4.51219129562378
"Fort Nelson",81,2020,7,3.58710885047913
"Coast Mountains",82,2020,7,2.7287449836731
"Okanagan-Shuswap",83,2020,7,6.92157316207886
"Vancouver Island West",84,2020,7,3.18789792060852
"Vancouver Island North",85,2020,7,3.10113549232483
"Stikine",87,2020,7,2.61935639381409
"Nechako Lakes",91,2020,7,2.83902430534363
"Nisgaa",92,2020,7,2.7703869342804
"Central Coast",49,2020,7,2.98730516433716
"Okanagan-Skaha",67,2020,7,3.55123257637024
"Okanagan-Similkameen",53,2020,7,3.32810068130493
"Arrow Lakes",10,2020,8,7.67913818359375
"Revelstoke",19,2020,8,7.73429012298584
"Kootenay-Columbia",20,2020,8,9.33507061004639
"Vernon",22,2020,8,7.44784545898438
"Central Okanagan",23,2020,8,8.12077617645264
"Cariboo-Chilcotin",27,2020,8,5.03967905044556
"Quesnel",28,2020,8,6.48776578903198
"Chilliwack",33,2020,8,4.12296867370605
"Abbotsford",34,2020,8,5.20532321929932
"Langley",35,2020,8,5.17805242538452
"Surrey",36,2020,8,6.81396389007568
"Delta",37,2020,8,6.90417098999023
"Richmond",38,2020,8,7.25655460357666
"Vancouver",39,2020,8,6.98528575897217
"New Westminster",40,2020,8,10.1951513290405
"Burnaby",41,2020,8,7.74709033966064
"Maple-Ridge Pitt-Meadows",42,2020,8,6.20486450195312
"Coquitlam",43,2020,8,5.61668157577515
"North Vancouver",44,2020,8,4.71988439559937
"West Vancouver",45,2020,8,5.14168930053711
"Sunshine Coast",46,2020,8,4.45528650283813
"Powell RIver",47,2020,8,3.61487245559692
"Sea to Sky",48,2020,8,5.802565574646
"South East Kootenay",5,2020,8,7.74328231811523
"Haida Gwaii",50,2020,8,3.82868933677673
"Boundary",51,2020,8,9.85951137542725
"Prince Rupert",52,2020,8,2.8841187953949
"Bulkley Valley",54,2020,8,3.15921330451965
"Prince George",57,2020,8,6.6142406463623
"Nicola-Similkameen",58,2020,8,8.70065689086914
"Peace River South",59,2020,8,4.18761968612671
"Rocky Mountain",6,2020,8,7.87639188766479
"Peace River North",60,2020,8,3.5200183391571
"Victoria",61,2020,8,6.22730922698975
"Sooke",62,2020,8,4.5348162651062
"Saanich",63,2020,8,6.29562616348267
"Gulf Islands",64,2020,8,6.67349863052368
"Nanaimo-Ladysmith",68,2020,8,4.53747177124023
"Qualicum",69,2020,8,4.40865707397461
"Pacific Rim",70,2020,8,3.80989074707031
"Comox Valley",71,2020,8,3.86372303962708
"Campbell River",72,2020,8,3.42904114723206
"Kamloops-Thompson",73,2020,8,6.71399879455566
"Gold Trail",74,2020,8,5.70745992660522
"Mission",75,2020,8,5.6685209274292
"Fraser-Cascade",78,2020,8,7.01560354232788
"Cowichan",79,2020,8,4.1936149597168
"Kootenay Lake",8,2020,8,8.917160987854
"Fort Nelson",81,2020,8,3.63991618156433
"Coast Mountains",82,2020,8,2.48230385780334
"Okanagan-Shuswap",83,2020,8,7.94936609268188
"Vancouver Island West",84,2020,8,4.05729389190674
"Vancouver Island North",85,2020,8,3.49596786499023
"Stikine",87,2020,8,2.73159670829773
"Nechako Lakes",91,2020,8,4.43768215179443
"Nisgaa",92,2020,8,2.17158699035645
"Central Coast",49,2020,8,3.40012955665588
"Okanagan-Skaha",67,2020,8,14.8664350509644
"Okanagan-Similkameen",53,2020,8,15.5684995651245
"Arrow Lakes",10,2020,9,12.9872550964355
"Revelstoke",19,2020,9,7.05053043365479
"Kootenay-Columbia",20,2020,9,17.3008441925049
"Vernon",22,2020,9,12.7395372390747
"Central Okanagan",23,2020,9,13.5411195755005
"Cariboo-Chilcotin",27,2020,9,8.94112205505371
"Quesnel",28,2020,9,6.32480812072754
"Chilliwack",33,2020,9,11.6990737915039
"Abbotsford",34,2020,9,16.7647476196289
"Langley",35,2020,9,16.6502304077148
"Surrey",36,2020,9,15.7757091522217
"Delta",37,2020,9,14.4840240478516
"Richmond",38,2020,9,15.4659948348999
"Vancouver",39,2020,9,15.0797452926636
"New Westminster",40,2020,9,14.1814994812012
"Burnaby",41,2020,9,14.0366230010986
"Maple-Ridge Pitt-Meadows",42,2020,9,12.2424068450928
"Coquitlam",43,2020,9,12.8382482528687
"North Vancouver",44,2020,9,11.4033708572388
"West Vancouver",45,2020,9,14.2372217178345
"Sunshine Coast",46,2020,9,12.3337707519531
"Powell RIver",47,2020,9,9.83559513092041
"Sea to Sky",48,2020,9,10.6948566436768
"South East Kootenay",5,2020,9,15.9997425079346
"Haida Gwaii",50,2020,9,5.5680251121521
"Boundary",51,2020,9,16.5390338897705
"Prince Rupert",52,2020,9,4.74976873397827
"Bulkley Valley",54,2020,9,3.72944259643555
"Prince George",57,2020,9,4.89557790756226
"Nicola-Similkameen",58,2020,9,9.5728874206543
"Peace River South",59,2020,9,2.38995599746704
"Rocky Mountain",6,2020,9,11.2175197601318
"Peace River North",60,2020,9,3.17219066619873
"Victoria",61,2020,9,14.6864862442017
"Sooke",62,2020,9,14.0844192504883
"Saanich",63,2020,9,14.8325996398926
"Gulf Islands",64,2020,9,14.0487651824951
"Nanaimo-Ladysmith",68,2020,9,11.6905908584595
"Qualicum",69,2020,9,10.7873182296753
"Pacific Rim",70,2020,9,8.56697273254395
"Comox Valley",71,2020,9,6.68979406356812
"Campbell River",72,2020,9,7.65283107757568
"Kamloops-Thompson",73,2020,9,8.69239139556885
"Gold Trail",74,2020,9,9.41836929321289
"Mission",75,2020,9,13.0251007080078
"Fraser-Cascade",78,2020,9,10.1010828018188
"Cowichan",79,2020,9,12.2801179885864
"Kootenay Lake",8,2020,9,15.2768802642822
"Fort Nelson",81,2020,9,3.38554191589355
"Coast Mountains",82,2020,9,3.51855659484863
"Okanagan-Shuswap",83,2020,9,11.0213270187378
"Vancouver Island West",84,2020,9,4.88876438140869
"Vancouver Island North",85,2020,9,5.74284029006958
"Stikine",87,2020,9,2.83602499961853
"Nechako Lakes",91,2020,9,3.43641400337219
"Nisgaa",92,2020,9,3.64525747299194
"Central Coast",49,2020,9,5.29606914520264
"Okanagan-Skaha",67,2020,9,12.7335424423218
"Okanagan-Similkameen",53,2020,9,12.2000703811646
"Arrow Lakes",10,2020,10,3.73952913284302
"Revelstoke",19,2020,10,3.32034373283386
"Kootenay-Columbia",20,2020,10,5.25741338729858
"Vernon",22,2020,10,4.02071571350098
"Central Okanagan",23,2020,10,4.97692823410034
"Cariboo-Chilcotin",27,2020,10,4.08103227615356
"Quesnel",28,2020,10,3.53918862342834
"Chilliwack",33,2020,10,5.61219024658203
"Abbotsford",34,2020,10,6.04728078842163
"Langley",35,2020,10,5.99101400375366
"Surrey",36,2020,10,6.24497509002686
"Delta",37,2020,10,5.55650949478149
"Richmond",38,2020,10,5.40955781936646
"Vancouver",39,2020,10,5.67547607421875
"New Westminster",40,2020,10,6.72157859802246
"Burnaby",41,2020,10,6.53913974761963
"Maple-Ridge Pitt-Meadows",42,2020,10,4.1465425491333
"Coquitlam",43,2020,10,4.52737712860107
"North Vancouver",44,2020,10,4.52753877639771
"West Vancouver",45,2020,10,4.99012756347656
"Sunshine Coast",46,2020,10,4.65603733062744
"Powell RIver",47,2020,10,4.70903968811035
"Sea to Sky",48,2020,10,4.73056554794312
"South East Kootenay",5,2020,10,4.96969985961914
"Haida Gwaii",50,2020,10,3.25373673439026
"Boundary",51,2020,10,4.70255422592163
"Prince Rupert",52,2020,10,3.74198508262634
"Bulkley Valley",54,2020,10,3.50499868392944
"Prince George",57,2020,10,3.80942058563232
"Nicola-Similkameen",58,2020,10,4.45066738128662
"Peace River South",59,2020,10,4.38058233261108
"Rocky Mountain",6,2020,10,3.8310227394104
"Peace River North",60,2020,10,4.63675928115845
"Victoria",61,2020,10,6.96803665161133
"Sooke",62,2020,10,6.30135250091553
"Saanich",63,2020,10,6.55162191390991
"Gulf Islands",64,2020,10,5.40999889373779
"Nanaimo-Ladysmith",68,2020,10,5.07774543762207
"Qualicum",69,2020,10,4.72955751419067
"Pacific Rim",70,2020,10,5.5002007484436
"Comox Valley",71,2020,10,4.77465915679932
"Campbell River",72,2020,10,4.72409343719482
"Kamloops-Thompson",73,2020,10,3.59210181236267
"Gold Trail",74,2020,10,4.72853660583496
"Mission",75,2020,10,4.14370632171631
"Fraser-Cascade",78,2020,10,4.4405345916748
"Cowichan",79,2020,10,5.84497356414795
"Kootenay Lake",8,2020,10,4.31322193145752
"Fort Nelson",81,2020,10,4.21652412414551
"Coast Mountains",82,2020,10,4.4105486869812
"Okanagan-Shuswap",83,2020,10,4.07171487808228
"Vancouver Island West",84,2020,10,6.0265007019043
"Vancouver Island North",85,2020,10,4.55024147033691
"Stikine",87,2020,10,4.27948379516602
"Nechako Lakes",91,2020,10,4.07438039779663
"Nisgaa",92,2020,10,4.26667737960815
"Central Coast",49,2020,10,4.33627223968506
"Okanagan-Skaha",67,2020,10,5.06324195861816
"Okanagan-Similkameen",53,2020,10,4.86725044250488
"Arrow Lakes",10,2020,11,5.46742677688599
"Revelstoke",19,2020,11,5.40471696853638
"Kootenay-Columbia",20,2020,11,5.49016761779785
"Vernon",22,2020,11,5.68023252487183
"Central Okanagan",23,2020,11,6.12629461288452
"Cariboo-Chilcotin",27,2020,11,5.21103954315186
"Quesnel",28,2020,11,5.63024234771729
"Chilliwack",33,2020,11,4.3997974395752
"Abbotsford",34,2020,11,5.19417381286621
"Langley",35,2020,11,5.09758853912354
"Surrey",36,2020,11,5.38803243637085
"Delta",37,2020,11,5.0456690788269
"Richmond",38,2020,11,4.40413761138916
"Vancouver",39,2020,11,4.28231620788574
"New Westminster",40,2020,11,5.58602809906006
"Burnaby",41,2020,11,5.12393569946289
"Maple-Ridge Pitt-Meadows",42,2020,11,3.71316623687744
"Coquitlam",43,2020,11,4.14485311508179
"North Vancouver",44,2020,11,4.02631807327271
"West Vancouver",45,2020,11,3.92610883712769
"Sunshine Coast",46,2020,11,3.93579649925232
"Powell RIver",47,2020,11,3.67857336997986
"Sea to Sky",48,2020,11,3.70337867736816
"South East Kootenay",5,2020,11,4.0458664894104
"Haida Gwaii",50,2020,11,2.95814919471741
"Boundary",51,2020,11,5.43633556365967
"Prince Rupert",52,2020,11,2.21030402183533
"Bulkley Valley",54,2020,11,5.08766603469849
"Prince George",57,2020,11,5.6293797492981
"Nicola-Similkameen",58,2020,11,5.01752042770386
"Peace River South",59,2020,11,5.55298614501953
"Rocky Mountain",6,2020,11,4.38566875457764
"Peace River North",60,2020,11,5.54438066482544
"Victoria",61,2020,11,4.31093549728394
"Sooke",62,2020,11,4.58917188644409
"Saanich",63,2020,11,4.78397941589355
"Gulf Islands",64,2020,11,4.934494972229
"Nanaimo-Ladysmith",68,2020,11,4.76064252853394
"Qualicum",69,2020,11,4.31049728393555
"Pacific Rim",70,2020,11,3.70091819763184
"Comox Valley",71,2020,11,4.39234828948975
"Campbell River",72,2020,11,3.36035203933716
"Kamloops-Thompson",73,2020,11,5.58401203155518
"Gold Trail",74,2020,11,4.96714878082275
"Mission",75,2020,11,4.09939956665039
"Fraser-Cascade",78,2020,11,4.04252195358276
"Cowichan",79,2020,11,4.91561269760132
"Kootenay Lake",8,2020,11,4.64134359359741
"Fort Nelson",81,2020,11,4.96697664260864
"Coast Mountains",82,2020,11,4.05927705764771
"Okanagan-Shuswap",83,2020,11,6.14038228988647
"Vancouver Island West",84,2020,11,2.82690238952637
"Vancouver Island North",85,2020,11,2.84120965003967
"Stikine",87,2020,11,4.77753973007202
"Nechako Lakes",91,2020,11,5.46674108505249
"Nisgaa",92,2020,11,4.24443340301514
"Central Coast",49,2020,11,2.6029531955719
"Okanagan-Skaha",67,2020,11,5.99916696548462
"Okanagan-Similkameen",53,2020,11,5.18249654769897
"Arrow Lakes",10,2020,12,6.0453929901123
"Revelstoke",19,2020,12,5.94713592529297
"Kootenay-Columbia",20,2020,12,5.73995971679688
"Vernon",22,2020,12,6.11949348449707
"Central Okanagan",23,2020,12,6.20790433883667
"Cariboo-Chilcotin",27,2020,12,5.73421144485474
"Quesnel",28,2020,12,5.98429918289185
"Chilliwack",33,2020,12,5.18513154983521
"Abbotsford",34,2020,12,5.64517307281494
"Langley",35,2020,12,5.29297971725464
"Surrey",36,2020,12,5.67438888549805
"Delta",37,2020,12,4.79964160919189
"Richmond",38,2020,12,4.49063682556152
"Vancouver",39,2020,12,4.64070749282837
"New Westminster",40,2020,12,6.43060207366943
"Burnaby",41,2020,12,6.04597902297974
"Maple-Ridge Pitt-Meadows",42,2020,12,4.65327310562134
"Coquitlam",43,2020,12,4.92204236984253
"North Vancouver",44,2020,12,4.70015954971313
"West Vancouver",45,2020,12,4.33197402954102
"Sunshine Coast",46,2020,12,4.73731231689453
"Powell RIver",47,2020,12,4.64196395874023
"Sea to Sky",48,2020,12,5.15891075134277
"South East Kootenay",5,2020,12,4.81484508514404
"Haida Gwaii",50,2020,12,4.48306608200073
"Boundary",51,2020,12,5.64012241363525
"Prince Rupert",52,2020,12,3.19582104682922
"Bulkley Valley",54,2020,12,5.44326066970825
"Prince George",57,2020,12,5.9110279083252
"Nicola-Similkameen",58,2020,12,5.53361034393311
"Peace River South",59,2020,12,5.81316423416138
"Rocky Mountain",6,2020,12,4.86269044876099
"Peace River North",60,2020,12,6.08227920532227
"Victoria",61,2020,12,3.86829710006714
"Sooke",62,2020,12,3.59678721427917
"Saanich",63,2020,12,4.30572700500488
"Gulf Islands",64,2020,12,4.46179103851318
"Nanaimo-Ladysmith",68,2020,12,3.76243877410889
"Qualicum",69,2020,12,3.803471326828
"Pacific Rim",70,2020,12,2.94344115257263
"Comox Valley",71,2020,12,3.89792251586914
"Campbell River",72,2020,12,4.34823131561279
"Kamloops-Thompson",73,2020,12,6.16326904296875
"Gold Trail",74,2020,12,5.43154287338257
"Mission",75,2020,12,4.89810085296631
"Fraser-Cascade",78,2020,12,5.25644016265869
"Cowichan",79,2020,12,3.40540480613708
"Kootenay Lake",8,2020,12,5.28508567810059
"Fort Nelson",81,2020,12,5.49214553833008
"Coast Mountains",82,2020,12,4.47689056396484
"Okanagan-Shuswap",83,2020,12,6.61202239990234
"Vancouver Island West",84,2020,12,2.88278102874756
"Vancouver Island North",85,2020,12,4.1906590461731
"Stikine",87,2020,12,4.55019569396973
"Nechako Lakes",91,2020,12,5.90354633331299
"Nisgaa",92,2020,12,4.4895224571228
"Central Coast",49,2020,12,4.24320316314697
"Okanagan-Skaha",67,2020,12,5.99084186553955
"Okanagan-Similkameen",53,2020,12,5.37482452392578
"Arrow Lakes",10,2021,1,6.11535930633545
"Revelstoke",19,2021,1,5.66829872131348
"Kootenay-Columbia",20,2021,1,5.84007596969604
"Vernon",22,2021,1,6.05983734130859
"Central Okanagan",23,2021,1,6.21625995635986
"Cariboo-Chilcotin",27,2021,1,5.07086420059204
"Quesnel",28,2021,1,5.6276068687439
"Chilliwack",33,2021,1,3.47374796867371
"Abbotsford",34,2021,1,4.66092586517334
"Langley",35,2021,1,5.08197164535522
"Surrey",36,2021,1,5.35012865066528
"Delta",37,2021,1,5.21465301513672
"Richmond",38,2021,1,4.7956371307373
"Vancouver",39,2021,1,4.67668628692627
"New Westminster",40,2021,1,5.43557405471802
"Burnaby",41,2021,1,5.31023359298706
"Maple-Ridge Pitt-Meadows",42,2021,1,2.43363404273987
"Coquitlam",43,2021,1,2.97606253623962
"North Vancouver",44,2021,1,3.2200973033905
"West Vancouver",45,2021,1,4.10708475112915
"Sunshine Coast",46,2021,1,4.04531908035278
"Powell RIver",47,2021,1,3.82695698738098
"Sea to Sky",48,2021,1,2.60863304138184
"South East Kootenay",5,2021,1,4.40885066986084
"Haida Gwaii",50,2021,1,3.49812865257263
"Boundary",51,2021,1,5.76758766174316
"Prince Rupert",52,2021,1,3.88434529304504
"Bulkley Valley",54,2021,1,4.07262182235718
"Prince George",57,2021,1,5.2779335975647
"Nicola-Similkameen",58,2021,1,5.49719953536987
"Peace River South",59,2021,1,4.74720478057861
"Rocky Mountain",6,2021,1,4.26591300964355
"Peace River North",60,2021,1,5.2575888633728
"Victoria",61,2021,1,5.03470087051392
"Sooke",62,2021,1,5.04408884048462
"Saanich",63,2021,1,5.72142601013184
"Gulf Islands",64,2021,1,5.75759696960449
"Nanaimo-Ladysmith",68,2021,1,5.32131814956665
"Qualicum",69,2021,1,5.10340452194214
"Pacific Rim",70,2021,1,4.95023441314697
"Comox Valley",71,2021,1,4.65925455093384
"Campbell River",72,2021,1,3.68432950973511
"Kamloops-Thompson",73,2021,1,5.33024883270264
"Gold Trail",74,2021,1,4.78294897079468
"Mission",75,2021,1,2.53720784187317
"Fraser-Cascade",78,2021,1,3.02208018302917
"Cowichan",79,2021,1,5.4629077911377
"Kootenay Lake",8,2021,1,4.98495626449585
"Fort Nelson",81,2021,1,5.17352962493896
"Coast Mountains",82,2021,1,3.56078314781189
"Okanagan-Shuswap",83,2021,1,6.21909236907959
"Vancouver Island West",84,2021,1,4.3922438621521
"Vancouver Island North",85,2021,1,3.92918300628662
"Stikine",87,2021,1,3.94799542427063
"Nechako Lakes",91,2021,1,5.07872009277344
"Nisgaa",92,2021,1,3.3458936214447
"Central Coast",49,2021,1,3.58894920349121
"Okanagan-Skaha",67,2021,1,5.91083669662476
"Okanagan-Similkameen",53,2021,1,5.57086658477783
"Arrow Lakes",10,2021,2,5.66336011886597
"Revelstoke",19,2021,2,5.59022521972656
"Kootenay-Columbia",20,2021,2,6.51605176925659
"Vernon",22,2021,2,6.19092512130737
"Central Okanagan",23,2021,2,6.54320192337036
"Cariboo-Chilcotin",27,2021,2,5.07997989654541
"Quesnel",28,2021,2,5.5777735710144
"Chilliwack",33,2021,2,3.38130187988281
"Abbotsford",34,2021,2,4.52901744842529
"Langley",35,2021,2,5.00618124008179
"Surrey",36,2021,2,5.03186845779419
"Delta",37,2021,2,4.6693172454834
"Richmond",38,2021,2,4.56865119934082
"Vancouver",39,2021,2,4.60213184356689
"New Westminster",40,2021,2,5.45017671585083
"Burnaby",41,2021,2,5.54766035079956
"Maple-Ridge Pitt-Meadows",42,2021,2,3.0046546459198
"Coquitlam",43,2021,2,3.55948519706726
"North Vancouver",44,2021,2,3.93405604362488
"West Vancouver",45,2021,2,4.09732055664062
"Sunshine Coast",46,2021,2,4.16685628890991
"Powell RIver",47,2021,2,4.09307098388672
"Sea to Sky",48,2021,2,3.70647788047791
"South East Kootenay",5,2021,2,5.58410787582397
"Haida Gwaii",50,2021,2,3.69315099716187
"Boundary",51,2021,2,6.53509664535522
"Prince Rupert",52,2021,2,3.90455961227417
"Bulkley Valley",54,2021,2,5.90666007995605
"Prince George",57,2021,2,5.39352989196777
"Nicola-Similkameen",58,2021,2,5.67249155044556
"Peace River South",59,2021,2,5.45339012145996
"Rocky Mountain",6,2021,2,4.36429071426392
"Peace River North",60,2021,2,4.84076261520386
"Victoria",61,2021,2,4.6600604057312
"Sooke",62,2021,2,4.15149545669556
"Saanich",63,2021,2,4.90473318099976
"Gulf Islands",64,2021,2,4.67675304412842
"Nanaimo-Ladysmith",68,2021,2,4.50507259368896
"Qualicum",69,2021,2,4.6019115447998
"Pacific Rim",70,2021,2,4.46406841278076
"Comox Valley",71,2021,2,4.1400728225708
"Campbell River",72,2021,2,3.73329877853394
"Kamloops-Thompson",73,2021,2,5.58442878723145
"Gold Trail",74,2021,2,4.64731788635254
"Mission",75,2021,2,2.96816468238831
"Fraser-Cascade",78,2021,2,4.10250425338745
"Cowichan",79,2021,2,4.36765336990356
"Kootenay Lake",8,2021,2,5.27425050735474
"Fort Nelson",81,2021,2,4.2493257522583
"Coast Mountains",82,2021,2,4.7605185508728
"Okanagan-Shuswap",83,2021,2,5.86405897140503
"Vancouver Island West",84,2021,2,4.02709913253784
"Vancouver Island North",85,2021,2,3.87603378295898
"Stikine",87,2021,2,4.48792505264282
"Nechako Lakes",91,2021,2,5.39888334274292
"Nisgaa",92,2021,2,4.81274271011353
"Central Coast",49,2021,2,3.74887895584106
"Okanagan-Skaha",67,2021,2,6.07187080383301
"Okanagan-Similkameen",53,2021,2,4.8247537612915
"Arrow Lakes",10,2021,3,4.80767011642456
"Revelstoke",19,2021,3,3.94275379180908
"Kootenay-Columbia",20,2021,3,5.75162172317505
"Vernon",22,2021,3,5.69011402130127
"Central Okanagan",23,2021,3,6.39137935638428
"Cariboo-Chilcotin",27,2021,3,3.91265821456909
"Quesnel",28,2021,3,4.0727972984314
"Chilliwack",33,2021,3,5.29320430755615
"Abbotsford",34,2021,3,5.75622749328613
"Langley",35,2021,3,5.34226560592651
"Surrey",36,2021,3,4.92863368988037
"Delta",37,2021,3,4.31940841674805
"Richmond",38,2021,3,4.31855344772339
"Vancouver",39,2021,3,4.44625949859619
"New Westminster",40,2021,3,5.22523832321167
"Burnaby",41,2021,3,5.0538182258606
"Maple-Ridge Pitt-Meadows",42,2021,3,3.55331587791443
"Coquitlam",43,2021,3,3.99788951873779
"North Vancouver",44,2021,3,3.74461364746094
"West Vancouver",45,2021,3,3.73379492759705
"Sunshine Coast",46,2021,3,4.12454414367676
"Powell RIver",47,2021,3,3.96438097953796
"Sea to Sky",48,2021,3,4.08523654937744
"South East Kootenay",5,2021,3,3.65274572372437
"Haida Gwaii",50,2021,3,3.33979296684265
"Boundary",51,2021,3,5.78153467178345
"Prince Rupert",52,2021,3,3.37792110443115
"Bulkley Valley",54,2021,3,3.115886926651
"Prince George",57,2021,3,3.23501038551331
"Nicola-Similkameen",58,2021,3,5.10421562194824
"Peace River South",59,2021,3,2.71800541877747
"Rocky Mountain",6,2021,3,2.94150495529175
"Peace River North",60,2021,3,3.3298819065094
"Victoria",61,2021,3,5.33027744293213
"Sooke",62,2021,3,3.98227024078369
"Saanich",63,2021,3,5.10854959487915
"Gulf Islands",64,2021,3,4.62469720840454
"Nanaimo-Ladysmith",68,2021,3,4.25225448608398
"Qualicum",69,2021,3,4.40616083145142
"Pacific Rim",70,2021,3,3.84321331977844
"Comox Valley",71,2021,3,3.63622331619263
"Campbell River",72,2021,3,3.39518928527832
"Kamloops-Thompson",73,2021,3,4.5500659942627
"Gold Trail",74,2021,3,3.94385743141174
"Mission",75,2021,3,4.22543239593506
"Fraser-Cascade",78,2021,3,4.98649263381958
"Cowichan",79,2021,3,3.82881712913513
"Kootenay Lake",8,2021,3,4.09410858154297
"Fort Nelson",81,2021,3,4.05419397354126
"Coast Mountains",82,2021,3,3.41518306732178
"Okanagan-Shuswap",83,2021,3,5.69442510604858
"Vancouver Island West",84,2021,3,3.78989243507385
"Vancouver Island North",85,2021,3,3.54029774665833
"Stikine",87,2021,3,2.74582266807556
"Nechako Lakes",91,2021,3,3.43429255485535
"Nisgaa",92,2021,3,3.45568656921387
"Central Coast",49,2021,3,3.19195771217346
"Okanagan-Skaha",67,2021,3,5.90848731994629
"Okanagan-Similkameen",53,2021,3,4.78424263000488
"Arrow Lakes",10,2021,4,4.6633095741272
"Revelstoke",19,2021,4,4.27322673797607
"Kootenay-Columbia",20,2021,4,4.51289796829224
"Vernon",22,2021,4,4.61835908889771
"Central Okanagan",23,2021,4,4.08944177627563
"Cariboo-Chilcotin",27,2021,4,4.46962881088257
"Quesnel",28,2021,4,4.67583560943604
"Chilliwack",33,2021,4,4.12893009185791
"Abbotsford",34,2021,4,5.10961866378784
"Langley",35,2021,4,5.42988348007202
"Surrey",36,2021,4,5.32020664215088
"Delta",37,2021,4,4.96355676651001
"Richmond",38,2021,4,4.85845994949341
"Vancouver",39,2021,4,5.12113571166992
"New Westminster",40,2021,4,5.17600440979004
"Burnaby",41,2021,4,5.19318723678589
"Maple-Ridge Pitt-Meadows",42,2021,4,2.6168909072876
"Coquitlam",43,2021,4,2.73495411872864
"North Vancouver",44,2021,4,2.72353529930115
"West Vancouver",45,2021,4,3.70936465263367
"Sunshine Coast",46,2021,4,4.78690624237061
"Powell RIver",47,2021,4,4.59068441390991
"Sea to Sky",48,2021,4,4.39615154266357
"South East Kootenay",5,2021,4,3.72302293777466
"Haida Gwaii",50,2021,4,2.52731370925903
"Boundary",51,2021,4,4.22483444213867
"Prince Rupert",52,2021,4,3.16934132575989
"Bulkley Valley",54,2021,4,4.93595218658447
"Prince George",57,2021,4,4.43404674530029
"Nicola-Similkameen",58,2021,4,3.91664242744446
"Peace River South",59,2021,4,4.14243745803833
"Rocky Mountain",6,2021,4,3.3886137008667
"Peace River North",60,2021,4,4.36768865585327
"Victoria",61,2021,4,4.64476633071899
"Sooke",62,2021,4,3.43069553375244
"Saanich",63,2021,4,3.97330951690674
"Gulf Islands",64,2021,4,4.22743225097656
"Nanaimo-Ladysmith",68,2021,4,4.1628680229187
"Qualicum",69,2021,4,4.85553073883057
"Pacific Rim",70,2021,4,3.51169896125793
"Comox Valley",71,2021,4,4.1015043258667
"Campbell River",72,2021,4,4.02713394165039
"Kamloops-Thompson",73,2021,4,4.54114770889282
"Gold Trail",74,2021,4,4.18475914001465
"Mission",75,2021,4,2.58343100547791
"Fraser-Cascade",78,2021,4,4.17320823669434
"Cowichan",79,2021,4,3.22599506378174
"Kootenay Lake",8,2021,4,3.95981764793396
"Fort Nelson",81,2021,4,4.85709285736084
"Coast Mountains",82,2021,4,4.39998579025269
"Okanagan-Shuswap",83,2021,4,5.2452130317688
"Vancouver Island West",84,2021,4,3.04891920089722
"Vancouver Island North",85,2021,4,3.49902963638306
"Stikine",87,2021,4,3.82297921180725
"Nechako Lakes",91,2021,4,4.45410108566284
"Nisgaa",92,2021,4,4.65034484863281
"Central Coast",49,2021,4,3.36794853210449
"Okanagan-Skaha",67,2021,4,3.76601696014404
"Okanagan-Similkameen",53,2021,4,3.46859359741211
"Arrow Lakes",10,2021,5,3.4806215763092
"Revelstoke",19,2021,5,3.05254149436951
"Kootenay-Columbia",20,2021,5,3.93061661720276
"Vernon",22,2021,5,4.12678623199463
"Central Okanagan",23,2021,5,4.20905113220215
"Cariboo-Chilcotin",27,2021,5,3.17642712593079
"Quesnel",28,2021,5,3.0738513469696
"Chilliwack",33,2021,5,4.01829433441162
"Abbotsford",34,2021,5,5.4499831199646
"Langley",35,2021,5,5.41300010681152
"Surrey",36,2021,5,5.2416820526123
"Delta",37,2021,5,5.4921703338623
"Richmond",38,2021,5,5.45446491241455
"Vancouver",39,2021,5,5.16186237335205
"New Westminster",40,2021,5,5.08549404144287
"Burnaby",41,2021,5,5.1334228515625
"Maple-Ridge Pitt-Meadows",42,2021,5,4.31248426437378
"Coquitlam",43,2021,5,4.45569944381714
"North Vancouver",44,2021,5,4.49774360656738
"West Vancouver",45,2021,5,4.12223148345947
"Sunshine Coast",46,2021,5,3.75354528427124
"Powell RIver",47,2021,5,3.39250302314758
"Sea to Sky",48,2021,5,3.90863561630249
"South East Kootenay",5,2021,5,3.20165109634399
"Haida Gwaii",50,2021,5,2.86860585212708
"Boundary",51,2021,5,3.79691910743713
"Prince Rupert",52,2021,5,2.42404174804688
"Bulkley Valley",54,2021,5,3.33153176307678
"Prince George",57,2021,5,3.27263402938843
"Nicola-Similkameen",58,2021,5,3.09734654426575
"Peace River South",59,2021,5,3.58773112297058
"Rocky Mountain",6,2021,5,2.56508159637451
"Peace River North",60,2021,5,3.17417001724243
"Victoria",61,2021,5,5.05208683013916
"Sooke",62,2021,5,4.18620204925537
"Saanich",63,2021,5,4.64228773117065
"Gulf Islands",64,2021,5,4.87470817565918
"Nanaimo-Ladysmith",68,2021,5,3.87462258338928
"Qualicum",69,2021,5,3.89581537246704
"Pacific Rim",70,2021,5,2.99327301979065
"Comox Valley",71,2021,5,3.46807193756104
"Campbell River",72,2021,5,3.11511659622192
"Kamloops-Thompson",73,2021,5,3.44209456443787
"Gold Trail",74,2021,5,3.41177344322205
"Mission",75,2021,5,4.46767950057983
"Fraser-Cascade",78,2021,5,3.89832973480225
"Cowichan",79,2021,5,3.41994953155518
"Kootenay Lake",8,2021,5,3.12597227096558
"Fort Nelson",81,2021,5,3.6842405796051
"Coast Mountains",82,2021,5,2.69666767120361
"Okanagan-Shuswap",83,2021,5,4.34445381164551
"Vancouver Island West",84,2021,5,2.78063535690308
"Vancouver Island North",85,2021,5,2.891361951828
"Stikine",87,2021,5,2.05313086509705
"Nechako Lakes",91,2021,5,2.95136570930481
"Nisgaa",92,2021,5,2.89322519302368
"Central Coast",49,2021,5,2.54568314552307
"Okanagan-Skaha",67,2021,5,3.81403207778931
"Okanagan-Similkameen",53,2021,5,3.1726930141449
"Arrow Lakes",10,2021,6,4.38749408721924
"Revelstoke",19,2021,6,5.87511587142944
"Kootenay-Columbia",20,2021,6,4.17855930328369
"Vernon",22,2021,6,4.91453313827515
"Central Okanagan",23,2021,6,5.08051300048828
"Cariboo-Chilcotin",27,2021,6,6.3089747428894
"Quesnel",28,2021,6,4.91124486923218
"Chilliwack",33,2021,6,3.71601939201355
"Abbotsford",34,2021,6,3.89089131355286
"Langley",35,2021,6,3.66223120689392
"Surrey",36,2021,6,4.65082931518555
"Delta",37,2021,6,5.60817718505859
"Richmond",38,2021,6,5.31033134460449
"Vancouver",39,2021,6,4.84000110626221
"New Westminster",40,2021,6,5.12743806838989
"Burnaby",41,2021,6,4.68111848831177
"Maple-Ridge Pitt-Meadows",42,2021,6,2.9809308052063
"Coquitlam",43,2021,6,2.7321560382843
"North Vancouver",44,2021,6,2.35336494445801
"West Vancouver",45,2021,6,3.53910565376282
"Sunshine Coast",46,2021,6,3.74814867973328
"Powell RIver",47,2021,6,3.39968061447144
"Sea to Sky",48,2021,6,3.8931291103363
"South East Kootenay",5,2021,6,4.20553255081177
"Haida Gwaii",50,2021,6,2.72526335716248
"Boundary",51,2021,6,4.02850770950317
"Prince Rupert",52,2021,6,2.35626101493835
"Bulkley Valley",54,2021,6,2.79988145828247
"Prince George",57,2021,6,4.6410870552063
"Nicola-Similkameen",58,2021,6,5.97986698150635
"Peace River South",59,2021,6,4.7955584526062
"Rocky Mountain",6,2021,6,5.0106782913208
"Peace River North",60,2021,6,7.15323734283447
"Victoria",61,2021,6,4.79684209823608
"Sooke",62,2021,6,3.60659050941467
"Saanich",63,2021,6,4.0236611366272
"Gulf Islands",64,2021,6,4.16464185714722
"Nanaimo-Ladysmith",68,2021,6,3.40061616897583
"Qualicum",69,2021,6,3.47560906410217
"Pacific Rim",70,2021,6,3.55890202522278
"Comox Valley",71,2021,6,3.42761015892029
"Campbell River",72,2021,6,3.29938197135925
"Kamloops-Thompson",73,2021,6,11.6910753250122
"Gold Trail",74,2021,6,14.6680536270142
"Mission",75,2021,6,3.43853998184204
"Fraser-Cascade",78,2021,6,6.06104469299316
"Cowichan",79,2021,6,3.06674575805664
"Kootenay Lake",8,2021,6,4.34538793563843
"Fort Nelson",81,2021,6,5.68039751052856
"Coast Mountains",82,2021,6,2.42593288421631
"Okanagan-Shuswap",83,2021,6,6.85506868362427
"Vancouver Island West",84,2021,6,3.26268839836121
"Vancouver Island North",85,2021,6,3.02027559280396
"Stikine",87,2021,6,2.07211899757385
"Nechako Lakes",91,2021,6,3.3500440120697
"Nisgaa",92,2021,6,2.50767207145691
"Central Coast",49,2021,6,2.66632151603699
"Okanagan-Skaha",67,2021,6,3.8088104724884
"Okanagan-Similkameen",53,2021,6,3.18874287605286
"Arrow Lakes",10,2021,7,39.2969856262207
"Revelstoke",19,2021,7,30.1354999542236
"Kootenay-Columbia",20,2021,7,48.7980117797852
"Vernon",22,2021,7,35.5538482666016
"Central Okanagan",23,2021,7,26.855489730835
"Cariboo-Chilcotin",27,2021,7,15.669394493103
"Quesnel",28,2021,7,15.4800720214844
"Chilliwack",33,2021,7,6.63416528701782
"Abbotsford",34,2021,7,5.70055294036865
"Langley",35,2021,7,5.71060991287231
"Surrey",36,2021,7,6.20934391021729
"Delta",37,2021,7,5.96451234817505
"Richmond",38,2021,7,5.67083883285522
"Vancouver",39,2021,7,5.36076068878174
"New Westminster",40,2021,7,6.66050338745117
"Burnaby",41,2021,7,6.39233589172363
"Maple-Ridge Pitt-Meadows",42,2021,7,4.53852319717407
"Coquitlam",43,2021,7,4.37039089202881
"North Vancouver",44,2021,7,3.95920968055725
"West Vancouver",45,2021,7,4.13530921936035
"Sunshine Coast",46,2021,7,4.31431341171265
"Powell RIver",47,2021,7,4.71802425384521
"Sea to Sky",48,2021,7,5.59987783432007
"South East Kootenay",5,2021,7,20.1915493011475
"Haida Gwaii",50,2021,7,2.19663000106812
"Boundary",51,2021,7,30.7171039581299
"Prince Rupert",52,2021,7,2.39210820198059
"Bulkley Valley",54,2021,7,4.53529930114746
"Prince George",57,2021,7,14.3341665267944
"Nicola-Similkameen",58,2021,7,18.6688976287842
"Peace River South",59,2021,7,10.7761306762695
"Rocky Mountain",6,2021,7,29.055025100708
"Peace River North",60,2021,7,13.4617290496826
"Victoria",61,2021,7,3.83064079284668
"Sooke",62,2021,7,3.38054347038269
"Saanich",63,2021,7,3.98902869224548
"Gulf Islands",64,2021,7,4.54988288879395
"Nanaimo-Ladysmith",68,2021,7,4.32397031784058
"Qualicum",69,2021,7,4.36476612091064
"Pacific Rim",70,2021,7,3.63078665733337
"Comox Valley",71,2021,7,4.227463722229
"Campbell River",72,2021,7,4.64797639846802
"Kamloops-Thompson",73,2021,7,36.4629211425781
"Gold Trail",74,2021,7,27.0386962890625
"Mission",75,2021,7,4.64203071594238
"Fraser-Cascade",78,2021,7,8.79841613769531
"Cowichan",79,2021,7,3.60311555862427
"Kootenay Lake",8,2021,7,38.236930847168
"Fort Nelson",81,2021,7,9.01753425598145
"Coast Mountains",82,2021,7,3.73057818412781
"Okanagan-Shuswap",83,2021,7,38.9341850280762
"Vancouver Island West",84,2021,7,3.24239754676819
"Vancouver Island North",85,2021,7,3.47283530235291
"Stikine",87,2021,7,7.90690517425537
"Nechako Lakes",91,2021,7,9.82005214691162
"Nisgaa",92,2021,7,3.25119972229004
"Central Coast",49,2021,7,4.09833574295044
"Okanagan-Skaha",67,2021,7,25.0486946105957
"Okanagan-Similkameen",53,2021,7,25.355167388916
"Arrow Lakes",10,2021,8,25.7207012176514
"Revelstoke",19,2021,8,29.6285171508789
"Kootenay-Columbia",20,2021,8,28.5843982696533
"Vernon",22,2021,8,28.9711513519287
"Central Okanagan",23,2021,8,28.6114253997803
"Cariboo-Chilcotin",27,2021,8,7.0806303024292
"Quesnel",28,2021,8,7.54598808288574
"Chilliwack",33,2021,8,10.392126083374
"Abbotsford",34,2021,8,9.42527008056641
"Langley",35,2021,8,9.8865213394165
"Surrey",36,2021,8,8.60318088531494
"Delta",37,2021,8,7.39872074127197
"Richmond",38,2021,8,7.14596891403198
"Vancouver",39,2021,8,6.90650701522827
"New Westminster",40,2021,8,8.9296350479126
"Burnaby",41,2021,8,8.12785625457764
"Maple-Ridge Pitt-Meadows",42,2021,8,8.4533805847168
"Coquitlam",43,2021,8,7.53080368041992
"North Vancouver",44,2021,8,6.98368215560913
"West Vancouver",45,2021,8,5.95232725143433
"Sunshine Coast",46,2021,8,5.86992168426514
"Powell RIver",47,2021,8,5.0396900177002
"Sea to Sky",48,2021,8,6.93015193939209
"South East Kootenay",5,2021,8,17.7059345245361
"Haida Gwaii",50,2021,8,3.5105357170105
"Boundary",51,2021,8,31.9533233642578
"Prince Rupert",52,2021,8,3.08958768844604
"Bulkley Valley",54,2021,8,2.97920656204224
"Prince George",57,2021,8,8.47525787353516
"Nicola-Similkameen",58,2021,8,28.8748569488525
"Peace River South",59,2021,8,6.85023355484009
"Rocky Mountain",6,2021,8,21.6146183013916
"Peace River North",60,2021,8,5.29287481307983
"Victoria",61,2021,8,5.20479393005371
"Sooke",62,2021,8,6.6533260345459
"Saanich",63,2021,8,4.62766075134277
"Gulf Islands",64,2021,8,4.51961898803711
"Nanaimo-Ladysmith",68,2021,8,5.38590002059937
"Qualicum",69,2021,8,4.79353141784668
"Pacific Rim",70,2021,8,4.0898232460022
"Comox Valley",71,2021,8,3.77270674705505
"Campbell River",72,2021,8,4.01141214370728
"Kamloops-Thompson",73,2021,8,25.1818656921387
"Gold Trail",74,2021,8,20.8175563812256
"Mission",75,2021,8,9.68122577667236
"Fraser-Cascade",78,2021,8,16.7916851043701
"Cowichan",79,2021,8,5.40902805328369
"Kootenay Lake",8,2021,8,25.3482322692871
"Fort Nelson",81,2021,8,5.71811866760254
"Coast Mountains",82,2021,8,3.12910866737366
"Okanagan-Shuswap",83,2021,8,38.8016242980957
"Vancouver Island West",84,2021,8,3.84557342529297
"Vancouver Island North",85,2021,8,3.39201498031616
"Stikine",87,2021,8,3.83416032791138
"Nechako Lakes",91,2021,8,4.66035079956055
"Nisgaa",92,2021,8,3.18760561943054
"Central Coast",49,2021,8,3.19967865943909
"Okanagan-Skaha",67,2021,8,29.5810070037842
"Okanagan-Similkameen",53,2021,8,44.0692749023438
"Arrow Lakes",10,2021,9,5.60432815551758
"Revelstoke",19,2021,9,4.04981565475464
"Kootenay-Columbia",20,2021,9,7.03482103347778
"Vernon",22,2021,9,5.28887891769409
"Central Okanagan",23,2021,9,5.28353452682495
"Cariboo-Chilcotin",27,2021,9,3.88051772117615
"Quesnel",28,2021,9,4.50720977783203
"Chilliwack",33,2021,9,4.220290184021
"Abbotsford",34,2021,9,5.40587997436523
"Langley",35,2021,9,5.5091757774353
"Surrey",36,2021,9,4.6759181022644
"Delta",37,2021,9,5.60820531845093
"Richmond",38,2021,9,5.44471120834351
"Vancouver",39,2021,9,4.7607159614563
"New Westminster",40,2021,9,3.18883395195007
"Burnaby",41,2021,9,4.13741064071655
"Maple-Ridge Pitt-Meadows",42,2021,9,3.70232677459717
"Coquitlam",43,2021,9,3.73872590065002
"North Vancouver",44,2021,9,3.47114419937134
"West Vancouver",45,2021,9,3.88997387886047
"Sunshine Coast",46,2021,9,3.61786246299744
"Powell RIver",47,2021,9,3.35944509506226
"Sea to Sky",48,2021,9,3.6405770778656
"South East Kootenay",5,2021,9,7.4249382019043
"Haida Gwaii",50,2021,9,3.49124050140381
"Boundary",51,2021,9,5.70762729644775
"Prince Rupert",52,2021,9,3.2117612361908
"Bulkley Valley",54,2021,9,2.6107006072998
"Prince George",57,2021,9,3.95536160469055
"Nicola-Similkameen",58,2021,9,3.5023832321167
"Peace River South",59,2021,9,3.52012395858765
"Rocky Mountain",6,2021,9,5.29201126098633
"Peace River North",60,2021,9,3.34978437423706
"Victoria",61,2021,9,5.63196277618408
"Sooke",62,2021,9,4.66488552093506
"Saanich",63,2021,9,4.80196285247803
"Gulf Islands",64,2021,9,4.1077938079834
"Nanaimo-Ladysmith",68,2021,9,4.3237566947937
"Qualicum",69,2021,9,4.63018941879272
"Pacific Rim",70,2021,9,3.55752348899841
"Comox Valley",71,2021,9,3.91541910171509
"Campbell River",72,2021,9,2.84084701538086
"Kamloops-Thompson",73,2021,9,4.22474956512451
"Gold Trail",74,2021,9,3.84173393249512
"Mission",75,2021,9,3.55463314056396
"Fraser-Cascade",78,2021,9,4.1722149848938
"Cowichan",79,2021,9,3.98811316490173
"Kootenay Lake",8,2021,9,6.68086528778076
"Fort Nelson",81,2021,9,4.26554012298584
"Coast Mountains",82,2021,9,2.23069930076599
"Okanagan-Shuswap",83,2021,9,5.4884819984436
"Vancouver Island West",84,2021,9,3.36922311782837
"Vancouver Island North",85,2021,9,3.05348706245422
"Stikine",87,2021,9,1.83074545860291
"Nechako Lakes",91,2021,9,2.87302827835083
"Nisgaa",92,2021,9,2.087815284729
"Central Coast",49,2021,9,2.98164010047913
"Okanagan-Skaha",67,2021,9,4.3633394241333
"Okanagan-Similkameen",53,2021,9,3.93652176856995
"Arrow Lakes",10,2021,10,4.41205406188965
"Revelstoke",19,2021,10,3.76325392723083
"Kootenay-Columbia",20,2021,10,4.67263793945312
"Vernon",22,2021,10,4.5987663269043
"Central Okanagan",23,2021,10,5.55580043792725
"Cariboo-Chilcotin",27,2021,10,4.3569016456604
"Quesnel",28,2021,10,6.09157848358154
"Chilliwack",33,2021,10,3.92912530899048
"Abbotsford",34,2021,10,4.26141738891602
"Langley",35,2021,10,4.40789937973022
"Surrey",36,2021,10,4.2542724609375
"Delta",37,2021,10,4.80562496185303
"Richmond",38,2021,10,4.82988405227661
"Vancouver",39,2021,10,4.60468721389771
"New Westminster",40,2021,10,3.16113972663879
"Burnaby",41,2021,10,3.11292099952698
"Maple-Ridge Pitt-Meadows",42,2021,10,2.57333588600159
"Coquitlam",43,2021,10,2.96021175384521
"North Vancouver",44,2021,10,2.80121564865112
"West Vancouver",45,2021,10,3.87062168121338
"Sunshine Coast",46,2021,10,3.4314649105072
"Powell RIver",47,2021,10,3.30970740318298
"Sea to Sky",48,2021,10,2.09302425384521
"South East Kootenay",5,2021,10,4.74701881408691
"Haida Gwaii",50,2021,10,3.72448825836182
"Boundary",51,2021,10,4.84554767608643
"Prince Rupert",52,2021,10,3.78141570091248
"Bulkley Valley",54,2021,10,3.30824446678162
"Prince George",57,2021,10,5.3558201789856
"Nicola-Similkameen",58,2021,10,3.89357662200928
"Peace River South",59,2021,10,4.7958517074585
"Rocky Mountain",6,2021,10,3.77632308006287
"Peace River North",60,2021,10,4.6716570854187
"Victoria",61,2021,10,5.40813446044922
"Sooke",62,2021,10,4.36322021484375
"Saanich",63,2021,10,5.59098958969116
"Gulf Islands",64,2021,10,5.60208892822266
"Nanaimo-Ladysmith",68,2021,10,4.40866708755493
"Qualicum",69,2021,10,4.564621925354
"Pacific Rim",70,2021,10,4.30704116821289
"Comox Valley",71,2021,10,3.97905468940735
"Campbell River",72,2021,10,3.16755795478821
"Kamloops-Thompson",73,2021,10,4.1089653968811
"Gold Trail",74,2021,10,3.52817535400391
"Mission",75,2021,10,2.76888060569763
"Fraser-Cascade",78,2021,10,3.08682584762573
"Cowichan",79,2021,10,4.1930980682373
"Kootenay Lake",8,2021,10,4.1482253074646
"Fort Nelson",81,2021,10,4.72967386245728
"Coast Mountains",82,2021,10,3.13212394714355
"Okanagan-Shuswap",83,2021,10,4.84822034835815
"Vancouver Island West",84,2021,10,4.06944131851196
"Vancouver Island North",85,2021,10,3.5573205947876
"Stikine",87,2021,10,2.79234051704407
"Nechako Lakes",91,2021,10,3.80675387382507
"Nisgaa",92,2021,10,3.19808769226074
"Central Coast",49,2021,10,3.29871153831482
"Okanagan-Skaha",67,2021,10,5.34334468841553
"Okanagan-Similkameen",53,2021,10,4.45758438110352
"Arrow Lakes",10,2021,11,5.81152868270874
"Revelstoke",19,2021,11,5.36643075942993
"Kootenay-Columbia",20,2021,11,5.77165508270264
"Vernon",22,2021,11,6.13430786132812
"Central Okanagan",23,2021,11,6.54300832748413
"Cariboo-Chilcotin",27,2021,11,5.05449390411377
"Quesnel",28,2021,11,5.44302654266357
"Chilliwack",33,2021,11,3.45811796188354
"Abbotsford",34,2021,11,4.00583171844482
"Langley",35,2021,11,4.13399028778076
"Surrey",36,2021,11,4.2317328453064
"Delta",37,2021,11,3.84450817108154
"Richmond",38,2021,11,3.63020396232605
"Vancouver",39,2021,11,3.52826404571533
"New Westminster",40,2021,11,4.36845254898071
"Burnaby",41,2021,11,4.14444828033447
"Maple-Ridge Pitt-Meadows",42,2021,11,2.58458685874939
"Coquitlam",43,2021,11,3.12125039100647
"North Vancouver",44,2021,11,3.09479284286499
"West Vancouver",45,2021,11,2.67771577835083
"Sunshine Coast",46,2021,11,2.81807899475098
"Powell RIver",47,2021,11,2.77814674377441
"Sea to Sky",48,2021,11,3.12771606445312
"South East Kootenay",5,2021,11,4.27890253067017
"Haida Gwaii",50,2021,11,2.56414747238159
"Boundary",51,2021,11,5.56688642501831
"Prince Rupert",52,2021,11,2.87361192703247
"Bulkley Valley",54,2021,11,3.98154020309448
"Prince George",57,2021,11,4.8877477645874
"Nicola-Similkameen",58,2021,11,5.1799054145813
"Peace River South",59,2021,11,5.40254068374634
"Rocky Mountain",6,2021,11,4.33673906326294
"Peace River North",60,2021,11,5.65337562561035
"Victoria",61,2021,11,3.97163009643555
"Sooke",62,2021,11,3.46037578582764
"Saanich",63,2021,11,4.13988924026489
"Gulf Islands",64,2021,11,4.02125310897827
"Nanaimo-Ladysmith",68,2021,11,3.66943264007568
"Qualicum",69,2021,11,3.7447624206543
"Pacific Rim",70,2021,11,3.66924929618835
"Comox Valley",71,2021,11,3.48495101928711
"Campbell River",72,2021,11,2.57126712799072
"Kamloops-Thompson",73,2021,11,5.50661087036133
"Gold Trail",74,2021,11,4.83236217498779
"Mission",75,2021,11,2.90781331062317
"Fraser-Cascade",78,2021,11,4.06584405899048
"Cowichan",79,2021,11,3.67098546028137
"Kootenay Lake",8,2021,11,4.88380098342896
"Fort Nelson",81,2021,11,5.51550054550171
"Coast Mountains",82,2021,11,2.86669301986694
"Okanagan-Shuswap",83,2021,11,6.55370092391968
"Vancouver Island West",84,2021,11,3.52455759048462
"Vancouver Island North",85,2021,11,2.83359026908875
"Stikine",87,2021,11,3.44065451622009
"Nechako Lakes",91,2021,11,4.811607837677
"Nisgaa",92,2021,11,3.08068990707397
"Central Coast",49,2021,11,2.49633264541626
"Okanagan-Skaha",67,2021,11,6.43486166000366
"Okanagan-Similkameen",53,2021,11,5.50679779052734
"Arrow Lakes",10,2021,12,6.19687271118164
"Revelstoke",19,2021,12,6.22193956375122
"Kootenay-Columbia",20,2021,12,6.09733247756958
"Vernon",22,2021,12,6.27848625183105
"Central Okanagan",23,2021,12,6.86596584320068
"Cariboo-Chilcotin",27,2021,12,5.89976596832275
"Quesnel",28,2021,12,6.16932106018066
"Chilliwack",33,2021,12,4.90519714355469
"Abbotsford",34,2021,12,4.27613878250122
"Langley",35,2021,12,4.43013334274292
"Surrey",36,2021,12,4.37508869171143
"Delta",37,2021,12,4.03028106689453
"Richmond",38,2021,12,3.78071141242981
"Vancouver",39,2021,12,3.81206059455872
"New Westminster",40,2021,12,4.51215696334839
"Burnaby",41,2021,12,4.50240755081177
"Maple-Ridge Pitt-Meadows",42,2021,12,3.82633376121521
"Coquitlam",43,2021,12,3.42968082427979
"North Vancouver",44,2021,12,3.53940844535828
"West Vancouver",45,2021,12,3.45909261703491
"Sunshine Coast",46,2021,12,3.99666428565979
"Powell RIver",47,2021,12,4.19263648986816
"Sea to Sky",48,2021,12,5.15269756317139
"South East Kootenay",5,2021,12,5.70769500732422
"Haida Gwaii",50,2021,12,3.09421348571777
"Boundary",51,2021,12,6.30877876281738
"Prince Rupert",52,2021,12,4.55461168289185
"Bulkley Valley",54,2021,12,5.94665622711182
"Prince George",57,2021,12,5.9569845199585
"Nicola-Similkameen",58,2021,12,6.71794605255127
"Peace River South",59,2021,12,5.22695922851562
"Rocky Mountain",6,2021,12,4.95497465133667
"Peace River North",60,2021,12,3.89549899101257
"Victoria",61,2021,12,4.31667757034302
"Sooke",62,2021,12,4.0018630027771
"Saanich",63,2021,12,4.68378257751465
"Gulf Islands",64,2021,12,4.28962516784668
"Nanaimo-Ladysmith",68,2021,12,4.28411149978638
"Qualicum",69,2021,12,4.28394460678101
"Pacific Rim",70,2021,12,4.28972291946411
"Comox Valley",71,2021,12,4.32551240921021
"Campbell River",72,2021,12,4.46818590164185
"Kamloops-Thompson",73,2021,12,6.05809545516968
"Gold Trail",74,2021,12,5.74921655654907
"Mission",75,2021,12,3.802241563797
"Fraser-Cascade",78,2021,12,5.95348882675171
"Cowichan",79,2021,12,4.30610418319702
"Kootenay Lake",8,2021,12,5.66633415222168
"Fort Nelson",81,2021,12,3.32319664955139
"Coast Mountains",82,2021,12,5.30430221557617
"Okanagan-Shuswap",83,2021,12,6.16425323486328
"Vancouver Island West",84,2021,12,4.39617824554443
"Vancouver Island North",85,2021,12,4.40012836456299
"Stikine",87,2021,12,3.76910138130188
"Nechako Lakes",91,2021,12,5.44105339050293
"Nisgaa",92,2021,12,6.11740255355835
"Central Coast",49,2021,12,4.52542304992676
"Okanagan-Skaha",67,2021,12,6.50289011001587
"Okanagan-Similkameen",53,2021,12,5.88683938980103
"Arrow Lakes",10,2022,1,5.48445510864258
"Revelstoke",19,2022,1,5.20071601867676
"Kootenay-Columbia",20,2022,1,5.86675596237183
"Vernon",22,2022,1,5.53067636489868
"Central Okanagan",23,2022,1,5.83093643188477
"Cariboo-Chilcotin",27,2022,1,4.67416477203369
"Quesnel",28,2022,1,5.38199710845947
"Chilliwack",33,2022,1,4.92412328720093
"Abbotsford",34,2022,1,5.5324182510376
"Langley",35,2022,1,4.37322950363159
"Surrey",36,2022,1,4.90761470794678
"Delta",37,2022,1,5.36760759353638
"Richmond",38,2022,1,5.22319507598877
"Vancouver",39,2022,1,5.29720592498779
"New Westminster",40,2022,1,5.31570386886597
"Burnaby",41,2022,1,4.90579414367676
"Maple-Ridge Pitt-Meadows",42,2022,1,3.70237874984741
"Coquitlam",43,2022,1,3.82589268684387
"North Vancouver",44,2022,1,3.55643057823181
"West Vancouver",45,2022,1,4.53794479370117
"Sunshine Coast",46,2022,1,4.34125852584839
"Powell RIver",47,2022,1,3.51151275634766
"Sea to Sky",48,2022,1,4.19721174240112
"South East Kootenay",5,2022,1,4.90354156494141
"Haida Gwaii",50,2022,1,2.85146260261536
"Boundary",51,2022,1,5.95749092102051
"Prince Rupert",52,2022,1,3.3325343132019
"Bulkley Valley",54,2022,1,4.58593320846558
"Prince George",57,2022,1,5.10730695724487
"Nicola-Similkameen",58,2022,1,4.94992208480835
"Peace River South",59,2022,1,4.81626462936401
"Rocky Mountain",6,2022,1,4.19793033599854
"Peace River North",60,2022,1,4.96156406402588
"Victoria",61,2022,1,4.79777193069458
"Sooke",62,2022,1,4.04448652267456
"Saanich",63,2022,1,4.9722318649292
"Gulf Islands",64,2022,1,4.83433294296265
"Nanaimo-Ladysmith",68,2022,1,4.65929079055786
"Qualicum",69,2022,1,4.673903465271
"Pacific Rim",70,2022,1,4.16431856155396
"Comox Valley",71,2022,1,4.04333257675171
"Campbell River",72,2022,1,3.56392884254456
"Kamloops-Thompson",73,2022,1,5.36620759963989
"Gold Trail",74,2022,1,4.5705885887146
"Mission",75,2022,1,4.08183526992798
"Fraser-Cascade",78,2022,1,4.80138206481934
"Cowichan",79,2022,1,3.91461610794067
"Kootenay Lake",8,2022,1,4.60358953475952
"Fort Nelson",81,2022,1,4.95819568634033
"Coast Mountains",82,2022,1,3.55801010131836
"Okanagan-Shuswap",83,2022,1,5.75944662094116
"Vancouver Island West",84,2022,1,4.39144372940063
"Vancouver Island North",85,2022,1,3.70042157173157
"Stikine",87,2022,1,3.49222493171692
"Nechako Lakes",91,2022,1,5.11884880065918
"Nisgaa",92,2022,1,3.75907301902771
"Central Coast",49,2022,1,3.00338625907898
"Okanagan-Skaha",67,2022,1,5.9683518409729
"Okanagan-Similkameen",53,2022,1,5.2382173538208
"Arrow Lakes",10,2022,2,4.48856449127197
"Revelstoke",19,2022,2,3.99705576896667
"Kootenay-Columbia",20,2022,2,5.79750061035156
"Vernon",22,2022,2,5.13175106048584
"Central Okanagan",23,2022,2,5.86775493621826
"Cariboo-Chilcotin",27,2022,2,3.98963594436646
"Quesnel",28,2022,2,4.2439866065979
"Chilliwack",33,2022,2,4.81722354888916
"Abbotsford",34,2022,2,5.72701978683472
"Langley",35,2022,2,5.65230560302734
"Surrey",36,2022,2,6.32900476455688
"Delta",37,2022,2,6.18893337249756
"Richmond",38,2022,2,5.85480356216431
"Vancouver",39,2022,2,5.7935357093811
"New Westminster",40,2022,2,6.67817449569702
"Burnaby",41,2022,2,6.3098292350769
"Maple-Ridge Pitt-Meadows",42,2022,2,4.08060932159424
"Coquitlam",43,2022,2,4.4808087348938
"North Vancouver",44,2022,2,4.59700107574463
"West Vancouver",45,2022,2,5.25248432159424
"Sunshine Coast",46,2022,2,5.27628517150879
"Powell RIver",47,2022,2,4.50997066497803
"Sea to Sky",48,2022,2,4.58542680740356
"South East Kootenay",5,2022,2,4.22839450836182
"Haida Gwaii",50,2022,2,3.60429430007935
"Boundary",51,2022,2,5.36646556854248
"Prince Rupert",52,2022,2,3.34537672996521
"Bulkley Valley",54,2022,2,3.61410593986511
"Prince George",57,2022,2,4.1370792388916
"Nicola-Similkameen",58,2022,2,4.6377420425415
"Peace River South",59,2022,2,4.14570808410645
"Rocky Mountain",6,2022,2,3.25797581672668
"Peace River North",60,2022,2,4.19674682617188
"Victoria",61,2022,2,5.52901792526245
"Sooke",62,2022,2,5.04098606109619
"Saanich",63,2022,2,5.86257743835449
"Gulf Islands",64,2022,2,5.71871423721313
"Nanaimo-Ladysmith",68,2022,2,5.95463800430298
"Qualicum",69,2022,2,5.34651279449463
"Pacific Rim",70,2022,2,5.1067419052124
"Comox Valley",71,2022,2,5.12376976013184
"Campbell River",72,2022,2,4.37613391876221
"Kamloops-Thompson",73,2022,2,4.80554723739624
"Gold Trail",74,2022,2,4.18800449371338
"Mission",75,2022,2,4.26164293289185
"Fraser-Cascade",78,2022,2,4.78552436828613
"Cowichan",79,2022,2,5.44412088394165
"Kootenay Lake",8,2022,2,3.89125657081604
"Fort Nelson",81,2022,2,4.56862640380859
"Coast Mountains",82,2022,2,3.33381247520447
"Okanagan-Shuswap",83,2022,2,5.61567831039429
"Vancouver Island West",84,2022,2,4.72243213653564
"Vancouver Island North",85,2022,2,4.3007926940918
"Stikine",87,2022,2,2.13637804985046
"Nechako Lakes",91,2022,2,3.89267611503601
"Nisgaa",92,2022,2,3.68051552772522
"Central Coast",49,2022,2,3.41462159156799
"Okanagan-Skaha",67,2022,2,5.45020961761475
"Okanagan-Similkameen",53,2022,2,4.51629400253296
"Arrow Lakes",10,2022,3,4.10345697402954
"Revelstoke",19,2022,3,3.79660248756409
"Kootenay-Columbia",20,2022,3,4.63126468658447
"Vernon",22,2022,3,4.17148351669312
"Central Okanagan",23,2022,3,4.21138381958008
"Cariboo-Chilcotin",27,2022,3,3.17652416229248
"Quesnel",28,2022,3,3.56679511070251
"Chilliwack",33,2022,3,3.93670248985291
"Abbotsford",34,2022,3,5.32399415969849
"Langley",35,2022,3,4.89541435241699
"Surrey",36,2022,3,5.16710662841797
"Delta",37,2022,3,4.63575839996338
"Richmond",38,2022,3,4.34615087509155
"Vancouver",39,2022,3,4.37445974349976
"New Westminster",40,2022,3,5.55767726898193
"Burnaby",41,2022,3,5.32322645187378
"Maple-Ridge Pitt-Meadows",42,2022,3,3.27230286598206
"Coquitlam",43,2022,3,3.26138019561768
"North Vancouver",44,2022,3,2.97256255149841
"West Vancouver",45,2022,3,3.49749231338501
"Sunshine Coast",46,2022,3,3.86729001998901
"Powell RIver",47,2022,3,3.23926830291748
"Sea to Sky",48,2022,3,2.74509239196777
"South East Kootenay",5,2022,3,3.55153870582581
"Haida Gwaii",50,2022,3,3.39049577713013
"Boundary",51,2022,3,3.64877343177795
"Prince Rupert",52,2022,3,3.14529156684875
"Bulkley Valley",54,2022,3,3.02351832389832
"Prince George",57,2022,3,3.93562197685242
"Nicola-Similkameen",58,2022,3,3.23476123809814
"Peace River South",59,2022,3,3.96018648147583
"Rocky Mountain",6,2022,3,2.95894527435303
"Peace River North",60,2022,3,3.75823545455933
"Victoria",61,2022,3,4.1442608833313
"Sooke",62,2022,3,3.33479237556458
"Saanich",63,2022,3,4.26380348205566
"Gulf Islands",64,2022,3,3.99610996246338
"Nanaimo-Ladysmith",68,2022,3,3.93653011322021
"Qualicum",69,2022,3,3.72805213928223
"Pacific Rim",70,2022,3,3.81179237365723
"Comox Valley",71,2022,3,3.2695791721344
"Campbell River",72,2022,3,3.01023817062378
"Kamloops-Thompson",73,2022,3,3.90940046310425
"Gold Trail",74,2022,3,3.18085765838623
"Mission",75,2022,3,3.46636033058167
"Fraser-Cascade",78,2022,3,3.47160673141479
"Cowichan",79,2022,3,3.60884571075439
"Kootenay Lake",8,2022,3,3.46736454963684
"Fort Nelson",81,2022,3,4.08482265472412
"Coast Mountains",82,2022,3,2.96050786972046
"Okanagan-Shuswap",83,2022,3,4.71505069732666
"Vancouver Island West",84,2022,3,4.07562637329102
"Vancouver Island North",85,2022,3,3.38243865966797
"Stikine",87,2022,3,2.32574152946472
"Nechako Lakes",91,2022,3,3.30554413795471
"Nisgaa",92,2022,3,3.02464032173157
"Central Coast",49,2022,3,2.90238165855408
"Okanagan-Skaha",67,2022,3,3.60493946075439
"Okanagan-Similkameen",53,2022,3,2.94924712181091
"Arrow Lakes",10,2022,4,3.12632179260254
"Revelstoke",19,2022,4,3.12774586677551
"Kootenay-Columbia",20,2022,4,3.24043464660645
"Vernon",22,2022,4,3.19855308532715
"Central Okanagan",23,2022,4,3.22625780105591
"Cariboo-Chilcotin",27,2022,4,3.0703239440918
"Quesnel",28,2022,4,3.34227228164673
"Chilliwack",33,2022,4,3.20868754386902
"Abbotsford",34,2022,4,4.30694484710693
"Langley",35,2022,4,4.45512628555298
"Surrey",36,2022,4,4.36960363388062
"Delta",37,2022,4,4.14746332168579
"Richmond",38,2022,4,3.89432573318481
"Vancouver",39,2022,4,3.72817730903625
"New Westminster",40,2022,4,3.99409532546997
"Burnaby",41,2022,4,4.07357788085938
"Maple-Ridge Pitt-Meadows",42,2022,4,2.97629022598267
"Coquitlam",43,2022,4,3.60965704917908
"North Vancouver",44,2022,4,3.73588228225708
"West Vancouver",45,2022,4,3.57566905021667
"Sunshine Coast",46,2022,4,3.48102211952209
"Powell RIver",47,2022,4,3.21257257461548
"Sea to Sky",48,2022,4,2.63003063201904
"South East Kootenay",5,2022,4,2.88599991798401
"Haida Gwaii",50,2022,4,2.41435289382935
"Boundary",51,2022,4,3.11501860618591
"Prince Rupert",52,2022,4,2.90226626396179
"Bulkley Valley",54,2022,4,3.33783054351807
"Prince George",57,2022,4,3.47209191322327
"Nicola-Similkameen",58,2022,4,3.02563214302063
"Peace River South",59,2022,4,3.21214079856873
"Rocky Mountain",6,2022,4,2.53655362129211
"Peace River North",60,2022,4,3.22997665405273
"Victoria",61,2022,4,2.96108651161194
"Sooke",62,2022,4,2.42507219314575
"Saanich",63,2022,4,3.0897388458252
"Gulf Islands",64,2022,4,3.33676218986511
"Nanaimo-Ladysmith",68,2022,4,3.29619479179382
"Qualicum",69,2022,4,3.33017539978027
"Pacific Rim",70,2022,4,3.13895440101624
"Comox Valley",71,2022,4,3.07762312889099
"Campbell River",72,2022,4,3.13586449623108
"Kamloops-Thompson",73,2022,4,3.34440636634827
"Gold Trail",74,2022,4,2.92639636993408
"Mission",75,2022,4,3.25660014152527
"Fraser-Cascade",78,2022,4,2.80780863761902
"Cowichan",79,2022,4,2.84451150894165
"Kootenay Lake",8,2022,4,2.88208770751953
"Fort Nelson",81,2022,4,4.04796504974365
"Coast Mountains",82,2022,4,3.40139389038086
"Okanagan-Shuswap",83,2022,4,3.55431652069092
"Vancouver Island West",84,2022,4,3.38430237770081
"Vancouver Island North",85,2022,4,3.18438506126404
"Stikine",87,2022,4,3.15739393234253
"Nechako Lakes",91,2022,4,3.46045875549316
"Nisgaa",92,2022,4,3.68841004371643
"Central Coast",49,2022,4,2.89562177658081
"Okanagan-Skaha",67,2022,4,3.18235898017883
"Okanagan-Similkameen",53,2022,4,2.8229820728302
"Arrow Lakes",10,2022,5,2.56413125991821
"Revelstoke",19,2022,5,2.90942144393921
"Kootenay-Columbia",20,2022,5,2.92663359642029
"Vernon",22,2022,5,2.94425010681152
"Central Okanagan",23,2022,5,3.88839316368103
"Cariboo-Chilcotin",27,2022,5,2.81526160240173
"Quesnel",28,2022,5,2.71115517616272
"Chilliwack",33,2022,5,2.94613575935364
"Abbotsford",34,2022,5,4.0836067199707
"Langley",35,2022,5,4.21400213241577
"Surrey",36,2022,5,4.11016941070557
"Delta",37,2022,5,4.04322385787964
"Richmond",38,2022,5,4.4332218170166
"Vancouver",39,2022,5,4.15932846069336
"New Westminster",40,2022,5,4.09530687332153
"Burnaby",41,2022,5,4.12357473373413
"Maple-Ridge Pitt-Meadows",42,2022,5,2.44865107536316
"Coquitlam",43,2022,5,3.11143279075623
"North Vancouver",44,2022,5,3.29342746734619
"West Vancouver",45,2022,5,3.52900385856628
"Sunshine Coast",46,2022,5,3.10297298431396
"Powell RIver",47,2022,5,2.9948148727417
"Sea to Sky",48,2022,5,2.5265531539917
"South East Kootenay",5,2022,5,2.5991952419281
"Haida Gwaii",50,2022,5,1.88892960548401
"Boundary",51,2022,5,3.14036273956299
"Prince Rupert",52,2022,5,2.06460475921631
"Bulkley Valley",54,2022,5,2.55710244178772
"Prince George",57,2022,5,2.81932544708252
"Nicola-Similkameen",58,2022,5,3.719886302948
"Peace River South",59,2022,5,2.67986798286438
"Rocky Mountain",6,2022,5,2.54684376716614
"Peace River North",60,2022,5,2.5021059513092
"Victoria",61,2022,5,3.38976883888245
"Sooke",62,2022,5,2.45480608940125
"Saanich",63,2022,5,3.30828237533569
"Gulf Islands",64,2022,5,3.73186731338501
"Nanaimo-Ladysmith",68,2022,5,3.16343307495117
"Qualicum",69,2022,5,3.22655153274536
"Pacific Rim",70,2022,5,2.37663841247559
"Comox Valley",71,2022,5,2.8757541179657
"Campbell River",72,2022,5,2.81601119041443
"Kamloops-Thompson",73,2022,5,3.1463782787323
"Gold Trail",74,2022,5,3.15254330635071
"Mission",75,2022,5,2.72659516334534
"Fraser-Cascade",78,2022,5,3.01459908485413
"Cowichan",79,2022,5,2.52953481674194
"Kootenay Lake",8,2022,5,2.35108184814453
"Fort Nelson",81,2022,5,2.79367351531982
"Coast Mountains",82,2022,5,2.81650042533875
"Okanagan-Shuswap",83,2022,5,3.28555965423584
"Vancouver Island West",84,2022,5,2.46110439300537
"Vancouver Island North",85,2022,5,2.52114629745483
"Stikine",87,2022,5,2.69715762138367
"Nechako Lakes",91,2022,5,2.50962805747986
"Nisgaa",92,2022,5,3.00600576400757
"Central Coast",49,2022,5,2.21012616157532
"Okanagan-Skaha",67,2022,5,3.90932369232178
"Okanagan-Similkameen",53,2022,5,3.48576045036316
"Arrow Lakes",10,2022,6,2.85889363288879
"Revelstoke",19,2022,6,2.53834462165833
"Kootenay-Columbia",20,2022,6,3.54755282402039
"Vernon",22,2022,6,3.2264564037323
"Central Okanagan",23,2022,6,3.62867856025696
"Cariboo-Chilcotin",27,2022,6,2.98236632347107
"Quesnel",28,2022,6,3.48189926147461
"Chilliwack",33,2022,6,3.5736141204834
"Abbotsford",34,2022,6,4.31193256378174
"Langley",35,2022,6,4.35587501525879
"Surrey",36,2022,6,4.05962944030762
"Delta",37,2022,6,3.81189441680908
"Richmond",38,2022,6,3.68799686431885
"Vancouver",39,2022,6,3.41854381561279
"New Westminster",40,2022,6,4.59243869781494
"Burnaby",41,2022,6,4.50694799423218
"Maple-Ridge Pitt-Meadows",42,2022,6,3.38652563095093
"Coquitlam",43,2022,6,4.05213212966919
"North Vancouver",44,2022,6,3.9934139251709
"West Vancouver",45,2022,6,3.39602828025818
"Sunshine Coast",46,2022,6,2.8355233669281
"Powell RIver",47,2022,6,2.49054670333862
"Sea to Sky",48,2022,6,2.38265585899353
"South East Kootenay",5,2022,6,2.51801824569702
"Haida Gwaii",50,2022,6,3.43108606338501
"Boundary",51,2022,6,3.82647037506104
"Prince Rupert",52,2022,6,2.72296094894409
"Bulkley Valley",54,2022,6,3.40389037132263
"Prince George",57,2022,6,3.38272476196289
"Nicola-Similkameen",58,2022,6,3.23564314842224
"Peace River South",59,2022,6,4.21399021148682
"Rocky Mountain",6,2022,6,2.38757991790771
"Peace River North",60,2022,6,4.3077130317688
"Victoria",61,2022,6,3.11798739433289
"Sooke",62,2022,6,2.59249567985535
"Saanich",63,2022,6,3.30545330047607
"Gulf Islands",64,2022,6,3.15366959571838
"Nanaimo-Ladysmith",68,2022,6,2.69025754928589
"Qualicum",69,2022,6,2.68446922302246
"Pacific Rim",70,2022,6,2.60128569602966
"Comox Valley",71,2022,6,2.60265731811523
"Campbell River",72,2022,6,2.50368142127991
"Kamloops-Thompson",73,2022,6,3.01441788673401
"Gold Trail",74,2022,6,2.85942554473877
"Mission",75,2022,6,3.73485112190247
"Fraser-Cascade",78,2022,6,3.28850483894348
"Cowichan",79,2022,6,2.67680215835571
"Kootenay Lake",8,2022,6,2.68902468681335
"Fort Nelson",81,2022,6,5.595778465271
"Coast Mountains",82,2022,6,3.25576424598694
"Okanagan-Shuswap",83,2022,6,3.25439190864563
"Vancouver Island West",84,2022,6,2.88382983207703
"Vancouver Island North",85,2022,6,2.81573271751404
"Stikine",87,2022,6,3.95333027839661
"Nechako Lakes",91,2022,6,2.91325902938843
"Nisgaa",92,2022,6,3.09658479690552
"Central Coast",49,2022,6,2.57646512985229
"Okanagan-Skaha",67,2022,6,3.87149834632874
"Okanagan-Similkameen",53,2022,6,3.58607769012451
"Arrow Lakes",10,2022,7,5.4388222694397
"Revelstoke",19,2022,7,5.42224645614624
"Kootenay-Columbia",20,2022,7,5.71762609481812
"Vernon",22,2022,7,5.69045162200928
"Central Okanagan",23,2022,7,5.45577430725098
"Cariboo-Chilcotin",27,2022,7,4.53565502166748
"Quesnel",28,2022,7,5.3077130317688
"Chilliwack",33,2022,7,4.71049547195435
"Abbotsford",34,2022,7,5.89298725128174
"Langley",35,2022,7,5.42064142227173
"Surrey",36,2022,7,6.19990491867065
"Delta",37,2022,7,5.63459157943726
"Richmond",38,2022,7,5.28955554962158
"Vancouver",39,2022,7,5.06889295578003
"New Westminster",40,2022,7,7.24674129486084
"Burnaby",41,2022,7,7.16343116760254
"Maple-Ridge Pitt-Meadows",42,2022,7,4.98163938522339
"Coquitlam",43,2022,7,4.76192140579224
"North Vancouver",44,2022,7,4.42520475387573
"West Vancouver",45,2022,7,4.11941862106323
"Sunshine Coast",46,2022,7,3.58026695251465
"Powell RIver",47,2022,7,3.10139441490173
"Sea to Sky",48,2022,7,3.83470845222473
"South East Kootenay",5,2022,7,4.15990352630615
"Haida Gwaii",50,2022,7,2.35574460029602
"Boundary",51,2022,7,5.60449504852295
"Prince Rupert",52,2022,7,1.88861441612244
"Bulkley Valley",54,2022,7,4.22659254074097
"Prince George",57,2022,7,5.13698387145996
"Nicola-Similkameen",58,2022,7,4.56080913543701
"Peace River South",59,2022,7,5.72063827514648
"Rocky Mountain",6,2022,7,4.16938972473145
"Peace River North",60,2022,7,7.89956569671631
"Victoria",61,2022,7,3.6128261089325
"Sooke",62,2022,7,2.83024168014526
"Saanich",63,2022,7,3.59054899215698
"Gulf Islands",64,2022,7,3.74530720710754
"Nanaimo-Ladysmith",68,2022,7,3.06749153137207
"Qualicum",69,2022,7,2.94130635261536
"Pacific Rim",70,2022,7,2.89070105552673
"Comox Valley",71,2022,7,3.00459146499634
"Campbell River",72,2022,7,2.93656539916992
"Kamloops-Thompson",73,2022,7,5.75314378738403
"Gold Trail",74,2022,7,5.02955675125122
"Mission",75,2022,7,4.59815883636475
"Fraser-Cascade",78,2022,7,4.38086938858032
"Cowichan",79,2022,7,2.71356058120728
"Kootenay Lake",8,2022,7,4.89317417144775
"Fort Nelson",81,2022,7,20.7824096679688
"Coast Mountains",82,2022,7,2.93395495414734
"Okanagan-Shuswap",83,2022,7,6.30928325653076
"Vancouver Island West",84,2022,7,2.91718769073486
"Vancouver Island North",85,2022,7,2.83567214012146
"Stikine",87,2022,7,5.48762941360474
"Nechako Lakes",91,2022,7,4.03291654586792
"Nisgaa",92,2022,7,2.83106517791748
"Central Coast",49,2022,7,2.75900721549988
"Okanagan-Skaha",67,2022,7,5.78381776809692
"Okanagan-Similkameen",53,2022,7,5.34384155273438
"Arrow Lakes",10,2022,8,6.52595853805542
"Revelstoke",19,2022,8,7.56880235671997
"Kootenay-Columbia",20,2022,8,7.32529306411743
"Vernon",22,2022,8,5.71021366119385
"Central Okanagan",23,2022,8,8.36232566833496
"Cariboo-Chilcotin",27,2022,8,5.28020143508911
"Quesnel",28,2022,8,5.75208425521851
"Chilliwack",33,2022,8,7.06337404251099
"Abbotsford",34,2022,8,7.94611406326294
"Langley",35,2022,8,6.55728673934937
"Surrey",36,2022,8,5.72766876220703
"Delta",37,2022,8,5.44829082489014
"Richmond",38,2022,8,5.9537091255188
"Vancouver",39,2022,8,6.06912994384766
"New Westminster",40,2022,8,7.33141708374023
"Burnaby",41,2022,8,7.53866004943848
"Maple-Ridge Pitt-Meadows",42,2022,8,5.74494171142578
"Coquitlam",43,2022,8,4.79399538040161
"North Vancouver",44,2022,8,4.20986986160278
"West Vancouver",45,2022,8,4.4794979095459
"Sunshine Coast",46,2022,8,4.43912124633789
"Powell RIver",47,2022,8,4.05922031402588
"Sea to Sky",48,2022,8,5.63755655288696
"South East Kootenay",5,2022,8,8.45112705230713
"Haida Gwaii",50,2022,8,2.63958716392517
"Boundary",51,2022,8,6.84745979309082
"Prince Rupert",52,2022,8,2.59172129631042
"Bulkley Valley",54,2022,8,3.52849555015564
"Prince George",57,2022,8,5.6396164894104
"Nicola-Similkameen",58,2022,8,7.10614585876465
"Peace River South",59,2022,8,6.11206340789795
"Rocky Mountain",6,2022,8,8.15064811706543
"Peace River North",60,2022,8,6.00311326980591
"Victoria",61,2022,8,4.5795202255249
"Sooke",62,2022,8,3.53275942802429
"Saanich",63,2022,8,4.80695962905884
"Gulf Islands",64,2022,8,5.09253931045532
"Nanaimo-Ladysmith",68,2022,8,3.69929552078247
"Qualicum",69,2022,8,3.47092294692993
"Pacific Rim",70,2022,8,3.40765500068665
"Comox Valley",71,2022,8,3.37927341461182
"Campbell River",72,2022,8,3.83237385749817
"Kamloops-Thompson",73,2022,8,6.47408580780029
"Gold Trail",74,2022,8,7.8515419960022
"Mission",75,2022,8,6.33136463165283
"Fraser-Cascade",78,2022,8,10.7281713485718
"Cowichan",79,2022,8,3.36579084396362
"Kootenay Lake",8,2022,8,7.02607345581055
"Fort Nelson",81,2022,8,6.50435543060303
"Coast Mountains",82,2022,8,3.18490362167358
"Okanagan-Shuswap",83,2022,8,7.71404075622559
"Vancouver Island West",84,2022,8,3.45928883552551
"Vancouver Island North",85,2022,8,3.24954771995544
"Stikine",87,2022,8,4.04856443405151
"Nechako Lakes",91,2022,8,4.1020359992981
"Nisgaa",92,2022,8,3.0747389793396
"Central Coast",49,2022,8,3.13481569290161
"Okanagan-Skaha",67,2022,8,16.538158416748
"Okanagan-Similkameen",53,2022,8,13.3430233001709
"Arrow Lakes",10,2022,9,8.93722629547119
"Revelstoke",19,2022,9,9.6851053237915
"Kootenay-Columbia",20,2022,9,13.5946435928345
"Vernon",22,2022,9,7.32622480392456
"Central Okanagan",23,2022,9,7.40842247009277
"Cariboo-Chilcotin",27,2022,9,7.28189134597778
"Quesnel",28,2022,9,6.80188894271851
"Chilliwack",33,2022,9,25.7245712280273
"Abbotsford",34,2022,9,7.54810667037964
"Langley",35,2022,9,5.76249980926514
"Surrey",36,2022,9,4.92244577407837
"Delta",37,2022,9,5.99094104766846
"Richmond",38,2022,9,6.18610954284668
"Vancouver",39,2022,9,6.87637042999268
"New Westminster",40,2022,9,7.77851295471191
"Burnaby",41,2022,9,6.29191732406616
"Maple-Ridge Pitt-Meadows",42,2022,9,11.7423315048218
"Coquitlam",43,2022,9,8.81779193878174
"North Vancouver",44,2022,9,8.68056678771973
"West Vancouver",45,2022,9,7.59945631027222
"Sunshine Coast",46,2022,9,6.52099752426147
"Powell RIver",47,2022,9,6.07517957687378
"Sea to Sky",48,2022,9,10.7332220077515
"South East Kootenay",5,2022,9,16.1128787994385
"Haida Gwaii",50,2022,9,2.57363057136536
"Boundary",51,2022,9,8.03528308868408
"Prince Rupert",52,2022,9,2.76745462417603
"Bulkley Valley",54,2022,9,4.82355642318726
"Prince George",57,2022,9,7.80070829391479
"Nicola-Similkameen",58,2022,9,16.3301944732666
"Peace River South",59,2022,9,11.5612773895264
"Rocky Mountain",6,2022,9,11.0837440490723
"Peace River North",60,2022,9,12.4487476348877
"Victoria",61,2022,9,4.26874351501465
"Sooke",62,2022,9,4.36377954483032
"Saanich",63,2022,9,5.13956642150879
"Gulf Islands",64,2022,9,5.26699113845825
"Nanaimo-Ladysmith",68,2022,9,5.1896653175354
"Qualicum",69,2022,9,5.07183933258057
"Pacific Rim",70,2022,9,4.4202823638916
"Comox Valley",71,2022,9,5.21697282791138
"Campbell River",72,2022,9,6.01331186294556
"Kamloops-Thompson",73,2022,9,7.23352909088135
"Gold Trail",74,2022,9,18.083080291748
"Mission",75,2022,9,12.4289321899414
"Fraser-Cascade",78,2022,9,24.0602550506592
"Cowichan",79,2022,9,4.78941917419434
"Kootenay Lake",8,2022,9,19.0800971984863
"Fort Nelson",81,2022,9,5.56159925460815
"Coast Mountains",82,2022,9,3.38158702850342
"Okanagan-Shuswap",83,2022,9,7.44005632400513
"Vancouver Island West",84,2022,9,5.18885469436646
"Vancouver Island North",85,2022,9,4.97822046279907
"Stikine",87,2022,9,2.47640156745911
"Nechako Lakes",91,2022,9,4.50338792800903
"Nisgaa",92,2022,9,3.30471801757812
"Central Coast",49,2022,9,4.2343692779541
"Okanagan-Skaha",67,2022,9,9.49097537994385
"Okanagan-Similkameen",53,2022,9,20.9511432647705
"Arrow Lakes",10,2022,10,7.88258075714111
"Revelstoke",19,2022,10,6.35510158538818
"Kootenay-Columbia",20,2022,10,8.86054801940918
"Vernon",22,2022,10,9.38639354705811
"Central Okanagan",23,2022,10,11.2723989486694
"Cariboo-Chilcotin",27,2022,10,4.51986980438232
"Quesnel",28,2022,10,3.73795509338379
"Chilliwack",33,2022,10,26.0517387390137
"Abbotsford",34,2022,10,18.251443862915
"Langley",35,2022,10,18.35595703125
"Surrey",36,2022,10,16.5128536224365
"Delta",37,2022,10,10.792311668396
"Richmond",38,2022,10,7.32685518264771
"Vancouver",39,2022,10,7.20700263977051
"New Westminster",40,2022,10,13.5302572250366
"Burnaby",41,2022,10,11.8889389038086
"Maple-Ridge Pitt-Meadows",42,2022,10,9.44435596466064
"Coquitlam",43,2022,10,9.42546463012695
"North Vancouver",44,2022,10,7.70758581161499
"West Vancouver",45,2022,10,5.94443273544312
"Sunshine Coast",46,2022,10,6.01165866851807
"Powell RIver",47,2022,10,5.45436859130859
"Sea to Sky",48,2022,10,6.83644485473633
"South East Kootenay",5,2022,10,7.43070316314697
"Haida Gwaii",50,2022,10,2.04113411903381
"Boundary",51,2022,10,8.82269382476807
"Prince Rupert",52,2022,10,2.61231017112732
"Bulkley Valley",54,2022,10,2.42453742027283
"Prince George",57,2022,10,3.83610939979553
"Nicola-Similkameen",58,2022,10,14.1145486831665
"Peace River South",59,2022,10,5.50959777832031
"Rocky Mountain",6,2022,10,6.24535274505615
"Peace River North",60,2022,10,6.7993803024292
"Victoria",61,2022,10,5.38989543914795
"Sooke",62,2022,10,5.52430295944214
"Saanich",63,2022,10,6.2505202293396
"Gulf Islands",64,2022,10,6.34188842773438
"Nanaimo-Ladysmith",68,2022,10,5.14230728149414
"Qualicum",69,2022,10,5.41717624664307
"Pacific Rim",70,2022,10,5.08597993850708
"Comox Valley",71,2022,10,4.75468635559082
"Campbell River",72,2022,10,4.17218446731567
"Kamloops-Thompson",73,2022,10,6.87186908721924
"Gold Trail",74,2022,10,8.84306526184082
"Mission",75,2022,10,12.7989721298218
"Fraser-Cascade",78,2022,10,14.3169326782227
"Cowichan",79,2022,10,5.33853101730347
"Kootenay Lake",8,2022,10,8.08261108398438
"Fort Nelson",81,2022,10,6.5715856552124
"Coast Mountains",82,2022,10,2.29297971725464
"Okanagan-Shuswap",83,2022,10,8.79874515533447
"Vancouver Island West",84,2022,10,4.22827911376953
"Vancouver Island North",85,2022,10,3.17250561714172
"Stikine",87,2022,10,1.98852109909058
"Nechako Lakes",91,2022,10,2.5304102897644
"Nisgaa",92,2022,10,2.72524833679199
"Central Coast",49,2022,10,2.25312852859497
"Okanagan-Skaha",67,2022,10,11.4745655059814
"Okanagan-Similkameen",53,2022,10,11.8142690658569
"Arrow Lakes",10,2022,11,6.75452566146851
"Revelstoke",19,2022,11,6.13344812393188
"Kootenay-Columbia",20,2022,11,7.27689790725708
"Vernon",22,2022,11,6.88208818435669
"Central Okanagan",23,2022,11,7.09652757644653
"Cariboo-Chilcotin",27,2022,11,6.38109016418457
"Quesnel",28,2022,11,7.43868827819824
"Chilliwack",33,2022,11,6.72325086593628
"Abbotsford",34,2022,11,7.93520402908325
"Langley",35,2022,11,7.81187772750854
"Surrey",36,2022,11,7.54545116424561
"Delta",37,2022,11,7.17471075057983
"Richmond",38,2022,11,6.88184976577759
"Vancouver",39,2022,11,6.75106143951416
"New Westminster",40,2022,11,7.34962129592896
"Burnaby",41,2022,11,7.14866256713867
"Maple-Ridge Pitt-Meadows",42,2022,11,6.49544095993042
"Coquitlam",43,2022,11,6.84395790100098
"North Vancouver",44,2022,11,6.57772636413574
"West Vancouver",45,2022,11,6.16596460342407
"Sunshine Coast",46,2022,11,5.91589975357056
"Powell RIver",47,2022,11,4.90319204330444
"Sea to Sky",48,2022,11,5.59535646438599
"South East Kootenay",5,2022,11,5.48699569702148
"Haida Gwaii",50,2022,11,2.3832905292511
"Boundary",51,2022,11,6.73900890350342
"Prince Rupert",52,2022,11,3.63013911247253
"Bulkley Valley",54,2022,11,5.47956514358521
"Prince George",57,2022,11,6.47399044036865
"Nicola-Similkameen",58,2022,11,6.53462076187134
"Peace River South",59,2022,11,5.58225393295288
"Rocky Mountain",6,2022,11,4.83095359802246
"Peace River North",60,2022,11,5.0019268989563
"Victoria",61,2022,11,5.46526908874512
"Sooke",62,2022,11,5.62106561660767
"Saanich",63,2022,11,5.63613557815552
"Gulf Islands",64,2022,11,5.37150526046753
"Nanaimo-Ladysmith",68,2022,11,6.23631954193115
"Qualicum",69,2022,11,6.20598840713501
"Pacific Rim",70,2022,11,5.53540468215942
"Comox Valley",71,2022,11,6.04754543304443
"Campbell River",72,2022,11,4.79316568374634
"Kamloops-Thompson",73,2022,11,6.77495002746582
"Gold Trail",74,2022,11,5.80890035629272
"Mission",75,2022,11,6.95586729049683
"Fraser-Cascade",78,2022,11,6.51040840148926
"Cowichan",79,2022,11,6.07754802703857
"Kootenay Lake",8,2022,11,5.87967681884766
"Fort Nelson",81,2022,11,4.94880533218384
"Coast Mountains",82,2022,11,4.60389232635498
"Okanagan-Shuswap",83,2022,11,7.37155485153198
"Vancouver Island West",84,2022,11,4.616042137146
"Vancouver Island North",85,2022,11,4.27156829833984
"Stikine",87,2022,11,3.93467617034912
"Nechako Lakes",91,2022,11,6.27220821380615
"Nisgaa",92,2022,11,4.91757440567017
"Central Coast",49,2022,11,4.18838405609131
"Okanagan-Skaha",67,2022,11,6.63852691650391
"Okanagan-Similkameen",53,2022,11,6.29387474060059
"Arrow Lakes",10,2022,12,6.72646427154541
"Revelstoke",19,2022,12,6.21811437606812
"Kootenay-Columbia",20,2022,12,6.93246650695801
"Vernon",22,2022,12,6.9946346282959
"Central Okanagan",23,2022,12,7.31930637359619
"Cariboo-Chilcotin",27,2022,12,6.63452482223511
"Quesnel",28,2022,12,7.04924869537354
"Chilliwack",33,2022,12,5.83714580535889
"Abbotsford",34,2022,12,5.93629312515259
"Langley",35,2022,12,5.4227089881897
"Surrey",36,2022,12,5.28784465789795
"Delta",37,2022,12,4.8928279876709
"Richmond",38,2022,12,4.35072422027588
"Vancouver",39,2022,12,4.23190355300903
"New Westminster",40,2022,12,4.89361667633057
"Burnaby",41,2022,12,4.70309925079346
"Maple-Ridge Pitt-Meadows",42,2022,12,3.22723579406738
"Coquitlam",43,2022,12,3.45971250534058
"North Vancouver",44,2022,12,3.36091256141663
"West Vancouver",45,2022,12,3.63196969032288
"Sunshine Coast",46,2022,12,4.407310962677
"Powell RIver",47,2022,12,4.38305997848511
"Sea to Sky",48,2022,12,4.20987987518311
"South East Kootenay",5,2022,12,5.31072330474854
"Haida Gwaii",50,2022,12,2.07028365135193
"Boundary",51,2022,12,7.08333444595337
"Prince Rupert",52,2022,12,3.84002876281738
"Bulkley Valley",54,2022,12,6.66008520126343
"Prince George",57,2022,12,6.53724193572998
"Nicola-Similkameen",58,2022,12,6.11547994613647
"Peace River South",59,2022,12,6.2675142288208
"Rocky Mountain",6,2022,12,4.99106359481812
"Peace River North",60,2022,12,5.46858692169189
"Victoria",61,2022,12,3.79240798950195
"Sooke",62,2022,12,3.67299842834473
"Saanich",63,2022,12,4.40978145599365
"Gulf Islands",64,2022,12,4.19462728500366
"Nanaimo-Ladysmith",68,2022,12,4.60260009765625
"Qualicum",69,2022,12,4.24496507644653
"Pacific Rim",70,2022,12,3.97729015350342
"Comox Valley",71,2022,12,4.24094438552856
"Campbell River",72,2022,12,4.64377403259277
"Kamloops-Thompson",73,2022,12,6.81575965881348
"Gold Trail",74,2022,12,5.5196328163147
"Mission",75,2022,12,4.05789279937744
"Fraser-Cascade",78,2022,12,5.11032438278198
"Cowichan",79,2022,12,4.35414934158325
"Kootenay Lake",8,2022,12,5.55341958999634
"Fort Nelson",81,2022,12,4.93852472305298
"Coast Mountains",82,2022,12,5.48994731903076
"Okanagan-Shuswap",83,2022,12,7.47016191482544
"Vancouver Island West",84,2022,12,4.13447999954224
"Vancouver Island North",85,2022,12,4.59598922729492
"Stikine",87,2022,12,4.17744874954224
"Nechako Lakes",91,2022,12,6.48852300643921
"Nisgaa",92,2022,12,6.42929744720459
"Central Coast",49,2022,12,4.72391700744629
"Okanagan-Skaha",67,2022,12,7.15681648254395
"Okanagan-Similkameen",53,2022,12,6.06814050674438
"Arrow Lakes",10,2023,1,7.16116142272949
"Revelstoke",19,2023,1,6.27180337905884
"Kootenay-Columbia",20,2023,1,6.91204595565796
"Vernon",22,2023,1,7.66051816940308
"Central Okanagan",23,2023,1,8.39845943450928
"Cariboo-Chilcotin",27,2023,1,6.33051156997681
"Quesnel",28,2023,1,6.52966785430908
"Chilliwack",33,2023,1,4.63618421554565
"Abbotsford",34,2023,1,4.80146598815918
"Langley",35,2023,1,5.00604724884033
"Surrey",36,2023,1,4.83179712295532
"Delta",37,2023,1,3.75285458564758
"Richmond",38,2023,1,3.48638558387756
"Vancouver",39,2023,1,3.57731223106384
"New Westminster",40,2023,1,4.90872526168823
"Burnaby",41,2023,1,4.70266914367676
"Maple-Ridge Pitt-Meadows",42,2023,1,3.03717303276062
"Coquitlam",43,2023,1,3.21522235870361
"North Vancouver",44,2023,1,3.28377628326416
"West Vancouver",45,2023,1,2.84122586250305
"Sunshine Coast",46,2023,1,3.78558278083801
"Powell RIver",47,2023,1,4.0878438949585
"Sea to Sky",48,2023,1,5.25087738037109
"South East Kootenay",5,2023,1,6.6978964805603
"Haida Gwaii",50,2023,1,2.70064330101013
"Boundary",51,2023,1,6.68731355667114
"Prince Rupert",52,2023,1,2.49543952941895
"Bulkley Valley",54,2023,1,6.41921424865723
"Prince George",57,2023,1,5.99504947662354
"Nicola-Similkameen",58,2023,1,7.21106672286987
"Peace River South",59,2023,1,5.38166999816895
"Rocky Mountain",6,2023,1,5.58110666275024
"Peace River North",60,2023,1,6.15732622146606
"Victoria",61,2023,1,3.61676573753357
"Sooke",62,2023,1,3.84306669235229
"Saanich",63,2023,1,3.67663383483887
"Gulf Islands",64,2023,1,2.97701168060303
"Nanaimo-Ladysmith",68,2023,1,3.49481105804443
"Qualicum",69,2023,1,3.19916486740112
"Pacific Rim",70,2023,1,3.86811923980713
"Comox Valley",71,2023,1,3.48814916610718
"Campbell River",72,2023,1,4.04472017288208
"Kamloops-Thompson",73,2023,1,6.83126211166382
"Gold Trail",74,2023,1,6.82889842987061
"Mission",75,2023,1,3.11066579818726
"Fraser-Cascade",78,2023,1,5.08223485946655
"Cowichan",79,2023,1,3.83045220375061
"Kootenay Lake",8,2023,1,6.58795070648193
"Fort Nelson",81,2023,1,6.0767879486084
"Coast Mountains",82,2023,1,4.88562631607056
"Okanagan-Shuswap",83,2023,1,7.63043689727783
"Vancouver Island West",84,2023,1,3.66468071937561
"Vancouver Island North",85,2023,1,3.63636684417725
"Stikine",87,2023,1,4.97470235824585
"Nechako Lakes",91,2023,1,6.43293857574463
"Nisgaa",92,2023,1,5.31618595123291
"Central Coast",49,2023,1,3.73727345466614
"Okanagan-Skaha",67,2023,1,7.57474040985107
"Okanagan-Similkameen",53,2023,1,6.77791452407837
"Arrow Lakes",10,2023,2,6.53671598434448
"Revelstoke",19,2023,2,5.94547367095947
"Kootenay-Columbia",20,2023,2,7.39712333679199
"Vernon",22,2023,2,7.02953767776489
"Central Okanagan",23,2023,2,7.38497161865234
"Cariboo-Chilcotin",27,2023,2,6.06999778747559
"Quesnel",28,2023,2,6.35333585739136
"Chilliwack",33,2023,2,4.4094123840332
"Abbotsford",34,2023,2,4.42805814743042
"Langley",35,2023,2,4.82987260818481
"Surrey",36,2023,2,4.70072460174561
"Delta",37,2023,2,4.27063894271851
"Richmond",38,2023,2,4.1461968421936
"Vancouver",39,2023,2,4.06287288665771
"New Westminster",40,2023,2,4.6526050567627
"Burnaby",41,2023,2,4.58125352859497
"Maple-Ridge Pitt-Meadows",42,2023,2,2.47469115257263
"Coquitlam",43,2023,2,2.96823120117188
"North Vancouver",44,2023,2,3.17168116569519
"West Vancouver",45,2023,2,3.40680694580078
"Sunshine Coast",46,2023,2,3.912593126297
"Powell RIver",47,2023,2,4.22272634506226
"Sea to Sky",48,2023,2,4.7104697227478
"South East Kootenay",5,2023,2,5.26612043380737
"Haida Gwaii",50,2023,2,4.21330404281616
"Boundary",51,2023,2,7.06792879104614
"Prince Rupert",52,2023,2,3.40338635444641
"Bulkley Valley",54,2023,2,6.50458240509033
"Prince George",57,2023,2,6.21777629852295
"Nicola-Similkameen",58,2023,2,6.11153221130371
"Peace River South",59,2023,2,6.30353116989136
"Rocky Mountain",6,2023,2,4.79483270645142
"Peace River North",60,2023,2,7.08085632324219
"Victoria",61,2023,2,4.8732442855835
"Sooke",62,2023,2,4.217698097229
"Saanich",63,2023,2,4.99478912353516
"Gulf Islands",64,2023,2,4.71328401565552
"Nanaimo-Ladysmith",68,2023,2,5.15916013717651
"Qualicum",69,2023,2,4.66880178451538
"Pacific Rim",70,2023,2,4.25129270553589
"Comox Valley",71,2023,2,4.80714702606201
"Campbell River",72,2023,2,4.26676607131958
"Kamloops-Thompson",73,2023,2,6.74433898925781
"Gold Trail",74,2023,2,5.97632837295532
"Mission",75,2023,2,2.6196072101593
"Fraser-Cascade",78,2023,2,4.8377423286438
"Cowichan",79,2023,2,4.78293418884277
"Kootenay Lake",8,2023,2,6.0792989730835
"Fort Nelson",81,2023,2,5.60354328155518
"Coast Mountains",82,2023,2,5.46361017227173
"Okanagan-Shuswap",83,2023,2,7.39913845062256
"Vancouver Island West",84,2023,2,4.16266632080078
"Vancouver Island North",85,2023,2,4.03148651123047
"Stikine",87,2023,2,5.08048963546753
"Nechako Lakes",91,2023,2,6.75438356399536
"Nisgaa",92,2023,2,5.45618057250977
"Central Coast",49,2023,2,4.09805822372437
"Okanagan-Skaha",67,2023,2,7.19307613372803
"Okanagan-Similkameen",53,2023,2,6.14267635345459
"Arrow Lakes",10,2023,3,6.42876386642456
"Revelstoke",19,2023,3,5.80447387695312
"Kootenay-Columbia",20,2023,3,6.55180835723877
"Vernon",22,2023,3,7.14550542831421
"Central Okanagan",23,2023,3,7.65648508071899
"Cariboo-Chilcotin",27,2023,3,6.34108877182007
"Quesnel",28,2023,3,7.07729768753052
"Chilliwack",33,2023,3,5.72963428497314
"Abbotsford",34,2023,3,5.70585775375366
"Langley",35,2023,3,5.81594276428223
"Surrey",36,2023,3,5.53478288650513
"Delta",37,2023,3,4.88784837722778
"Richmond",38,2023,3,4.70930099487305
"Vancouver",39,2023,3,4.68899822235107
"New Westminster",40,2023,3,5.64004278182983
"Burnaby",41,2023,3,5.47946310043335
"Maple-Ridge Pitt-Meadows",42,2023,3,4.54270124435425
"Coquitlam",43,2023,3,4.4896183013916
"North Vancouver",44,2023,3,4.51910209655762
"West Vancouver",45,2023,3,4.41131734848022
"Sunshine Coast",46,2023,3,4.99600601196289
"Powell RIver",47,2023,3,4.46605491638184
"Sea to Sky",48,2023,3,5.34348249435425
"South East Kootenay",5,2023,3,5.51736545562744
"Haida Gwaii",50,2023,3,3.30371141433716
"Boundary",51,2023,3,6.62485551834106
"Prince Rupert",52,2023,3,3.94439959526062
"Bulkley Valley",54,2023,3,7.23498296737671
"Prince George",57,2023,3,6.97785091400146
"Nicola-Similkameen",58,2023,3,6.48235893249512
"Peace River South",59,2023,3,7.27978420257568
"Rocky Mountain",6,2023,3,4.93711709976196
"Peace River North",60,2023,3,6.47187232971191
"Victoria",61,2023,3,4.71341848373413
"Sooke",62,2023,3,4.31288242340088
"Saanich",63,2023,3,4.84993648529053
"Gulf Islands",64,2023,3,4.4678168296814
"Nanaimo-Ladysmith",68,2023,3,5.1528205871582
"Qualicum",69,2023,3,4.93974256515503
"Pacific Rim",70,2023,3,4.498939037323
"Comox Valley",71,2023,3,4.65615463256836
"Campbell River",72,2023,3,4.31086158752441
"Kamloops-Thompson",73,2023,3,6.43807458877563
"Gold Trail",74,2023,3,5.82076692581177
"Mission",75,2023,3,4.60024738311768
"Fraser-Cascade",78,2023,3,5.60451459884644
"Cowichan",79,2023,3,4.81561708450317
"Kootenay Lake",8,2023,3,5.62313795089722
"Fort Nelson",81,2023,3,5.49520206451416
"Coast Mountains",82,2023,3,5.98840808868408
"Okanagan-Shuswap",83,2023,3,7.08930826187134
"Vancouver Island West",84,2023,3,4.40480995178223
"Vancouver Island North",85,2023,3,4.18946647644043
"Stikine",87,2023,3,5.40537977218628
"Nechako Lakes",91,2023,3,7.13029146194458
"Nisgaa",92,2023,3,6.56339645385742
"Central Coast",49,2023,3,4.26735591888428
"Okanagan-Skaha",67,2023,3,7.16628837585449
"Okanagan-Similkameen",53,2023,3,5.76161479949951
"Arrow Lakes",10,2023,4,4.80229234695435
"Revelstoke",19,2023,4,4.59548282623291
"Kootenay-Columbia",20,2023,4,5.05491876602173
"Vernon",22,2023,4,5.05774354934692
"Central Okanagan",23,2023,4,5.43185186386108
"Cariboo-Chilcotin",27,2023,4,4.89082813262939
"Quesnel",28,2023,4,4.79616594314575
"Chilliwack",33,2023,4,3.54148268699646
"Abbotsford",34,2023,4,3.45036053657532
"Langley",35,2023,4,4.25019550323486
"Surrey",36,2023,4,4.64692163467407
"Delta",37,2023,4,4.98266506195068
"Richmond",38,2023,4,4.8630051612854
"Vancouver",39,2023,4,5.03613424301147
"New Westminster",40,2023,4,5.14435958862305
"Burnaby",41,2023,4,4.91231298446655
"Maple-Ridge Pitt-Meadows",42,2023,4,4.88704061508179
"Coquitlam",43,2023,4,5.26440048217773
"North Vancouver",44,2023,4,5.35397386550903
"West Vancouver",45,2023,4,5.40512943267822
"Sunshine Coast",46,2023,4,4.21638202667236
"Powell RIver",47,2023,4,3.98641324043274
"Sea to Sky",48,2023,4,4.8171968460083
"South East Kootenay",5,2023,4,4.94414186477661
"Haida Gwaii",50,2023,4,3.74863433837891
"Boundary",51,2023,4,4.74160814285278
"Prince Rupert",52,2023,4,3.32157802581787
"Bulkley Valley",54,2023,4,4.58901691436768
"Prince George",57,2023,4,4.7184419631958
"Nicola-Similkameen",58,2023,4,5.02496194839478
"Peace River South",59,2023,4,5.18525409698486
"Rocky Mountain",6,2023,4,4.01649761199951
"Peace River North",60,2023,4,4.64857912063599
"Victoria",61,2023,4,3.63005065917969
"Sooke",62,2023,4,2.66830110549927
"Saanich",63,2023,4,3.61535573005676
"Gulf Islands",64,2023,4,4.31525182723999
"Nanaimo-Ladysmith",68,2023,4,3.41567349433899
"Qualicum",69,2023,4,3.56005573272705
"Pacific Rim",70,2023,4,3.31120347976685
"Comox Valley",71,2023,4,3.17533779144287
"Campbell River",72,2023,4,3.69017314910889
"Kamloops-Thompson",73,2023,4,4.98148918151855
"Gold Trail",74,2023,4,5.02793836593628
"Mission",75,2023,4,4.31473112106323
"Fraser-Cascade",78,2023,4,3.87100696563721
"Cowichan",79,2023,4,2.91279673576355
"Kootenay Lake",8,2023,4,4.32319116592407
"Fort Nelson",81,2023,4,4.7361626625061
"Coast Mountains",82,2023,4,4.24406003952026
"Okanagan-Shuswap",83,2023,4,5.349449634552
"Vancouver Island West",84,2023,4,3.66029167175293
"Vancouver Island North",85,2023,4,3.76821255683899
"Stikine",87,2023,4,3.30602765083313
"Nechako Lakes",91,2023,4,4.17487955093384
"Nisgaa",92,2023,4,4.77843570709229
"Central Coast",49,2023,4,3.72238516807556
"Okanagan-Skaha",67,2023,4,4.97140216827393
"Okanagan-Similkameen",53,2023,4,4.49418020248413
"Arrow Lakes",10,2023,5,12.1193723678589
"Revelstoke",19,2023,5,15.3983821868896
"Kootenay-Columbia",20,2023,5,9.82078170776367
"Vernon",22,2023,5,9.58066082000732
"Central Okanagan",23,2023,5,8.84670066833496
"Cariboo-Chilcotin",27,2023,5,8.30745792388916
"Quesnel",28,2023,5,9.89287185668945
"Chilliwack",33,2023,5,6.141685962677
"Abbotsford",34,2023,5,6.68228769302368
"Langley",35,2023,5,6.18254041671753
"Surrey",36,2023,5,5.75067567825317
"Delta",37,2023,5,4.81983995437622
"Richmond",38,2023,5,5.20706510543823
"Vancouver",39,2023,5,5.60366582870483
"New Westminster",40,2023,5,6.45577669143677
"Burnaby",41,2023,5,6.36761426925659
"Maple-Ridge Pitt-Meadows",42,2023,5,6.40947723388672
"Coquitlam",43,2023,5,6.1544942855835
"North Vancouver",44,2023,5,5.96011734008789
"West Vancouver",45,2023,5,5.29318523406982
"Sunshine Coast",46,2023,5,5.07796764373779
"Powell RIver",47,2023,5,5.29252672195435
"Sea to Sky",48,2023,5,6.70416879653931
"South East Kootenay",5,2023,5,15.0797138214111
"Haida Gwaii",50,2023,5,3.63773202896118
"Boundary",51,2023,5,8.74090480804443
"Prince Rupert",52,2023,5,3.1914210319519
"Bulkley Valley",54,2023,5,6.34239959716797
"Prince George",57,2023,5,22.4571685791016
"Nicola-Similkameen",58,2023,5,7.12980079650879
"Peace River South",59,2023,5,41.1403427124023
"Rocky Mountain",6,2023,5,19.2028312683105
"Peace River North",60,2023,5,87.402946472168
"Victoria",61,2023,5,4.71486139297485
"Sooke",62,2023,5,4.01820468902588
"Saanich",63,2023,5,4.68791961669922
"Gulf Islands",64,2023,5,4.58035945892334
"Nanaimo-Ladysmith",68,2023,5,4.01620721817017
"Qualicum",69,2023,5,4.01958465576172
"Pacific Rim",70,2023,5,3.76278066635132
"Comox Valley",71,2023,5,3.65049529075623
"Campbell River",72,2023,5,5.10926198959351
"Kamloops-Thompson",73,2023,5,13.1707029342651
"Gold Trail",74,2023,5,7.68788433074951
"Mission",75,2023,5,6.25455665588379
"Fraser-Cascade",78,2023,5,6.89891767501831
"Cowichan",79,2023,5,3.66206192970276
"Kootenay Lake",8,2023,5,12.5126523971558
"Fort Nelson",81,2023,5,61.5643463134766
"Coast Mountains",82,2023,5,6.23416662216187
"Okanagan-Shuswap",83,2023,5,10.3851070404053
"Vancouver Island West",84,2023,5,3.54569339752197
"Vancouver Island North",85,2023,5,3.92298221588135
"Stikine",87,2023,5,11.3936071395874
"Nechako Lakes",91,2023,5,10.7662467956543
"Nisgaa",92,2023,5,4.81383085250854
"Central Coast",49,2023,5,3.91872429847717
"Okanagan-Skaha",67,2023,5,8.49942207336426
"Okanagan-Similkameen",53,2023,5,7.67618560791016
"Arrow Lakes",10,2023,6,10.0922431945801
"Revelstoke",19,2023,6,11.2161636352539
"Kootenay-Columbia",20,2023,6,7.91845655441284
"Vernon",22,2023,6,8.46907520294189
"Central Okanagan",23,2023,6,6.80278539657593
"Cariboo-Chilcotin",27,2023,6,10.5073146820068
"Quesnel",28,2023,6,11.4839372634888
"Chilliwack",33,2023,6,5.44511747360229
"Abbotsford",34,2023,6,5.3395528793335
"Langley",35,2023,6,5.16468095779419
"Surrey",36,2023,6,4.75254249572754
"Delta",37,2023,6,4.12473726272583
"Richmond",38,2023,6,4.20626783370972
"Vancouver",39,2023,6,4.42300701141357
"New Westminster",40,2023,6,5.06309175491333
"Burnaby",41,2023,6,5.00522184371948
"Maple-Ridge Pitt-Meadows",42,2023,6,5.45097017288208
"Coquitlam",43,2023,6,5.26494026184082
"North Vancouver",44,2023,6,5.08851957321167
"West Vancouver",45,2023,6,4.5752420425415
"Sunshine Coast",46,2023,6,4.94078254699707
"Powell RIver",47,2023,6,5.89632272720337
"Sea to Sky",48,2023,6,6.50268077850342
"South East Kootenay",5,2023,6,10.4985885620117
"Haida Gwaii",50,2023,6,3.44684076309204
"Boundary",51,2023,6,6.55218601226807
"Prince Rupert",52,2023,6,3.33604145050049
"Bulkley Valley",54,2023,6,6.26143312454224
"Prince George",57,2023,6,16.596212387085
"Nicola-Similkameen",58,2023,6,6.02442455291748
"Peace River South",59,2023,6,40.793342590332
"Rocky Mountain",6,2023,6,11.08518409729
"Peace River North",60,2023,6,106.453147888184
"Victoria",61,2023,6,4.2644248008728
"Sooke",62,2023,6,4.14574003219604
"Saanich",63,2023,6,4.50451374053955
"Gulf Islands",64,2023,6,4.37625408172607
"Nanaimo-Ladysmith",68,2023,6,3.77151989936829
"Qualicum",69,2023,6,3.96679282188416
"Pacific Rim",70,2023,6,4.25089883804321
"Comox Valley",71,2023,6,4.77385473251343
"Campbell River",72,2023,6,6.86771726608276
"Kamloops-Thompson",73,2023,6,10.2349758148193
"Gold Trail",74,2023,6,8.20135307312012
"Mission",75,2023,6,5.43324756622314
"Fraser-Cascade",78,2023,6,6.09291553497314
"Cowichan",79,2023,6,3.62349820137024
"Kootenay Lake",8,2023,6,10.1443090438843
"Fort Nelson",81,2023,6,79.4482192993164
"Coast Mountains",82,2023,6,3.80005216598511
"Okanagan-Shuswap",83,2023,6,9.95942783355713
"Vancouver Island West",84,2023,6,4.98501062393188
"Vancouver Island North",85,2023,6,6.07636594772339
"Stikine",87,2023,6,2.85551786422729
"Nechako Lakes",91,2023,6,10.2123498916626
"Nisgaa",92,2023,6,3.17463564872742
"Central Coast",49,2023,6,6.50240993499756
"Okanagan-Skaha",67,2023,6,6.31353044509888
"Okanagan-Similkameen",53,2023,6,5.9757661819458
"Arrow Lakes",10,2023,7,10.6709079742432
"Revelstoke",19,2023,7,18.1058197021484
"Kootenay-Columbia",20,2023,7,8.53461360931396
"Vernon",22,2023,7,9.58755970001221
"Central Okanagan",23,2023,7,7.97350549697876
"Cariboo-Chilcotin",27,2023,7,28.8613948822021
"Quesnel",28,2023,7,40.9803581237793
"Chilliwack",33,2023,7,5.12218189239502
"Abbotsford",34,2023,7,5.33126783370972
"Langley",35,2023,7,5.34501838684082
"Surrey",36,2023,7,5.53268480300903
"Delta",37,2023,7,5.74190473556519
"Richmond",38,2023,7,5.16342210769653
"Vancouver",39,2023,7,5.06804180145264
"New Westminster",40,2023,7,5.68420362472534
"Burnaby",41,2023,7,6.03786039352417
"Maple-Ridge Pitt-Meadows",42,2023,7,5.73036766052246
"Coquitlam",43,2023,7,4.8877911567688
"North Vancouver",44,2023,7,4.50276231765747
"West Vancouver",45,2023,7,5.06190586090088
"Sunshine Coast",46,2023,7,5.71534061431885
"Powell RIver",47,2023,7,7.11212539672852
"Sea to Sky",48,2023,7,10.1707954406738
"South East Kootenay",5,2023,7,9.37348651885986
"Haida Gwaii",50,2023,7,2.75297021865845
"Boundary",51,2023,7,7.60315132141113
"Prince Rupert",52,2023,7,4.28870534896851
"Bulkley Valley",54,2023,7,11.6594066619873
"Prince George",57,2023,7,41.7834281921387
"Nicola-Similkameen",58,2023,7,6.46169900894165
"Peace River South",59,2023,7,41.4585762023926
"Rocky Mountain",6,2023,7,12.4681921005249
"Peace River North",60,2023,7,73.4728775024414
"Victoria",61,2023,7,4.36211729049683
"Sooke",62,2023,7,3.82644295692444
"Saanich",63,2023,7,4.56895351409912
"Gulf Islands",64,2023,7,4.61410665512085
"Nanaimo-Ladysmith",68,2023,7,3.83683943748474
"Qualicum",69,2023,7,3.77100491523743
"Pacific Rim",70,2023,7,4.09814977645874
"Comox Valley",71,2023,7,4.12688112258911
"Campbell River",72,2023,7,7.592209815979
"Kamloops-Thompson",73,2023,7,29.7167625427246
"Gold Trail",74,2023,7,13.0597524642944
"Mission",75,2023,7,5.21114444732666
"Fraser-Cascade",78,2023,7,5.94934844970703
"Cowichan",79,2023,7,3.7731945514679
"Kootenay Lake",8,2023,7,10.4731025695801
"Fort Nelson",81,2023,7,144.000061035156
"Coast Mountains",82,2023,7,8.87016487121582
"Okanagan-Shuswap",83,2023,7,16.6311283111572
"Vancouver Island West",84,2023,7,3.51680779457092
"Vancouver Island North",85,2023,7,5.75921297073364
"Stikine",87,2023,7,31.5623989105225
"Nechako Lakes",91,2023,7,38.7071380615234
"Nisgaa",92,2023,7,9.36369800567627
"Central Coast",49,2023,7,12.0905132293701
"Okanagan-Skaha",67,2023,7,6.95674896240234
"Okanagan-Similkameen",53,2023,7,7.52498197555542
"Arrow Lakes",10,2023,8,42.9785614013672
"Revelstoke",19,2023,8,39.165771484375
"Kootenay-Columbia",20,2023,8,35.1214141845703
"Vernon",22,2023,8,29.8101997375488
"Central Okanagan",23,2023,8,38.0450401306152
"Cariboo-Chilcotin",27,2023,8,23.714038848877
"Quesnel",28,2023,8,30.3382377624512
"Chilliwack",33,2023,8,15.2592487335205
"Abbotsford",34,2023,8,11.3862047195435
"Langley",35,2023,8,9.85610294342041
"Surrey",36,2023,8,9.6301155090332
"Delta",37,2023,8,11.1041355133057
"Richmond",38,2023,8,9.63807201385498
"Vancouver",39,2023,8,8.24258995056152
"New Westminster",40,2023,8,12.2644500732422
"Burnaby",41,2023,8,10.5074615478516
"Maple-Ridge Pitt-Meadows",42,2023,8,12.916522026062
"Coquitlam",43,2023,8,9.75388622283936
"North Vancouver",44,2023,8,10.0954332351685
"West Vancouver",45,2023,8,9.2025203704834
"Sunshine Coast",46,2023,8,8.83599090576172
"Powell RIver",47,2023,8,8.97219944000244
"Sea to Sky",48,2023,8,17.892505645752
"South East Kootenay",5,2023,8,32.6948471069336
"Haida Gwaii",50,2023,8,4.18872976303101
"Boundary",51,2023,8,31.6167621612549
"Prince Rupert",52,2023,8,5.18129539489746
"Bulkley Valley",54,2023,8,13.4565801620483
"Prince George",57,2023,8,29.5506401062012
"Nicola-Similkameen",58,2023,8,19.0953826904297
"Peace River South",59,2023,8,36.6772308349609
"Rocky Mountain",6,2023,8,44.0838432312012
"Peace River North",60,2023,8,40.9908065795898
"Victoria",61,2023,8,7.83104753494263
"Sooke",62,2023,8,7.66746139526367
"Saanich",63,2023,8,7.70346927642822
"Gulf Islands",64,2023,8,8.16092967987061
"Nanaimo-Ladysmith",68,2023,8,7.80237293243408
"Qualicum",69,2023,8,6.69804525375366
"Pacific Rim",70,2023,8,7.31032943725586
"Comox Valley",71,2023,8,7.31603050231934
"Campbell River",72,2023,8,9.55088043212891
"Kamloops-Thompson",73,2023,8,31.5579433441162
"Gold Trail",74,2023,8,23.0503845214844
"Mission",75,2023,8,12.6065473556519
"Fraser-Cascade",78,2023,8,17.0740661621094
"Cowichan",79,2023,8,7.31637716293335
"Kootenay Lake",8,2023,8,44.4340019226074
"Fort Nelson",81,2023,8,66.754638671875
"Coast Mountains",82,2023,8,8.65460014343262
"Okanagan-Shuswap",83,2023,8,40.0669212341309
"Vancouver Island West",84,2023,8,6.8026442527771
"Vancouver Island North",85,2023,8,6.72944211959839
"Stikine",87,2023,8,11.21262550354
"Nechako Lakes",91,2023,8,25.7234191894531
"Nisgaa",92,2023,8,5.88648843765259
"Central Coast",49,2023,8,11.4486875534058
"Okanagan-Skaha",67,2023,8,33.1557655334473
"Okanagan-Similkameen",53,2023,8,97.6903305053711
"Arrow Lakes",10,2023,9,7.12511348724365
"Revelstoke",19,2023,9,7.96853113174438
"Kootenay-Columbia",20,2023,9,6.68911409378052
"Vernon",22,2023,9,7.14057445526123
"Central Okanagan",23,2023,9,7.45413494110107
"Cariboo-Chilcotin",27,2023,9,11.0848054885864
"Quesnel",28,2023,9,17.5576286315918
"Chilliwack",33,2023,9,6.86178874969482
"Abbotsford",34,2023,9,7.09524345397949
"Langley",35,2023,9,7.55394792556763
"Surrey",36,2023,9,5.85418128967285
"Delta",37,2023,9,5.33083820343018
"Richmond",38,2023,9,5.05389547348022
"Vancouver",39,2023,9,5.43383455276489
"New Westminster",40,2023,9,7.43785285949707
"Burnaby",41,2023,9,7.60102605819702
"Maple-Ridge Pitt-Meadows",42,2023,9,6.99169254302979
"Coquitlam",43,2023,9,5.66899871826172
"North Vancouver",44,2023,9,5.25911855697632
"West Vancouver",45,2023,9,4.8006477355957
"Sunshine Coast",46,2023,9,5.20685386657715
"Powell RIver",47,2023,9,5.5760350227356
"Sea to Sky",48,2023,9,8.18572235107422
"South East Kootenay",5,2023,9,6.0150089263916
"Haida Gwaii",50,2023,9,3.33703899383545
"Boundary",51,2023,9,6.71475982666016
"Prince Rupert",52,2023,9,3.40396404266357
"Bulkley Valley",54,2023,9,5.40983724594116
"Prince George",57,2023,9,28.5508518218994
"Nicola-Similkameen",58,2023,9,7.31603574752808
"Peace River South",59,2023,9,41.6350059509277
"Rocky Mountain",6,2023,9,7.15171957015991
"Peace River North",60,2023,9,85.7298355102539
"Victoria",61,2023,9,5.15750598907471
"Sooke",62,2023,9,5.26860332489014
"Saanich",63,2023,9,5.39139175415039
"Gulf Islands",64,2023,9,5.05335855484009
"Nanaimo-Ladysmith",68,2023,9,4.23069000244141
"Qualicum",69,2023,9,4.2483549118042
"Pacific Rim",70,2023,9,3.9797956943512
"Comox Valley",71,2023,9,3.90646386146545
"Campbell River",72,2023,9,7.57150268554688
"Kamloops-Thompson",73,2023,9,11.5236206054688
"Gold Trail",74,2023,9,11.1542234420776
"Mission",75,2023,9,6.62544345855713
"Fraser-Cascade",78,2023,9,8.30591297149658
"Cowichan",79,2023,9,4.20965766906738
"Kootenay Lake",8,2023,9,6.63378143310547
"Fort Nelson",81,2023,9,225.910491943359
"Coast Mountains",82,2023,9,4.2860631942749
"Okanagan-Shuswap",83,2023,9,8.12456607818604
"Vancouver Island West",84,2023,9,3.83558940887451
"Vancouver Island North",85,2023,9,6.72869205474854
"Stikine",87,2023,9,16.125129699707
"Nechako Lakes",91,2023,9,25.5525398254395
"Nisgaa",92,2023,9,3.53106808662415
"Central Coast",49,2023,9,4.49221277236938
"Okanagan-Skaha",67,2023,9,6.75354862213135
"Okanagan-Similkameen",53,2023,9,6.65605068206787
"Arrow Lakes",10,2023,10,6.33690357208252
"Revelstoke",19,2023,10,5.57793474197388
"Kootenay-Columbia",20,2023,10,7.05335283279419
"Vernon",22,2023,10,7.1244797706604
"Central Okanagan",23,2023,10,7.69465923309326
"Cariboo-Chilcotin",27,2023,10,7.27190923690796
"Quesnel",28,2023,10,7.66115140914917
"Chilliwack",33,2023,10,7.54290246963501
"Abbotsford",34,2023,10,6.19042682647705
"Langley",35,2023,10,4.98257112503052
"Surrey",36,2023,10,5.62902736663818
"Delta",37,2023,10,3.53663563728333
"Richmond",38,2023,10,3.41389989852905
"Vancouver",39,2023,10,3.99345350265503
"New Westminster",40,2023,10,7.89398002624512
"Burnaby",41,2023,10,7.30824327468872
"Maple-Ridge Pitt-Meadows",42,2023,10,5.35684585571289
"Coquitlam",43,2023,10,5.41694307327271
"North Vancouver",44,2023,10,5.15946388244629
"West Vancouver",45,2023,10,4.43531513214111
"Sunshine Coast",46,2023,10,4.82889032363892
"Powell RIver",47,2023,10,4.28786468505859
"Sea to Sky",48,2023,10,5.73462533950806
"South East Kootenay",5,2023,10,6.90239429473877
"Haida Gwaii",50,2023,10,2.61761093139648
"Boundary",51,2023,10,6.92316293716431
"Prince Rupert",52,2023,10,2.86003994941711
"Bulkley Valley",54,2023,10,5.33908367156982
"Prince George",57,2023,10,7.71382331848145
"Nicola-Similkameen",58,2023,10,6.49326610565186
"Peace River South",59,2023,10,11.4873685836792
"Rocky Mountain",6,2023,10,5.66927576065063
"Peace River North",60,2023,10,7.79554176330566
"Victoria",61,2023,10,2.97732853889465
"Sooke",62,2023,10,3.94120526313782
"Saanich",63,2023,10,3.06050205230713
"Gulf Islands",64,2023,10,2.13193464279175
"Nanaimo-Ladysmith",68,2023,10,3.69996690750122
"Qualicum",69,2023,10,3.42618107795715
"Pacific Rim",70,2023,10,4.13794803619385
"Comox Valley",71,2023,10,4.10484647750854
"Campbell River",72,2023,10,4.38822031021118
"Kamloops-Thompson",73,2023,10,6.96568870544434
"Gold Trail",74,2023,10,6.8502345085144
"Mission",75,2023,10,5.63591718673706
"Fraser-Cascade",78,2023,10,6.23617935180664
"Cowichan",79,2023,10,4.65206718444824
"Kootenay Lake",8,2023,10,6.2621750831604
"Fort Nelson",81,2023,10,22.7270336151123
"Coast Mountains",82,2023,10,4.50729036331177
"Okanagan-Shuswap",83,2023,10,7.23255729675293
"Vancouver Island West",84,2023,10,4.07194137573242
"Vancouver Island North",85,2023,10,3.92392420768738
"Stikine",87,2023,10,4.61322164535522
"Nechako Lakes",91,2023,10,5.69057369232178
"Nisgaa",92,2023,10,4.42515659332275
"Central Coast",49,2023,10,3.41258788108826
"Okanagan-Skaha",67,2023,10,7.04457759857178
"Okanagan-Similkameen",53,2023,10,6.35000944137573
"Arrow Lakes",10,2023,11,5.93594026565552
"Revelstoke",19,2023,11,6.15722274780273
"Kootenay-Columbia",20,2023,11,6.39951419830322
"Vernon",22,2023,11,5.59377717971802
"Central Okanagan",23,2023,11,6.37104654312134
"Cariboo-Chilcotin",27,2023,11,6.14790153503418
"Quesnel",28,2023,11,6.78353357315063
"Chilliwack",33,2023,11,5.13289976119995
"Abbotsford",34,2023,11,6.28272819519043
"Langley",35,2023,11,6.4807071685791
"Surrey",36,2023,11,7.0232138633728
"Delta",37,2023,11,5.73182344436646
"Richmond",38,2023,11,5.36437749862671
"Vancouver",39,2023,11,5.43091535568237
"New Westminster",40,2023,11,7.52579689025879
"Burnaby",41,2023,11,7.2998948097229
"Maple-Ridge Pitt-Meadows",42,2023,11,4.29588794708252
"Coquitlam",43,2023,11,4.8954873085022
"North Vancouver",44,2023,11,4.65412902832031
"West Vancouver",45,2023,11,5.26141929626465
"Sunshine Coast",46,2023,11,5.41592407226562
"Powell RIver",47,2023,11,4.48540210723877
"Sea to Sky",48,2023,11,4.75475549697876
"South East Kootenay",5,2023,11,4.78801345825195
"Haida Gwaii",50,2023,11,1.87928283214569
"Boundary",51,2023,11,5.54182815551758
"Prince Rupert",52,2023,11,2.40533256530762
"Bulkley Valley",54,2023,11,5.46619939804077
"Prince George",57,2023,11,6.47712278366089
"Nicola-Similkameen",58,2023,11,4.12242317199707
"Peace River South",59,2023,11,5.91550922393799
"Rocky Mountain",6,2023,11,5.16883850097656
"Peace River North",60,2023,11,5.49149322509766
"Victoria",61,2023,11,3.72842907905579
"Sooke",62,2023,11,4.3997745513916
"Saanich",63,2023,11,4.5656852722168
"Gulf Islands",64,2023,11,4.4773736000061
"Nanaimo-Ladysmith",68,2023,11,4.75018882751465
"Qualicum",69,2023,11,4.52401971817017
"Pacific Rim",70,2023,11,4.80105304718018
"Comox Valley",71,2023,11,4.68464469909668
"Campbell River",72,2023,11,4.18563365936279
"Kamloops-Thompson",73,2023,11,6.1990761756897
"Gold Trail",74,2023,11,5.52565097808838
"Mission",75,2023,11,4.41800117492676
"Fraser-Cascade",78,2023,11,4.36527252197266
"Cowichan",79,2023,11,4.81617116928101
"Kootenay Lake",8,2023,11,4.97657203674316
"Fort Nelson",81,2023,11,4.52268648147583
"Coast Mountains",82,2023,11,4.52111387252808
"Okanagan-Shuswap",83,2023,11,6.65032815933228
"Vancouver Island West",84,2023,11,4.27329444885254
"Vancouver Island North",85,2023,11,3.82608652114868
"Stikine",87,2023,11,4.26615619659424
"Nechako Lakes",91,2023,11,5.66356563568115
"Nisgaa",92,2023,11,4.70104885101318
"Central Coast",49,2023,11,3.45537781715393
"Okanagan-Skaha",67,2023,11,6.0632209777832
"Okanagan-Similkameen",53,2023,11,6.02341413497925
"Arrow Lakes",10,2023,12,7.30494356155396
"Revelstoke",19,2023,12,6.62798166275024
"Kootenay-Columbia",20,2023,12,6.10741138458252
"Vernon",22,2023,12,7.49178504943848
"Central Okanagan",23,2023,12,8.36844539642334
"Cariboo-Chilcotin",27,2023,12,6.80166721343994
"Quesnel",28,2023,12,7.56397819519043
"Chilliwack",33,2023,12,4.17053461074829
"Abbotsford",34,2023,12,4.46708202362061
"Langley",35,2023,12,4.61808156967163
"Surrey",36,2023,12,4.54899263381958
"Delta",37,2023,12,3.71726226806641
"Richmond",38,2023,12,3.8044707775116
"Vancouver",39,2023,12,3.8495557308197
"New Westminster",40,2023,12,5.03162670135498
"Burnaby",41,2023,12,4.86386823654175
"Maple-Ridge Pitt-Meadows",42,2023,12,2.70447063446045
"Coquitlam",43,2023,12,3.28553295135498
"North Vancouver",44,2023,12,3.36046004295349
"West Vancouver",45,2023,12,3.14022922515869
"Sunshine Coast",46,2023,12,3.0435094833374
"Powell RIver",47,2023,12,3.18846082687378
"Sea to Sky",48,2023,12,2.98846817016602
"South East Kootenay",5,2023,12,6.30207252502441
"Haida Gwaii",50,2023,12,2.44966459274292
"Boundary",51,2023,12,6.43569278717041
"Prince Rupert",52,2023,12,2.3190290927887
"Bulkley Valley",54,2023,12,6.38552284240723
"Prince George",57,2023,12,6.24093294143677
"Nicola-Similkameen",58,2023,12,6.95918846130371
"Peace River South",59,2023,12,4.53414487838745
"Rocky Mountain",6,2023,12,5.95657300949097
"Peace River North",60,2023,12,4.80440759658813
"Victoria",61,2023,12,3.41282343864441
"Sooke",62,2023,12,4.00865125656128
"Saanich",63,2023,12,3.51195216178894
"Gulf Islands",64,2023,12,2.80805563926697
"Nanaimo-Ladysmith",68,2023,12,3.55148887634277
"Qualicum",69,2023,12,3.06616568565369
"Pacific Rim",70,2023,12,4.03454780578613
"Comox Valley",71,2023,12,3.29606962203979
"Campbell River",72,2023,12,3.44246649742126
"Kamloops-Thompson",73,2023,12,6.74819564819336
"Gold Trail",74,2023,12,6.29798603057861
"Mission",75,2023,12,2.93474411964417
"Fraser-Cascade",78,2023,12,3.79716563224792
"Cowichan",79,2023,12,3.97197604179382
"Kootenay Lake",8,2023,12,6.26088380813599
"Fort Nelson",81,2023,12,4.53538513183594
"Coast Mountains",82,2023,12,4.62163066864014
"Okanagan-Shuswap",83,2023,12,7.3994083404541
"Vancouver Island West",84,2023,12,3.86353158950806
"Vancouver Island North",85,2023,12,3.35307741165161
"Stikine",87,2023,12,4.4405345916748
"Nechako Lakes",91,2023,12,6.88747596740723
"Nisgaa",92,2023,12,4.50230979919434
"Central Coast",49,2023,12,3.25518226623535
"Okanagan-Skaha",67,2023,12,7.54302978515625
"Okanagan-Similkameen",53,2023,12,6.76575565338135
"Arrow Lakes",10,2024,1,5.82298374176025
"Revelstoke",19,2024,1,5.12299966812134
"Kootenay-Columbia",20,2024,1,7.40935373306274
"Vernon",22,2024,1,6.30795431137085
"Central Okanagan",23,2024,1,7.42390871047974
"Cariboo-Chilcotin",27,2024,1,5.8535041809082
"Quesnel",28,2024,1,6.25854110717773
"Chilliwack",33,2024,1,4.3099479675293
"Abbotsford",34,2024,1,4.18577814102173
"Langley",35,2024,1,4.0927734375
"Surrey",36,2024,1,4.15542364120483
"Delta",37,2024,1,3.54296207427979
"Richmond",38,2024,1,3.56656551361084
"Vancouver",39,2024,1,3.61494088172913
"New Westminster",40,2024,1,4.95968437194824
"Burnaby",41,2024,1,4.54742813110352
"Maple-Ridge Pitt-Meadows",42,2024,1,4.0623722076416
"Coquitlam",43,2024,1,4.23242950439453
"North Vancouver",44,2024,1,3.94714188575745
"West Vancouver",45,2024,1,3.20168805122375
"Sunshine Coast",46,2024,1,3.56435942649841
"Powell RIver",47,2024,1,3.40069389343262
"Sea to Sky",48,2024,1,4.47505378723145
"South East Kootenay",5,2024,1,6.26032400131226
"Haida Gwaii",50,2024,1,3.4002320766449
"Boundary",51,2024,1,6.73655462265015
"Prince Rupert",52,2024,1,3.20825433731079
"Bulkley Valley",54,2024,1,5.64945983886719
"Prince George",57,2024,1,5.71825313568115
"Nicola-Similkameen",58,2024,1,6.37093591690063
"Peace River South",59,2024,1,6.35276317596436
"Rocky Mountain",6,2024,1,4.99118137359619
"Peace River North",60,2024,1,5.10683250427246
"Victoria",61,2024,1,4.06275653839111
"Sooke",62,2024,1,3.80078840255737
"Saanich",63,2024,1,4.01933574676514
"Gulf Islands",64,2024,1,3.76549506187439
"Nanaimo-Ladysmith",68,2024,1,4.19044303894043
"Qualicum",69,2024,1,3.64728307723999
"Pacific Rim",70,2024,1,3.64676952362061
"Comox Valley",71,2024,1,3.63582229614258
"Campbell River",72,2024,1,3.60012531280518
"Kamloops-Thompson",73,2024,1,6.20369052886963
"Gold Trail",74,2024,1,6.39214277267456
"Mission",75,2024,1,4.10066556930542
"Fraser-Cascade",78,2024,1,4.98281097412109
"Cowichan",79,2024,1,4.15982246398926
"Kootenay Lake",8,2024,1,6.23227167129517
"Fort Nelson",81,2024,1,3.9634256362915
"Coast Mountains",82,2024,1,4.43539237976074
"Okanagan-Shuswap",83,2024,1,6.52727890014648
"Vancouver Island West",84,2024,1,3.38168358802795
"Vancouver Island North",85,2024,1,3.50279855728149
"Stikine",87,2024,1,3.64589619636536
"Nechako Lakes",91,2024,1,5.93771076202393
"Nisgaa",92,2024,1,5.52128028869629
"Central Coast",49,2024,1,3.68791937828064
"Okanagan-Skaha",67,2024,1,7.01856517791748
"Okanagan-Similkameen",53,2024,1,6.38135194778442
"Arrow Lakes",10,2024,2,5.61640644073486
"Revelstoke",19,2024,2,4.84547281265259
"Kootenay-Columbia",20,2024,2,6.47313976287842
"Vernon",22,2024,2,6.56193733215332
"Central Okanagan",23,2024,2,7.44020223617554
"Cariboo-Chilcotin",27,2024,2,4.9078893661499
"Quesnel",28,2024,2,5.31445407867432
"Chilliwack",33,2024,2,5.38261651992798
"Abbotsford",34,2024,2,4.87909078598022
"Langley",35,2024,2,5.0192494392395
"Surrey",36,2024,2,4.52045822143555
"Delta",37,2024,2,4.07770109176636
"Richmond",38,2024,2,3.73052334785461
"Vancouver",39,2024,2,3.59713053703308
"New Westminster",40,2024,2,4.22354364395142
"Burnaby",41,2024,2,4.17861461639404
"Maple-Ridge Pitt-Meadows",42,2024,2,4.68526601791382
"Coquitlam",43,2024,2,4.34668827056885
"North Vancouver",44,2024,2,4.18602466583252
"West Vancouver",45,2024,2,3.49933981895447
"Sunshine Coast",46,2024,2,3.60555243492126
"Powell RIver",47,2024,2,3.48712277412415
"Sea to Sky",48,2024,2,5.27627658843994
"South East Kootenay",5,2024,2,4.60854768753052
"Haida Gwaii",50,2024,2,1.14704275131226
"Boundary",51,2024,2,6.28156328201294
"Prince Rupert",52,2024,2,2.31407737731934
"Bulkley Valley",54,2024,2,5.57558250427246
"Prince George",57,2024,2,5.19061803817749
"Nicola-Similkameen",58,2024,2,6.04633092880249
"Peace River South",59,2024,2,4.41605281829834
"Rocky Mountain",6,2024,2,3.80787825584412
"Peace River North",60,2024,2,3.87175869941711
"Victoria",61,2024,2,3.71507859230042
"Sooke",62,2024,2,3.90408372879028
"Saanich",63,2024,2,3.95577049255371
"Gulf Islands",64,2024,2,4.00070285797119
"Nanaimo-Ladysmith",68,2024,2,4.11717557907104
"Qualicum",69,2024,2,3.25925588607788
"Pacific Rim",70,2024,2,3.38775777816772
"Comox Valley",71,2024,2,3.09265327453613
"Campbell River",72,2024,2,3.65615701675415
"Kamloops-Thompson",73,2024,2,6.04038047790527
"Gold Trail",74,2024,2,5.37051248550415
"Mission",75,2024,2,4.67382144927979
"Fraser-Cascade",78,2024,2,6.17572069168091
"Cowichan",79,2024,2,4.1613187789917
"Kootenay Lake",8,2024,2,5.26469135284424
"Fort Nelson",81,2024,2,3.58751940727234
"Coast Mountains",82,2024,2,4.46640253067017
"Okanagan-Shuswap",83,2024,2,6.86283445358276
"Vancouver Island West",84,2024,2,3.07589602470398
"Vancouver Island North",85,2024,2,3.11911606788635
"Stikine",87,2024,2,3.51828551292419
"Nechako Lakes",91,2024,2,5.19508790969849
"Nisgaa",92,2024,2,5.70562601089478
"Central Coast",49,2024,2,3.13972783088684
"Okanagan-Skaha",67,2024,2,6.91067361831665
"Okanagan-Similkameen",53,2024,2,5.75324583053589
"Arrow Lakes",10,2024,3,6.0334324836731
"Revelstoke",19,2024,3,5.35162448883057
"Kootenay-Columbia",20,2024,3,6.40115833282471
"Vernon",22,2024,3,6.27962779998779
"Central Okanagan",23,2024,3,6.62403583526611
"Cariboo-Chilcotin",27,2024,3,4.51004076004028
"Quesnel",28,2024,3,4.83523654937744
"Chilliwack",33,2024,3,5.7879524230957
"Abbotsford",34,2024,3,6.13065195083618
"Langley",35,2024,3,6.52717638015747
"Surrey",36,2024,3,5.60315752029419
"Delta",37,2024,3,5.40886068344116
"Richmond",38,2024,3,5.0779447555542
"Vancouver",39,2024,3,4.96643447875977
"New Westminster",40,2024,3,5.3118143081665
"Burnaby",41,2024,3,5.41769313812256
"Maple-Ridge Pitt-Meadows",42,2024,3,5.27626752853394
"Coquitlam",43,2024,3,5.55116939544678
"North Vancouver",44,2024,3,5.50675487518311
"West Vancouver",45,2024,3,4.69779539108276
"Sunshine Coast",46,2024,3,4.26056528091431
"Powell RIver",47,2024,3,3.82026314735413
"Sea to Sky",48,2024,3,5.05933427810669
"South East Kootenay",5,2024,3,5.02789640426636
"Haida Gwaii",50,2024,3,2.14893841743469
"Boundary",51,2024,3,5.72882986068726
"Prince Rupert",52,2024,3,2.85957145690918
"Bulkley Valley",54,2024,3,5.47866010665894
"Prince George",57,2024,3,5.16543006896973
"Nicola-Similkameen",58,2024,3,5.38666963577271
"Peace River South",59,2024,3,4.54687261581421
"Rocky Mountain",6,2024,3,4.66934299468994
"Peace River North",60,2024,3,4.2019624710083
"Victoria",61,2024,3,4.78888845443726
"Sooke",62,2024,3,4.0563817024231
"Saanich",63,2024,3,4.95445442199707
"Gulf Islands",64,2024,3,5.32291221618652
"Nanaimo-Ladysmith",68,2024,3,4.51727914810181
"Qualicum",69,2024,3,3.82360029220581
"Pacific Rim",70,2024,3,3.33016347885132
"Comox Valley",71,2024,3,3.28793382644653
"Campbell River",72,2024,3,3.44280982017517
"Kamloops-Thompson",73,2024,3,5.4989767074585
"Gold Trail",74,2024,3,4.81651544570923
"Mission",75,2024,3,5.36661815643311
"Fraser-Cascade",78,2024,3,5.75593948364258
"Cowichan",79,2024,3,4.08321046829224
"Kootenay Lake",8,2024,3,5.71772909164429
"Fort Nelson",81,2024,3,4.20700263977051
"Coast Mountains",82,2024,3,4.26702117919922
"Okanagan-Shuswap",83,2024,3,6.38435220718384
"Vancouver Island West",84,2024,3,2.92204761505127
"Vancouver Island North",85,2024,3,3.06102395057678
"Stikine",87,2024,3,3.32337307929993
"Nechako Lakes",91,2024,3,5.18929386138916
"Nisgaa",92,2024,3,5.09998607635498
"Central Coast",49,2024,3,3.34149885177612
"Okanagan-Skaha",67,2024,3,5.95261383056641
"Okanagan-Similkameen",53,2024,3,5.01659059524536
"Arrow Lakes",10,2024,4,4.48509120941162
"Revelstoke",19,2024,4,4.38718271255493
"Kootenay-Columbia",20,2024,4,4.54570960998535
"Vernon",22,2024,4,4.47222423553467
"Central Okanagan",23,2024,4,4.72513818740845
"Cariboo-Chilcotin",27,2024,4,3.55930161476135
"Quesnel",28,2024,4,3.2943639755249
"Chilliwack",33,2024,4,4.28131866455078
"Abbotsford",34,2024,4,5.32237577438354
"Langley",35,2024,4,5.72169780731201
"Surrey",36,2024,4,4.89794301986694
"Delta",37,2024,4,4.80523872375488
"Richmond",38,2024,4,5.08625078201294
"Vancouver",39,2024,4,5.11166381835938
"New Westminster",40,2024,4,4.89694166183472
"Burnaby",41,2024,4,4.91374683380127
"Maple-Ridge Pitt-Meadows",42,2024,4,5.30090379714966
"Coquitlam",43,2024,4,5.49497175216675
"North Vancouver",44,2024,4,5.44358539581299
"West Vancouver",45,2024,4,4.43134927749634
"Sunshine Coast",46,2024,4,3.90350222587585
"Powell RIver",47,2024,4,3.40042901039124
"Sea to Sky",48,2024,4,4.55559968948364
"South East Kootenay",5,2024,4,4.27797555923462
"Haida Gwaii",50,2024,4,2.21172451972961
"Boundary",51,2024,4,4.25405645370483
"Prince Rupert",52,2024,4,2.21701717376709
"Bulkley Valley",54,2024,4,3.94074010848999
"Prince George",57,2024,4,3.58793807029724
"Nicola-Similkameen",58,2024,4,4.094895362854
"Peace River South",59,2024,4,3.34991908073425
"Rocky Mountain",6,2024,4,3.93653035163879
"Peace River North",60,2024,4,3.48570656776428
"Victoria",61,2024,4,3.72454643249512
"Sooke",62,2024,4,3.0809633731842
"Saanich",63,2024,4,3.54801464080811
"Gulf Islands",64,2024,4,4.30975818634033
"Nanaimo-Ladysmith",68,2024,4,3.29225540161133
"Qualicum",69,2024,4,2.93046259880066
"Pacific Rim",70,2024,4,2.26533722877502
"Comox Valley",71,2024,4,2.40525603294373
"Campbell River",72,2024,4,2.7740421295166
"Kamloops-Thompson",73,2024,4,4.41587829589844
"Gold Trail",74,2024,4,4.53505945205688
"Mission",75,2024,4,4.95957136154175
"Fraser-Cascade",78,2024,4,4.32460689544678
"Cowichan",79,2024,4,2.77392101287842
"Kootenay Lake",8,2024,4,4.29502058029175
"Fort Nelson",81,2024,4,3.47508764266968
"Coast Mountains",82,2024,4,3.54990601539612
"Okanagan-Shuswap",83,2024,4,4.73582696914673
"Vancouver Island West",84,2024,4,2.11361455917358
"Vancouver Island North",85,2024,4,2.42520141601562
"Stikine",87,2024,4,3.2800235748291
"Nechako Lakes",91,2024,4,3.66373109817505
"Nisgaa",92,2024,4,3.9663507938385
"Central Coast",49,2024,4,2.61039781570435
"Okanagan-Skaha",67,2024,4,4.34305906295776
"Okanagan-Similkameen",53,2024,4,3.98063564300537
"Arrow Lakes",10,2024,5,3.64374589920044
"Revelstoke",19,2024,5,4.45988082885742
"Kootenay-Columbia",20,2024,5,3.98146772384644
"Vernon",22,2024,5,3.91604614257812
"Central Okanagan",23,2024,5,4.10827112197876
"Cariboo-Chilcotin",27,2024,5,4.00076150894165
"Quesnel",28,2024,5,4.61756658554077
"Chilliwack",33,2024,5,4.03187227249146
"Abbotsford",34,2024,5,5.10381555557251
"Langley",35,2024,5,5.28950500488281
"Surrey",36,2024,5,4.95938205718994
"Delta",37,2024,5,5.2733736038208
"Richmond",38,2024,5,5.66018962860107
"Vancouver",39,2024,5,5.52999353408813
"New Westminster",40,2024,5,5.52143526077271
"Burnaby",41,2024,5,5.26809930801392
"Maple-Ridge Pitt-Meadows",42,2024,5,4.53513097763062
"Coquitlam",43,2024,5,4.80367183685303
"North Vancouver",44,2024,5,4.7926197052002
"West Vancouver",45,2024,5,4.25922536849976
"Sunshine Coast",46,2024,5,3.41557455062866
"Powell RIver",47,2024,5,3.08316254615784
"Sea to Sky",48,2024,5,3.29514145851135
"South East Kootenay",5,2024,5,2.93431973457336
"Haida Gwaii",50,2024,5,2.78085160255432
"Boundary",51,2024,5,3.90079069137573
"Prince Rupert",52,2024,5,2.39084720611572
"Bulkley Valley",54,2024,5,3.68999052047729
"Prince George",57,2024,5,6.394690990448
"Nicola-Similkameen",58,2024,5,3.2055299282074
"Peace River South",59,2024,5,8.9476842880249
"Rocky Mountain",6,2024,5,3.07267832756042
"Peace River North",60,2024,5,20.86745262146
"Victoria",61,2024,5,4.54315042495728
"Sooke",62,2024,5,3.5037899017334
"Saanich",63,2024,5,4.24276304244995
"Gulf Islands",64,2024,5,4.74187898635864
"Nanaimo-Ladysmith",68,2024,5,3.63720798492432
"Qualicum",69,2024,5,3.21764707565308
"Pacific Rim",70,2024,5,2.84056282043457
"Comox Valley",71,2024,5,2.82608342170715
"Campbell River",72,2024,5,2.66740107536316
"Kamloops-Thompson",73,2024,5,4.8968071937561
"Gold Trail",74,2024,5,3.46947479248047
"Mission",75,2024,5,4.49194669723511
"Fraser-Cascade",78,2024,5,3.58016324043274
"Cowichan",79,2024,5,3.05398988723755
"Kootenay Lake",8,2024,5,3.33584594726562
"Fort Nelson",81,2024,5,49.659366607666
"Coast Mountains",82,2024,5,3.2291841506958
"Okanagan-Shuswap",83,2024,5,4.5562162399292
"Vancouver Island West",84,2024,5,2.68387007713318
"Vancouver Island North",85,2024,5,2.78266835212708
"Stikine",87,2024,5,4.23112010955811
"Nechako Lakes",91,2024,5,5.47419881820679
"Nisgaa",92,2024,5,2.68493056297302
"Central Coast",49,2024,5,3.06385636329651
"Okanagan-Skaha",67,2024,5,3.85392141342163
"Okanagan-Similkameen",53,2024,5,3.74707627296448
"Arrow Lakes",10,2024,6,3.84815907478333
"Revelstoke",19,2024,6,3.78249979019165
"Kootenay-Columbia",20,2024,6,4.16409301757812
"Vernon",22,2024,6,3.87283563613892
"Central Okanagan",23,2024,6,3.48945617675781
"Cariboo-Chilcotin",27,2024,6,3.63053107261658
"Quesnel",28,2024,6,4.66867589950562
"Chilliwack",33,2024,6,3.50646567344666
"Abbotsford",34,2024,6,4.98877859115601
"Langley",35,2024,6,4.94930934906006
"Surrey",36,2024,6,4.75396013259888
"Delta",37,2024,6,4.84216737747192
"Richmond",38,2024,6,5.16734647750854
"Vancouver",39,2024,6,4.9334077835083
"New Westminster",40,2024,6,5.21892595291138
"Burnaby",41,2024,6,4.96444988250732
"Maple-Ridge Pitt-Meadows",42,2024,6,4.44174575805664
"Coquitlam",43,2024,6,4.62362718582153
"North Vancouver",44,2024,6,4.26869964599609
"West Vancouver",45,2024,6,3.74718260765076
"Sunshine Coast",46,2024,6,3.51709818840027
"Powell RIver",47,2024,6,3.4841091632843
"Sea to Sky",48,2024,6,3.49372696876526
"South East Kootenay",5,2024,6,3.25788164138794
"Haida Gwaii",50,2024,6,2.77573776245117
"Boundary",51,2024,6,3.77173137664795
"Prince Rupert",52,2024,6,2.55023813247681
"Bulkley Valley",54,2024,6,3.56068468093872
"Prince George",57,2024,6,5.72938442230225
"Nicola-Similkameen",58,2024,6,2.66331601142883
"Peace River South",59,2024,6,8.34856033325195
"Rocky Mountain",6,2024,6,3.39693737030029
"Peace River North",60,2024,6,12.7502470016479
"Victoria",61,2024,6,3.71427011489868
"Sooke",62,2024,6,2.75113654136658
"Saanich",63,2024,6,3.33950257301331
"Gulf Islands",64,2024,6,3.89157366752625
"Nanaimo-Ladysmith",68,2024,6,2.87293744087219
"Qualicum",69,2024,6,3.0914626121521
"Pacific Rim",70,2024,6,2.27963590621948
"Comox Valley",71,2024,6,2.66288137435913
"Campbell River",72,2024,6,2.96593832969666
"Kamloops-Thompson",73,2024,6,3.80820798873901
"Gold Trail",74,2024,6,3.45035934448242
"Mission",75,2024,6,4.35552358627319
"Fraser-Cascade",78,2024,6,3.24508047103882
"Cowichan",79,2024,6,2.20103192329407
"Kootenay Lake",8,2024,6,3.61815905570984
"Fort Nelson",81,2024,6,29.6471748352051
"Coast Mountains",82,2024,6,3.07357454299927
"Okanagan-Shuswap",83,2024,6,4.11486148834229
"Vancouver Island West",84,2024,6,2.2865583896637
"Vancouver Island North",85,2024,6,2.46932792663574
"Stikine",87,2024,6,5.17493486404419
"Nechako Lakes",91,2024,6,4.74192523956299
"Nisgaa",92,2024,6,3.09338092803955
"Central Coast",49,2024,6,2.67520403862
"Okanagan-Skaha",67,2024,6,3.39873051643372
"Okanagan-Similkameen",53,2024,6,3.28463315963745
"Arrow Lakes",10,2024,7,19.4456939697266
"Revelstoke",19,2024,7,17.6087265014648
"Kootenay-Columbia",20,2024,7,13.3667316436768
"Vernon",22,2024,7,12.2185125350952
"Central Okanagan",23,2024,7,8.55224227905273
"Cariboo-Chilcotin",27,2024,7,9.78868675231934
"Quesnel",28,2024,7,13.1879367828369
"Chilliwack",33,2024,7,6.23158550262451
"Abbotsford",34,2024,7,6.38503456115723
"Langley",35,2024,7,5.99572229385376
"Surrey",36,2024,7,6.40778398513794
"Delta",37,2024,7,6.8362283706665
"Richmond",38,2024,7,7.17165470123291
"Vancouver",39,2024,7,6.87237739562988
"New Westminster",40,2024,7,6.72655773162842
"Burnaby",41,2024,7,6.66129684448242
"Maple-Ridge Pitt-Meadows",42,2024,7,6.33378124237061
"Coquitlam",43,2024,7,6.57649517059326
"North Vancouver",44,2024,7,6.11899137496948
"West Vancouver",45,2024,7,6.10034561157227
"Sunshine Coast",46,2024,7,5.28935480117798
"Powell RIver",47,2024,7,5.02597904205322
"Sea to Sky",48,2024,7,4.95408058166504
"South East Kootenay",5,2024,7,13.8103837966919
"Haida Gwaii",50,2024,7,1.61583459377289
"Boundary",51,2024,7,10.0577735900879
"Prince Rupert",52,2024,7,1.96772432327271
"Bulkley Valley",54,2024,7,4.33877897262573
"Prince George",57,2024,7,13.6149349212646
"Nicola-Similkameen",58,2024,7,9.39383697509766
"Peace River South",59,2024,7,7.76714897155762
"Rocky Mountain",6,2024,7,21.1883392333984
"Peace River North",60,2024,7,20.5242156982422
"Victoria",61,2024,7,5.60167455673218
"Sooke",62,2024,7,3.60990715026855
"Saanich",63,2024,7,5.15075492858887
"Gulf Islands",64,2024,7,6.06709480285645
"Nanaimo-Ladysmith",68,2024,7,4.86960935592651
"Qualicum",69,2024,7,4.83581733703613
"Pacific Rim",70,2024,7,3.62829804420471
"Comox Valley",71,2024,7,4.53837919235229
"Campbell River",72,2024,7,4.56498193740845
"Kamloops-Thompson",73,2024,7,22.9407329559326
"Gold Trail",74,2024,7,11.0185976028442
"Mission",75,2024,7,6.03128862380981
"Fraser-Cascade",78,2024,7,6.83544731140137
"Cowichan",79,2024,7,3.60320973396301
"Kootenay Lake",8,2024,7,19.3259391784668
"Fort Nelson",81,2024,7,116.381034851074
"Coast Mountains",82,2024,7,3.16780281066895
"Okanagan-Shuswap",83,2024,7,15.1310615539551
"Vancouver Island West",84,2024,7,3.01872396469116
"Vancouver Island North",85,2024,7,3.34433484077454
"Stikine",87,2024,7,11.6259412765503
"Nechako Lakes",91,2024,7,6.78345489501953
"Nisgaa",92,2024,7,2.73748564720154
"Central Coast",49,2024,7,3.14895129203796
"Okanagan-Skaha",67,2024,7,8.00151538848877
"Okanagan-Similkameen",53,2024,7,9.54185962677002
"Arrow Lakes",10,2024,8,15.0230207443237
"Revelstoke",19,2024,8,13.6737747192383
"Kootenay-Columbia",20,2024,8,14.8062162399292
"Vernon",22,2024,8,14.562084197998
"Central Okanagan",23,2024,8,12.9938640594482
"Cariboo-Chilcotin",27,2024,8,10.8616180419922
"Quesnel",28,2024,8,16.9508113861084
"Chilliwack",33,2024,8,9.64949989318848
"Abbotsford",34,2024,8,8.5296802520752
"Langley",35,2024,8,8.35371875762939
"Surrey",36,2024,8,7.71872663497925
"Delta",37,2024,8,8.21237754821777
"Richmond",38,2024,8,8.05735206604004
"Vancouver",39,2024,8,7.90272617340088
"New Westminster",40,2024,8,7.32577705383301
"Burnaby",41,2024,8,7.40230321884155
"Maple-Ridge Pitt-Meadows",42,2024,8,8.39834880828857
"Coquitlam",43,2024,8,8.597975730896
"North Vancouver",44,2024,8,8.66484642028809
"West Vancouver",45,2024,8,7.95102500915527
"Sunshine Coast",46,2024,8,6.73216342926025
"Powell RIver",47,2024,8,6.33670616149902
"Sea to Sky",48,2024,8,7.45710039138794
"South East Kootenay",5,2024,8,11.6240406036377
"Haida Gwaii",50,2024,8,3.83944416046143
"Boundary",51,2024,8,13.2801055908203
"Prince Rupert",52,2024,8,5.91180562973022
"Bulkley Valley",54,2024,8,13.0005025863647
"Prince George",57,2024,8,16.8761253356934
"Nicola-Similkameen",58,2024,8,12.0063505172729
"Peace River South",59,2024,8,21.7772197723389
"Rocky Mountain",6,2024,8,13.4280843734741
"Peace River North",60,2024,8,19.6966495513916
"Victoria",61,2024,8,6.82975482940674
"Sooke",62,2024,8,5.3834400177002
"Saanich",63,2024,8,6.59496068954468
"Gulf Islands",64,2024,8,6.9759349822998
"Nanaimo-Ladysmith",68,2024,8,5.97291469573975
"Qualicum",69,2024,8,6.2884407043457
"Pacific Rim",70,2024,8,5.300133228302
"Comox Valley",71,2024,8,5.81945466995239
"Campbell River",72,2024,8,6.07619047164917
"Kamloops-Thompson",73,2024,8,12.7541751861572
"Gold Trail",74,2024,8,11.2936229705811
"Mission",75,2024,8,8.51670551300049
"Fraser-Cascade",78,2024,8,9.36557388305664
"Cowichan",79,2024,8,5.01335191726685
"Kootenay Lake",8,2024,8,14.7323846817017
"Fort Nelson",81,2024,8,35.4790344238281
"Coast Mountains",82,2024,8,11.3868894577026
"Okanagan-Shuswap",83,2024,8,17.1010837554932
"Vancouver Island West",84,2024,8,5.65466976165771
"Vancouver Island North",85,2024,8,5.89892101287842
"Stikine",87,2024,8,8.9243688583374
"Nechako Lakes",91,2024,8,19.4094772338867
"Nisgaa",92,2024,8,10.1488790512085
"Central Coast",49,2024,8,8.77170848846436
"Okanagan-Skaha",67,2024,8,12.4662342071533
"Okanagan-Similkameen",53,2024,8,14.6516952514648
"Arrow Lakes",10,2024,9,5.18373203277588
"Revelstoke",19,2024,9,5.01064968109131
"Kootenay-Columbia",20,2024,9,5.39164876937866
"Vernon",22,2024,9,5.69898509979248
"Central Okanagan",23,2024,9,6.32749319076538
"Cariboo-Chilcotin",27,2024,9,5.19828987121582
"Quesnel",28,2024,9,7.60021781921387
"Chilliwack",33,2024,9,7.73112678527832
"Abbotsford",34,2024,9,7.67230463027954
"Langley",35,2024,9,6.17985248565674
"Surrey",36,2024,9,7.04356479644775
"Delta",37,2024,9,8.76347732543945
"Richmond",38,2024,9,8.79797458648682
"Vancouver",39,2024,9,8.40217590332031
"New Westminster",40,2024,9,7.12211751937866
"Burnaby",41,2024,9,6.99417114257812
"Maple-Ridge Pitt-Meadows",42,2024,9,7.83773422241211
"Coquitlam",43,2024,9,7.43534660339355
"North Vancouver",44,2024,9,6.79755115509033
"West Vancouver",45,2024,9,7.7648983001709
"Sunshine Coast",46,2024,9,5.62815093994141
"Powell RIver",47,2024,9,4.627366065979
"Sea to Sky",48,2024,9,5.82524251937866
"South East Kootenay",5,2024,9,4.18604183197021
"Haida Gwaii",50,2024,9,2.98602771759033
"Boundary",51,2024,9,5.1036491394043
"Prince Rupert",52,2024,9,3.55198955535889
"Bulkley Valley",54,2024,9,4.42430925369263
"Prince George",57,2024,9,6.69838809967041
"Nicola-Similkameen",58,2024,9,5.89812803268433
"Peace River South",59,2024,9,5.40590953826904
"Rocky Mountain",6,2024,9,4.59640264511108
"Peace River North",60,2024,9,4.57871913909912
"Victoria",61,2024,9,7.32740688323975
"Sooke",62,2024,9,5.39686679840088
"Saanich",63,2024,9,6.35366725921631
"Gulf Islands",64,2024,9,6.85587930679321
"Nanaimo-Ladysmith",68,2024,9,5.15537929534912
"Qualicum",69,2024,9,5.2665057182312
"Pacific Rim",70,2024,9,4.06685543060303
"Comox Valley",71,2024,9,4.19254779815674
"Campbell River",72,2024,9,3.75891709327698
"Kamloops-Thompson",73,2024,9,5.64240407943726
"Gold Trail",74,2024,9,5.77609348297119
"Mission",75,2024,9,7.6240234375
"Fraser-Cascade",78,2024,9,7.14418745040894
"Cowichan",79,2024,9,4.1573166847229
"Kootenay Lake",8,2024,9,5.00336599349976
"Fort Nelson",81,2024,9,8.41255378723145
"Coast Mountains",82,2024,9,3.77017903327942
"Okanagan-Shuswap",83,2024,9,5.91429758071899
"Vancouver Island West",84,2024,9,3.13373851776123
"Vancouver Island North",85,2024,9,3.41207337379456
"Stikine",87,2024,9,3.96116065979004
"Nechako Lakes",91,2024,9,9.75043773651123
"Nisgaa",92,2024,9,3.63347125053406
"Central Coast",49,2024,9,4.86679935455322
"Okanagan-Skaha",67,2024,9,5.86935567855835
"Okanagan-Similkameen",53,2024,9,5.38054847717285
"Arrow Lakes",10,2024,10,5.37759065628052
"Revelstoke",19,2024,10,5.26506280899048
"Kootenay-Columbia",20,2024,10,4.90440702438354
"Vernon",22,2024,10,5.28588438034058
"Central Okanagan",23,2024,10,5.70236349105835
"Cariboo-Chilcotin",27,2024,10,4.30370473861694
"Quesnel",28,2024,10,4.52309370040894
"Chilliwack",33,2024,10,4.90388917922974
"Abbotsford",34,2024,10,5.31345987319946
"Langley",35,2024,10,5.45216512680054
"Surrey",36,2024,10,4.88659048080444
"Delta",37,2024,10,4.5950779914856
"Richmond",38,2024,10,4.78185892105103
"Vancouver",39,2024,10,5.02530765533447
"New Westminster",40,2024,10,5.51439952850342
"Burnaby",41,2024,10,5.51775074005127
"Maple-Ridge Pitt-Meadows",42,2024,10,4.80000448226929
"Coquitlam",43,2024,10,5.20466423034668
"North Vancouver",44,2024,10,5.05637216567993
"West Vancouver",45,2024,10,4.67852354049683
"Sunshine Coast",46,2024,10,4.27817440032959
"Powell RIver",47,2024,10,3.79317665100098
"Sea to Sky",48,2024,10,4.26870822906494
"South East Kootenay",5,2024,10,5.26896667480469
"Haida Gwaii",50,2024,10,3.44683265686035
"Boundary",51,2024,10,4.50047492980957
"Prince Rupert",52,2024,10,3.19334053993225
"Bulkley Valley",54,2024,10,4.24556350708008
"Prince George",57,2024,10,4.84518480300903
"Nicola-Similkameen",58,2024,10,5.42118501663208
"Peace River South",59,2024,10,4.58366584777832
"Rocky Mountain",6,2024,10,5.089524269104
"Peace River North",60,2024,10,4.76062774658203
"Victoria",61,2024,10,4.93136930465698
"Sooke",62,2024,10,4.12693881988525
"Saanich",63,2024,10,5.27305269241333
"Gulf Islands",64,2024,10,5.08742141723633
"Nanaimo-Ladysmith",68,2024,10,4.35634803771973
"Qualicum",69,2024,10,4.06976222991943
"Pacific Rim",70,2024,10,3.54449725151062
"Comox Valley",71,2024,10,3.49518203735352
"Campbell River",72,2024,10,3.67106533050537
"Kamloops-Thompson",73,2024,10,5.08300495147705
"Gold Trail",74,2024,10,4.89515781402588
"Mission",75,2024,10,4.90438461303711
"Fraser-Cascade",78,2024,10,4.85032176971436
"Cowichan",79,2024,10,4.04732418060303
"Kootenay Lake",8,2024,10,5.12103748321533
"Fort Nelson",81,2024,10,4.38022422790527
"Coast Mountains",82,2024,10,3.31644415855408
"Okanagan-Shuswap",83,2024,10,5.313645362854
"Vancouver Island West",84,2024,10,3.17603087425232
"Vancouver Island North",85,2024,10,3.42350482940674
"Stikine",87,2024,10,3.24485778808594
"Nechako Lakes",91,2024,10,4.65766429901123
"Nisgaa",92,2024,10,2.77943658828735
"Central Coast",49,2024,10,3.39383864402771
"Okanagan-Skaha",67,2024,10,5.10844707489014
"Okanagan-Similkameen",53,2024,10,4.59270095825195
"Arrow Lakes",10,2024,11,6.3838529586792
"Revelstoke",19,2024,11,5.17463827133179
"Kootenay-Columbia",20,2024,11,7.22566413879395
"Vernon",22,2024,11,6.49037504196167
"Central Okanagan",23,2024,11,7.62960386276245
"Cariboo-Chilcotin",27,2024,11,4.79406976699829
"Quesnel",28,2024,11,5.20320892333984
"Chilliwack",33,2024,11,4.8762788772583
"Abbotsford",34,2024,11,5.05688428878784
"Langley",35,2024,11,4.81703948974609
"Surrey",36,2024,11,4.54786348342896
"Delta",37,2024,11,4.15463733673096
"Richmond",38,2024,11,4.1790919303894
"Vancouver",39,2024,11,4.23284530639648
"New Westminster",40,2024,11,4.56096410751343
"Burnaby",41,2024,11,4.65099716186523
"Maple-Ridge Pitt-Meadows",42,2024,11,4.95463895797729
"Coquitlam",43,2024,11,4.9804859161377
"North Vancouver",44,2024,11,4.69922494888306
"West Vancouver",45,2024,11,3.95784878730774
"Sunshine Coast",46,2024,11,4.07761430740356
"Powell RIver",47,2024,11,3.68910431861877
"Sea to Sky",48,2024,11,5.28903102874756
"South East Kootenay",5,2024,11,6.20054244995117
"Haida Gwaii",50,2024,11,1.82968723773956
"Boundary",51,2024,11,7.23479270935059
"Prince Rupert",52,2024,11,2.43666291236877
"Bulkley Valley",54,2024,11,5.53511714935303
"Prince George",57,2024,11,5.60713815689087
"Nicola-Similkameen",58,2024,11,6.34983730316162
"Peace River South",59,2024,11,5.62572145462036
"Rocky Mountain",6,2024,11,5.25391626358032
"Peace River North",60,2024,11,4.68025779724121
"Victoria",61,2024,11,4.8338098526001
"Sooke",62,2024,11,4.04071235656738
"Saanich",63,2024,11,4.7248158454895
"Gulf Islands",64,2024,11,4.50409650802612
"Nanaimo-Ladysmith",68,2024,11,4.21890306472778
"Qualicum",69,2024,11,3.81586980819702
"Pacific Rim",70,2024,11,3.41274571418762
"Comox Valley",71,2024,11,3.52847528457642
"Campbell River",72,2024,11,3.59274387359619
"Kamloops-Thompson",73,2024,11,5.69451808929443
"Gold Trail",74,2024,11,5.72250938415527
"Mission",75,2024,11,4.89844036102295
"Fraser-Cascade",78,2024,11,5.78963947296143
"Cowichan",79,2024,11,3.97613477706909
"Kootenay Lake",8,2024,11,6.38212585449219
"Fort Nelson",81,2024,11,4.26402473449707
"Coast Mountains",82,2024,11,4.04932594299316
"Okanagan-Shuswap",83,2024,11,6.30183029174805
"Vancouver Island West",84,2024,11,3.010586977005
"Vancouver Island North",85,2024,11,3.17991662025452
"Stikine",87,2024,11,3.78805112838745
"Nechako Lakes",91,2024,11,5.57732200622559
"Nisgaa",92,2024,11,4.26291799545288
"Central Coast",49,2024,11,3.24218559265137
"Okanagan-Skaha",67,2024,11,7.46737384796143
"Okanagan-Similkameen",53,2024,11,6.7062520980835
"Arrow Lakes",10,2024,12,5.24001550674438
"Revelstoke",19,2024,12,4.25177669525146
"Kootenay-Columbia",20,2024,12,6.27988433837891
"Vernon",22,2024,12,5.54498910903931
"Central Okanagan",23,2024,12,6.52787399291992
"Cariboo-Chilcotin",27,2024,12,4.71832799911499
"Quesnel",28,2024,12,5.31953716278076
"Chilliwack",33,2024,12,3.36363482475281
"Abbotsford",34,2024,12,3.5808641910553
"Langley",35,2024,12,3.72196888923645
"Surrey",36,2024,12,4.24517583847046
"Delta",37,2024,12,4.25707101821899
"Richmond",38,2024,12,4.30326175689697
"Vancouver",39,2024,12,4.36476230621338
"New Westminster",40,2024,12,4.88823986053467
"Burnaby",41,2024,12,4.50735235214233
"Maple-Ridge Pitt-Meadows",42,2024,12,3.48684620857239
"Coquitlam",43,2024,12,3.76981234550476
"North Vancouver",44,2024,12,3.60721945762634
"West Vancouver",45,2024,12,3.70876169204712
"Sunshine Coast",46,2024,12,3.58211827278137
"Powell RIver",47,2024,12,3.40171408653259
"Sea to Sky",48,2024,12,3.9902560710907
"South East Kootenay",5,2024,12,5.93749809265137
"Haida Gwaii",50,2024,12,5.03856325149536
"Boundary",51,2024,12,6.08418750762939
"Prince Rupert",52,2024,12,4.16568994522095
"Bulkley Valley",54,2024,12,5.51994895935059
"Prince George",57,2024,12,5.11724376678467
"Nicola-Similkameen",58,2024,12,5.32422733306885
"Peace River South",59,2024,12,5.30431318283081
"Rocky Mountain",6,2024,12,3.92883944511414
"Peace River North",60,2024,12,4.82739591598511
"Victoria",61,2024,12,4.84965753555298
"Sooke",62,2024,12,4.39687442779541
"Saanich",63,2024,12,4.87839603424072
"Gulf Islands",64,2024,12,4.80175638198853
"Nanaimo-Ladysmith",68,2024,12,4.84404182434082
"Qualicum",69,2024,12,4.29566764831543
"Pacific Rim",70,2024,12,4.23843145370483
"Comox Valley",71,2024,12,4.07518625259399
"Campbell River",72,2024,12,3.56252717971802
"Kamloops-Thompson",73,2024,12,5.25678396224976
"Gold Trail",74,2024,12,5.1648120880127
"Mission",75,2024,12,3.41236996650696
"Fraser-Cascade",78,2024,12,4.26569509506226
"Cowichan",79,2024,12,4.70761442184448
"Kootenay Lake",8,2024,12,5.4779896736145
"Fort Nelson",81,2024,12,4.89243841171265
"Coast Mountains",82,2024,12,3.950434923172
"Okanagan-Shuswap",83,2024,12,5.57637500762939
"Vancouver Island West",84,2024,12,4.09524583816528
"Vancouver Island North",85,2024,12,3.77588653564453
"Stikine",87,2024,12,3.5025942325592
"Nechako Lakes",91,2024,12,5.5326132774353
"Nisgaa",92,2024,12,3.58426332473755
"Central Coast",49,2024,12,3.96153211593628
"Okanagan-Skaha",67,2024,12,6.16624116897583
"Okanagan-Similkameen",53,2024,12,5.66168165206909
